-- MariaDB dump 10.19-11.2.2-MariaDB, for Linux (x86_64)
--
-- Host: localhost    Database: cpclibrary
-- ------------------------------------------------------
-- Server version	11.2.2-MariaDB

/*!40101 SET @OLD_CHARACTER_SET_CLIENT=@@CHARACTER_SET_CLIENT */;
/*!40101 SET @OLD_CHARACTER_SET_RESULTS=@@CHARACTER_SET_RESULTS */;
/*!40101 SET @OLD_COLLATION_CONNECTION=@@COLLATION_CONNECTION */;
/*!40101 SET NAMES utf8mb4 */;
/*!40103 SET @OLD_TIME_ZONE=@@TIME_ZONE */;
/*!40103 SET TIME_ZONE='+00:00' */;
/*!40014 SET @OLD_UNIQUE_CHECKS=@@UNIQUE_CHECKS, UNIQUE_CHECKS=0 */;
/*!40014 SET @OLD_FOREIGN_KEY_CHECKS=@@FOREIGN_KEY_CHECKS, FOREIGN_KEY_CHECKS=0 */;
/*!40101 SET @OLD_SQL_MODE=@@SQL_MODE, SQL_MODE='NO_AUTO_VALUE_ON_ZERO' */;
/*!40111 SET @OLD_SQL_NOTES=@@SQL_NOTES, SQL_NOTES=0 */;

--
-- Table structure for table `accession_no`
--

DROP TABLE IF EXISTS `accession_no`;
/*!40101 SET @saved_cs_client     = @@character_set_client */;
/*!40101 SET character_set_client = utf8 */;
CREATE TABLE `accession_no` (
  `accession_id` int(11) NOT NULL AUTO_INCREMENT,
  `book_id` int(11) DEFAULT NULL,
  `accession_no` int(11) DEFAULT NULL,
  PRIMARY KEY (`accession_id`),
  UNIQUE KEY `accession_no` (`accession_no`)
) ENGINE=InnoDB AUTO_INCREMENT=16656 DEFAULT CHARSET=utf8mb4 COLLATE=utf8mb4_unicode_ci;
/*!40101 SET character_set_client = @saved_cs_client */;

--
-- Dumping data for table `accession_no`
--

LOCK TABLES `accession_no` WRITE;
/*!40000 ALTER TABLE `accession_no` DISABLE KEYS */;
INSERT INTO `accession_no` VALUES
(15586,4927,1981),
(15587,4927,1982),
(15588,4927,1983),
(15589,4928,1984),
(15590,4928,1985),
(15591,4928,1986),
(15592,4929,1987),
(15593,4929,1988),
(15594,4929,1989),
(15595,4930,1990),
(15596,4930,1991),
(15597,4930,1992),
(15598,4931,1993),
(15599,4931,1994),
(15600,4932,1995),
(15601,4932,1996),
(15602,4932,1997),
(15603,4933,1998),
(15604,4933,1999),
(15605,4933,2000),
(15606,4934,2001),
(15607,4934,2002),
(15608,4934,2003),
(15609,4935,2004),
(15610,4935,2005),
(15611,4935,2006),
(15612,4936,2007),
(15613,4937,2008),
(15614,4937,2009),
(15615,4938,2010),
(15616,4938,2011),
(15617,4938,2012),
(15618,4939,2013),
(15619,4939,2014),
(15620,4937,2015),
(15621,4940,2016),
(15622,4940,2017),
(15623,4940,2018),
(15624,4940,2019),
(15625,4940,2020),
(15626,4941,2021),
(15627,4941,2022),
(15628,4941,2023),
(15629,4941,2024),
(15630,4941,2025),
(15631,4942,2026),
(15632,4942,2027),
(15633,4942,2028),
(15634,4942,2029),
(15635,4942,2030),
(15636,4943,2031),
(15637,4943,2032),
(15638,4943,2033),
(15639,4943,2034),
(15640,4943,2035),
(15641,4944,2036),
(15642,4944,2037),
(15643,4944,2038),
(15644,4944,2039),
(15645,4944,2040),
(15646,4945,2041),
(15647,4945,2042),
(15648,4945,2043),
(15649,4945,2044),
(15650,4945,2045),
(15651,4945,2046),
(15652,4945,2047),
(15653,4945,2048),
(15654,4946,2049),
(15655,4946,2050),
(15656,4947,2051),
(15657,4947,2052),
(15658,4947,2053),
(15659,4948,2054),
(15660,4948,2055),
(15661,4948,2056),
(15662,4949,2057),
(15663,4949,2058),
(15664,4949,2059),
(15665,4949,2060),
(15666,4949,2061),
(15667,4950,2062),
(15668,4950,2063),
(15669,4950,2064),
(15670,4951,2065),
(15671,4951,2066),
(15672,4951,2067),
(15673,4951,2068),
(15674,4951,2069),
(15675,4952,2070),
(15676,4952,2071),
(15677,4952,2072),
(15678,4952,2073),
(15679,4952,2074),
(15680,4953,2075),
(15681,4953,2076),
(15682,4953,2077),
(15683,4953,2078),
(15684,4953,2079),
(15685,4953,2080),
(15686,4953,2081),
(15687,4953,2082),
(15688,4953,2083),
(15689,4953,2084),
(15690,4952,2085),
(15691,4952,2086),
(15692,4952,2087),
(15693,4952,2088),
(15694,4952,2089),
(15695,4954,2090),
(15696,4954,2091),
(15697,4954,2092),
(15698,4954,2093),
(15699,4954,2094),
(15700,4955,2095),
(15701,4955,2096),
(15702,4955,2097),
(15703,4955,2098),
(15704,4955,2099),
(15705,4955,2100),
(15706,4955,2101),
(15707,4956,2102),
(15708,4956,2103),
(15709,4956,2104),
(15710,4956,2105),
(15711,4957,2106),
(15712,4957,2107),
(15713,4958,2108),
(15714,4958,2109),
(15715,4958,2110),
(15716,4958,2111),
(15717,4959,2112),
(15718,4959,2113),
(15719,4959,2114),
(15720,4959,2115),
(15721,4959,2116),
(15722,4959,2117),
(15723,4959,2118),
(15724,4959,2119),
(15725,4959,2120),
(15726,4960,2121),
(15727,4960,2122),
(15728,4960,2123),
(15729,4960,2124),
(15730,4960,2125),
(15731,4960,2126),
(15732,4960,2127),
(15733,4960,2128),
(15734,4960,2129),
(15735,4960,2130),
(15736,4961,2131),
(15737,4961,2132),
(15738,4961,2133),
(15739,4961,2134),
(15740,4962,2135),
(15741,4962,2136),
(15742,4962,2137),
(15743,4962,2138),
(15744,4962,2139),
(15745,4962,2140),
(15746,4962,2141),
(15747,4962,2142),
(15748,4963,2143),
(15749,4963,2144),
(15750,4963,2145),
(15751,4941,2146),
(15752,4941,2147),
(15753,4941,2148),
(15754,4964,2149),
(15755,4964,2150),
(15756,4965,2151),
(15757,4965,2152),
(15758,4965,2153),
(15759,4965,2154),
(15760,4965,2155),
(15761,4965,2156),
(15762,4965,2157),
(15763,4966,2158),
(15764,4966,2159),
(15765,4966,2160),
(15766,4967,2161),
(15767,4967,2162),
(15768,4967,2163),
(15769,4967,2164),
(15770,4967,2165),
(15771,4968,2166),
(15772,4968,2167),
(15773,4968,2168),
(15774,4968,2169),
(15775,4968,2170),
(15776,4968,2171),
(15777,4968,2172),
(15778,4968,2173),
(15779,4969,2174),
(15780,4969,2175),
(15781,4969,2176),
(15782,4969,2177),
(15783,4969,2178),
(15784,4969,2179),
(15785,4969,2180),
(15786,4969,2181),
(15787,4961,2182),
(15788,4961,2183),
(15789,4961,2184),
(15790,4941,2185),
(15791,4941,2186),
(15792,4941,2187),
(15793,4970,2188),
(15794,4970,2189),
(15795,4970,2190),
(15796,4971,2191),
(15797,4971,2192),
(15798,4971,2193),
(15799,4972,2194),
(15800,4972,2195),
(15801,4973,2196),
(15802,4973,2197),
(15803,4974,2198),
(15804,4974,2199),
(15805,4974,2200),
(15806,4975,2201),
(15807,4975,2202),
(15808,4976,2203),
(15809,4976,2204),
(15810,4976,2205),
(15811,4976,2206),
(15812,4976,2207),
(15813,4977,2208),
(15814,4977,2209),
(15815,4977,2210),
(15816,4978,2211),
(15817,4978,2212),
(15818,4978,2213),
(15819,4978,2214),
(15820,4978,2215),
(15821,4979,2216),
(15822,4979,2217),
(15823,4979,2218),
(15824,4980,2219),
(15825,4980,2220),
(15826,4980,2221),
(15827,4981,2222),
(15828,4981,2223),
(15829,4981,2224),
(15830,4982,2225),
(15831,4982,2226),
(15832,4983,2227),
(15833,4983,2228),
(15834,4984,2229),
(15835,4984,2230),
(15836,4984,2231),
(15837,4985,2232),
(15838,4985,2233),
(15839,4985,2234),
(15840,4985,2235),
(15841,4985,2236),
(15842,4985,2237),
(15843,4986,2238),
(15844,4986,2239),
(15845,4986,2240),
(15846,4987,2241),
(15847,4987,2242),
(15848,4987,2243),
(15849,4988,2244),
(15850,4988,2245),
(15851,4937,2246),
(15852,4989,2247),
(15853,4989,2248),
(15854,4989,2249),
(15855,4990,2250),
(15856,4990,2251),
(15857,4944,2252),
(15858,4944,2253),
(15859,4944,2254),
(15860,4944,2255),
(15861,4991,2256),
(15862,4944,2257),
(15863,4944,2258),
(15864,4937,2259),
(15865,4992,2260),
(15866,4992,2261),
(15867,4992,2262),
(15868,4993,2263),
(15869,4993,2264),
(15870,4993,2265),
(15871,4993,2266),
(15872,4993,2267),
(15873,4994,2268),
(15874,4994,2269),
(15875,4995,2270),
(15876,4995,2271),
(15877,4996,2272),
(15878,4997,2273),
(15879,4997,2274),
(15880,4997,2275),
(15881,4998,2276),
(15882,4998,2277),
(15883,4998,2278),
(15884,4999,2279),
(15885,4999,2280),
(15886,4999,2281),
(15887,5000,2282),
(15888,5000,2283),
(15889,5000,2284),
(15890,5001,2285),
(15891,5001,2286),
(15892,5001,2287),
(15893,5002,2288),
(15894,5002,2289),
(15895,5002,2290),
(15896,5003,2291),
(15897,5003,2292),
(15898,5003,2293),
(15899,5004,2294),
(15900,5004,2295),
(15901,5005,2296),
(15902,5005,2297),
(15903,5006,2298),
(15904,5006,2299),
(15905,5006,2300),
(15906,5006,2301),
(15907,5006,2302),
(15908,5006,2303),
(15909,5006,2304),
(15910,5006,2305),
(15911,5006,2306),
(15912,5006,2307),
(15913,5007,2308),
(15914,5007,2309),
(15915,5007,2310),
(15916,5007,2311),
(15917,5008,2312),
(15918,5008,2313),
(15919,5008,2314),
(15920,5008,2315),
(15921,5008,2316),
(15922,5008,2317),
(15923,5008,2318),
(15924,5008,2319),
(15925,5009,2320),
(15926,5009,2321),
(15927,5009,2322),
(15928,5010,2323),
(15929,5010,2324),
(15930,5010,2325),
(15931,5010,2326),
(15932,5010,2327),
(15933,5010,2328),
(15934,5010,2329),
(15935,5010,2330),
(15936,5011,2331),
(15937,5011,2332),
(15938,5011,2333),
(15939,5012,2334),
(15940,5012,2335),
(15941,5012,2336),
(15942,5012,2337),
(15943,5012,2338),
(15944,5012,2339),
(15945,5012,2340),
(15946,5012,2341),
(15947,5012,2342),
(15948,5012,2343),
(15949,5013,2344),
(15950,5013,2345),
(15951,5013,2346),
(15952,5013,2347),
(15953,5013,2348),
(15954,5013,2349),
(15955,5013,2350),
(15956,5013,2351),
(15957,5013,2352),
(15958,5014,2353),
(15959,5014,2354),
(15960,5015,2355),
(15961,5015,2356),
(15962,5015,2357),
(15963,5015,2358),
(15964,5015,2359),
(15965,5016,2360),
(15966,5016,2361),
(15967,5016,2362),
(15968,5016,2363),
(15969,5016,2364),
(15970,5017,2365),
(15971,5017,2366),
(15972,5017,2367),
(15973,5017,2368),
(15974,5017,2369),
(15975,5017,2370),
(15976,5017,2371),
(15977,5017,2372),
(15978,5017,2373),
(15979,5017,2374),
(15980,5018,2375),
(15981,5018,2376),
(15982,5018,2377),
(15983,5018,2378),
(15984,5018,2379),
(15985,5018,2380),
(15986,5018,2381),
(15987,5018,2382),
(15988,5018,2383),
(15989,5018,2384),
(15990,5019,2385),
(15991,5019,2386),
(15992,5019,2387),
(15993,5019,2388),
(15994,5019,2389),
(15995,5019,2390),
(15996,5019,2391),
(15997,5019,2392),
(15998,5019,2393),
(15999,5019,2394),
(16000,5020,2395),
(16001,5020,2396),
(16002,5020,2397),
(16003,5020,2398),
(16004,5020,2399),
(16005,5020,2400),
(16006,5020,2401),
(16007,5020,2402),
(16008,5020,2403),
(16009,5020,2404),
(16010,5021,2405),
(16011,5022,2406),
(16012,5023,2407),
(16013,5024,2408),
(16014,5024,2409),
(16015,5025,2410),
(16016,5025,2411),
(16017,5026,2412),
(16018,5026,2413),
(16019,5027,2414),
(16020,5027,2415),
(16021,5028,2416),
(16022,5029,2417),
(16023,5029,2418),
(16024,5029,2419),
(16025,5030,2420),
(16026,5031,2421),
(16027,5032,2422),
(16028,5033,2423),
(16029,5034,2424),
(16030,5035,2425),
(16031,5036,2426),
(16032,5036,2427),
(16033,5036,2428),
(16034,5037,2429),
(16035,5038,2430),
(16036,5038,2431),
(16037,5038,2432),
(16038,5039,2433),
(16039,5039,2434),
(16040,5039,2435),
(16041,5040,2436),
(16042,5040,2437),
(16043,5041,2438),
(16044,5041,2439),
(16045,5042,2440),
(16046,5042,2441),
(16047,5042,2442),
(16048,5043,2443),
(16049,5043,2444),
(16050,5043,2445),
(16051,5044,2446),
(16052,5045,2447),
(16053,5046,2448),
(16054,5046,2449),
(16055,5046,2450),
(16056,5046,2451),
(16057,5047,2452),
(16058,5047,2453),
(16059,5047,2454),
(16060,5048,2455),
(16061,5048,2456),
(16062,5049,2457),
(16063,5050,2458),
(16064,5051,2459),
(16065,5052,2460),
(16066,5052,2461),
(16067,5052,2462),
(16068,5052,2463),
(16069,5052,2464),
(16070,5053,2465),
(16071,5053,2466),
(16072,5053,2467),
(16073,5054,2468),
(16074,5054,2469),
(16075,5054,2470),
(16076,5055,2471),
(16077,5055,2472),
(16078,5055,2473),
(16079,5055,2474),
(16080,5055,2475),
(16081,5056,2476),
(16082,5056,2477),
(16083,5056,2478),
(16084,5056,2479),
(16085,5056,2480),
(16086,5057,2481),
(16087,5057,2482),
(16088,5057,2483),
(16089,5057,2484),
(16090,5057,2485),
(16091,5058,2486),
(16092,5058,2487),
(16093,5058,2488),
(16094,5058,2489),
(16095,5058,2490),
(16096,5059,2491),
(16097,5059,2492),
(16098,5060,2493),
(16099,5060,2494),
(16100,5060,2495),
(16101,5060,2496),
(16102,5060,2497),
(16103,5061,2498),
(16104,5061,2499),
(16105,5061,2500),
(16106,5061,2501),
(16107,5061,2502),
(16108,5062,2503),
(16109,5062,2504),
(16110,5062,2505),
(16111,5062,2506),
(16112,5063,2507),
(16113,5063,2508),
(16114,5063,2509),
(16115,5063,2510),
(16116,5063,2511),
(16117,5063,2512),
(16118,5063,2513),
(16119,5063,2514),
(16120,5064,2515),
(16121,5064,2516),
(16122,5064,2517),
(16123,5065,2518),
(16124,5065,2519),
(16125,5065,2520),
(16126,5066,2521),
(16127,5066,2522),
(16128,5066,2523),
(16129,5066,2524),
(16130,5066,2525),
(16131,5067,2526),
(16132,5067,2527),
(16133,5067,2528),
(16134,5067,2529),
(16135,5067,2530),
(16136,5068,2531),
(16137,5068,2532),
(16138,5068,2533),
(16139,5068,2534),
(16140,5068,2535),
(16141,5069,2536),
(16142,5069,2537),
(16143,5069,2538),
(16144,5069,2539),
(16145,5070,2540),
(16146,5070,2541),
(16147,5070,2542),
(16148,5070,2543),
(16149,5070,2544),
(16150,5071,2545),
(16151,5071,2546),
(16152,5071,2547),
(16153,5071,2548),
(16154,5071,2549),
(16155,5072,2550),
(16156,5072,2551),
(16157,5072,2552),
(16158,5073,2553),
(16159,5074,2554),
(16160,5074,2555),
(16161,5074,2556),
(16162,5075,2557),
(16163,5075,2558),
(16164,5075,2559),
(16165,5076,2560),
(16166,5076,2561),
(16167,5076,2562),
(16168,5077,2563),
(16169,5077,2564),
(16170,5077,2565),
(16171,5077,2566),
(16172,5077,2567),
(16173,5077,2568),
(16174,5077,2569),
(16175,5077,2570),
(16176,5077,2571),
(16177,5077,2572),
(16178,5078,2573),
(16179,5078,2574),
(16180,5079,2575),
(16181,5079,2576),
(16182,5079,2577),
(16183,5080,2578),
(16184,5080,2579),
(16185,5080,2580),
(16186,5081,2581),
(16187,5081,2582),
(16188,5081,2583),
(16189,5082,2584),
(16190,5082,2585),
(16191,5082,2586),
(16192,5083,2587),
(16193,5083,2588),
(16194,5083,2589),
(16195,5083,2590),
(16196,5083,2591),
(16197,5084,2592),
(16198,5084,2593),
(16199,5084,2594),
(16200,5085,2595),
(16201,5085,2596),
(16202,5085,2597),
(16203,5086,2598),
(16204,5086,2599),
(16205,5086,2600),
(16206,5087,2601),
(16207,5087,2602),
(16208,5087,2603),
(16209,5088,2604),
(16210,5088,2605),
(16211,5088,2606),
(16212,5089,2607),
(16213,5089,2608),
(16214,5089,2609),
(16215,5090,2610),
(16216,5090,2611),
(16217,5090,2612),
(16218,5091,2613),
(16219,5091,2614),
(16220,5091,2615),
(16221,5091,2616),
(16222,5091,2617),
(16223,5092,2618),
(16224,5092,2619),
(16225,5092,2620),
(16226,5073,2621),
(16227,5073,2622),
(16228,5093,2623),
(16229,5093,2624),
(16230,5093,2625),
(16231,5094,2626),
(16232,5094,2627),
(16233,5094,2628),
(16234,5095,2629),
(16235,5095,2630),
(16236,5095,2631),
(16237,5096,2632),
(16238,5096,2633),
(16239,5097,2634),
(16240,5097,2635),
(16241,5097,2636),
(16242,5098,2637),
(16243,5098,2638),
(16244,5098,2639),
(16245,5099,2640),
(16246,5099,2641),
(16247,5099,2642),
(16248,5099,2643),
(16249,5099,2644),
(16250,5099,2645),
(16251,5099,2646),
(16252,5099,2647),
(16253,5099,2648),
(16254,5099,2649),
(16255,5099,2650),
(16256,5100,2651),
(16257,5101,2652),
(16258,5101,2653),
(16259,5101,2654),
(16260,5102,2655),
(16261,5102,2656),
(16262,5103,2657),
(16263,5103,2658),
(16264,5103,2659),
(16265,5104,2660),
(16266,5104,2661),
(16267,5105,2662),
(16268,5105,2663),
(16269,5105,2664),
(16270,5106,2665),
(16271,5106,2666),
(16272,5106,2667),
(16273,5107,2668),
(16274,5107,2669),
(16275,5107,2670),
(16276,5108,2671),
(16277,5108,2672),
(16278,5109,2673),
(16279,5109,2674),
(16280,5109,2675),
(16281,5110,2676),
(16282,5110,2677),
(16283,5110,2678),
(16284,5111,2679),
(16285,5111,2680),
(16286,5111,2681),
(16287,5112,2682),
(16288,5112,2683),
(16289,5112,2684),
(16290,5113,2685),
(16291,5113,2686),
(16292,5113,2687),
(16293,5114,2688),
(16294,5114,2689),
(16295,5114,2690),
(16296,5115,2691),
(16297,5115,2692),
(16298,5115,2693),
(16299,5116,2694),
(16300,5117,2695),
(16301,5117,2696),
(16302,5117,2697),
(16303,5035,2698),
(16304,5035,2699),
(16305,5035,2700),
(16306,5118,2701),
(16307,5118,2702),
(16308,5118,2703),
(16309,5119,2704),
(16310,5119,2705),
(16311,5119,2706),
(16312,5120,2707),
(16313,5120,2708),
(16314,5120,2709),
(16315,5121,2710),
(16316,5121,2711),
(16317,5121,2712),
(16318,5122,2713),
(16319,5123,2714),
(16320,5123,2715),
(16321,4996,2716),
(16322,5024,2717),
(16323,5124,2718),
(16324,5124,2719),
(16325,5124,2720),
(16326,5125,2721),
(16327,5126,2722),
(16328,5127,2723),
(16329,5127,2724),
(16330,5127,2725),
(16331,5128,2726),
(16332,5128,2727),
(16333,5128,2728),
(16334,5129,2729),
(16335,5129,2730),
(16336,5129,2731),
(16337,5114,2732),
(16338,5114,2733),
(16339,5114,2734),
(16340,5109,2735),
(16341,5109,2736),
(16342,5109,2737),
(16343,5116,2738),
(16344,5116,2739),
(16345,5116,2740),
(16346,5110,2741),
(16347,5110,2742),
(16348,5110,2743),
(16349,5130,2744),
(16350,5130,2745),
(16351,5130,2746),
(16352,5113,2747),
(16353,5113,2748),
(16354,5113,2749),
(16355,5131,2750),
(16356,5131,2751),
(16357,5131,2752),
(16358,5132,2753),
(16359,5132,2754),
(16360,5132,2755),
(16361,5133,2756),
(16362,5133,2757),
(16363,5133,2758),
(16364,5134,2759),
(16365,5134,2760),
(16366,5134,2761),
(16367,5101,2762),
(16368,5101,2763),
(16369,5101,2764),
(16370,5135,2765),
(16371,5135,2766),
(16372,5135,2767),
(16373,5136,2768),
(16374,5136,2769),
(16375,5136,2770),
(16376,5137,2771),
(16377,5137,2772),
(16378,5137,2773),
(16379,5138,2774),
(16380,5138,2775),
(16381,5138,2776),
(16382,5139,2777),
(16383,5139,2778),
(16384,5139,2779),
(16385,5140,2780),
(16386,5140,2781),
(16387,5140,2782),
(16388,5141,2783),
(16389,5141,2784),
(16390,5141,2785),
(16391,5142,2786),
(16392,5142,2787),
(16393,5142,2788),
(16394,5143,2789),
(16395,5144,2790),
(16396,5144,2791),
(16397,5144,2792),
(16398,5145,2793),
(16399,5145,2794),
(16400,5145,2795),
(16401,5146,2796),
(16402,5146,2797),
(16403,5146,2798),
(16404,5147,2799),
(16405,5147,2800),
(16406,5148,2801),
(16407,5148,2802),
(16408,5148,2803),
(16409,5149,2804),
(16410,5149,2805),
(16411,5149,2806),
(16412,5150,2807),
(16413,5150,2808),
(16414,5150,2809),
(16415,5151,2810),
(16416,5151,2811),
(16417,5151,2812),
(16418,5152,2813),
(16419,5152,2814),
(16420,5153,2815),
(16421,5154,2816),
(16422,5155,2817),
(16423,5156,2818),
(16424,5157,2819),
(16425,5158,2820),
(16426,5159,2821),
(16427,5160,2822),
(16428,5160,2823),
(16429,5161,2824),
(16430,5161,2825),
(16431,5162,2826),
(16432,5163,2827),
(16433,5160,2828),
(16434,5159,2829),
(16435,5159,2830),
(16436,5163,2831),
(16437,5163,2832),
(16438,5164,2833),
(16439,5065,2834),
(16440,5165,2835),
(16441,5165,2836),
(16442,5165,2837),
(16443,5165,2838),
(16444,5155,2839),
(16445,5155,2840),
(16446,5155,2841),
(16447,5166,2842),
(16448,5166,2843),
(16449,5166,2844),
(16450,5166,2845),
(16451,5166,2846),
(16452,5155,2847),
(16453,5167,2848),
(16454,5168,2849),
(16455,5169,2850),
(16456,5170,2851),
(16457,5171,2852),
(16458,5171,2853),
(16459,5172,2854),
(16460,5172,2855),
(16461,5172,2856),
(16462,5173,2857),
(16463,5173,2858),
(16464,5173,2859),
(16465,5174,2860),
(16466,5174,2861),
(16467,5174,2862),
(16468,5174,2863),
(16469,5174,2864),
(16470,5175,2865),
(16471,5175,2866),
(16472,5175,2867),
(16473,5176,2868),
(16474,5176,2869),
(16475,5176,2870),
(16476,5060,2871),
(16477,5060,2872),
(16478,5060,2873),
(16479,5060,2874),
(16480,5060,2875),
(16481,5126,2876),
(16482,5126,2877),
(16483,5126,2878),
(16484,5126,2879),
(16485,5177,2880),
(16486,5177,2881),
(16487,5177,2882),
(16488,5178,2883),
(16489,5178,2884),
(16490,5178,2885),
(16491,5178,2886),
(16492,5178,2887),
(16493,5179,2888),
(16494,5179,2889),
(16495,5179,2890),
(16496,5179,2891),
(16497,5179,2892),
(16498,5180,2893),
(16499,5180,2894),
(16500,5181,2895),
(16501,5181,2896),
(16502,5181,2897),
(16503,5181,2898),
(16504,5181,2899),
(16505,5182,2900),
(16506,5182,2901),
(16507,5182,2902),
(16508,5182,2903),
(16509,5182,2904),
(16510,4969,2905),
(16511,4969,2906),
(16512,4969,2907),
(16513,4969,2908),
(16514,4969,2909),
(16515,5183,2910),
(16516,5183,2911),
(16517,5183,2912),
(16518,5183,2913),
(16519,5128,2914),
(16520,5128,2915),
(16521,5128,2916),
(16522,5184,2917),
(16523,5184,2918),
(16524,5184,2919),
(16525,5185,2920),
(16526,5185,2921),
(16527,5185,2922),
(16528,5185,2923),
(16529,5185,2924),
(16530,5186,2925),
(16531,5186,2926),
(16532,5186,2927),
(16533,5187,2928),
(16534,5187,2929),
(16535,5187,2930),
(16536,5187,2931),
(16537,5187,2932),
(16538,4944,2933),
(16539,4944,2934),
(16540,4944,2935),
(16541,4944,2936),
(16542,4944,2937),
(16543,4961,2938),
(16544,4961,2939),
(16545,4961,2940),
(16546,4961,2941),
(16547,4961,2942),
(16548,5188,2943),
(16549,5188,2944),
(16550,5188,2945),
(16551,5188,2946),
(16552,5188,2947),
(16553,5189,2948),
(16554,5190,2949),
(16555,5191,2950),
(16556,5192,2951),
(16557,5193,2952),
(16558,5194,2953),
(16559,5195,2954),
(16560,5196,2955),
(16561,5197,2956),
(16562,5198,2957),
(16563,5199,2958),
(16564,4937,2959),
(16565,5200,2960),
(16566,5201,2961),
(16567,5201,2962),
(16568,5201,2963),
(16569,5201,2964),
(16570,5201,2965),
(16571,5202,2966),
(16572,5202,2967),
(16573,5202,2968),
(16574,5202,2969),
(16575,5202,2970),
(16576,5203,2971),
(16577,5203,2972),
(16578,5203,2973),
(16579,5203,2974),
(16580,5203,2975),
(16581,4930,2976),
(16582,4930,2977),
(16583,4930,2978),
(16584,4930,2979),
(16585,4930,2980),
(16586,5204,2981),
(16587,5204,2982),
(16588,5204,2983),
(16589,5204,2984),
(16590,5204,2985),
(16591,5205,2986),
(16592,5205,2987),
(16593,5205,2988),
(16594,5205,2989),
(16595,5205,2990),
(16596,5206,2991),
(16597,5206,2992),
(16598,5206,2993),
(16599,5206,2994),
(16600,5206,2995),
(16601,5207,2996),
(16602,5207,2997),
(16603,5207,2998),
(16604,5207,2999),
(16605,5207,3000),
(16606,5208,3001),
(16607,5208,3002),
(16608,5208,3003),
(16609,5208,3004),
(16610,5208,3005),
(16611,5209,3006),
(16612,5209,3007),
(16613,5209,3008),
(16614,5209,3009),
(16615,5209,3010),
(16616,5210,3011),
(16617,4937,3012),
(16618,4937,3013),
(16619,4937,3014),
(16620,4937,3015),
(16621,5211,3016),
(16622,5211,3017),
(16623,5211,3018),
(16624,5212,3019),
(16625,4937,3020),
(16626,4937,3021),
(16627,4937,3022),
(16628,4937,3023),
(16629,5213,3024),
(16630,5213,3025),
(16631,5213,3026),
(16632,5213,3027),
(16633,5213,3028),
(16634,5214,3029),
(16635,5214,3030),
(16636,5214,3031),
(16637,5215,3032),
(16638,5215,3033),
(16639,5215,3034),
(16640,5215,3035),
(16641,5215,3036),
(16642,5216,3037),
(16643,5216,3038),
(16644,5216,3039),
(16645,5216,3040),
(16646,5216,3041),
(16647,5217,3042),
(16648,5217,3043),
(16649,5217,3044),
(16650,5218,3045),
(16651,5218,3046),
(16652,5218,3047),
(16653,5219,3048),
(16654,5219,3049),
(16655,5219,3050);
/*!40000 ALTER TABLE `accession_no` ENABLE KEYS */;
UNLOCK TABLES;

--
-- Table structure for table `authors`
--

DROP TABLE IF EXISTS `authors`;
/*!40101 SET @saved_cs_client     = @@character_set_client */;
/*!40101 SET character_set_client = utf8 */;
CREATE TABLE `authors` (
  `author_id` int(11) NOT NULL AUTO_INCREMENT,
  `author_name` varchar(255) DEFAULT NULL,
  PRIMARY KEY (`author_id`)
) ENGINE=InnoDB AUTO_INCREMENT=1897 DEFAULT CHARSET=utf8mb4 COLLATE=utf8mb4_unicode_ci;
/*!40101 SET character_set_client = @saved_cs_client */;

--
-- Dumping data for table `authors`
--

LOCK TABLES `authors` WRITE;
/*!40000 ALTER TABLE `authors` DISABLE KEYS */;
INSERT INTO `authors` VALUES
(1604,'zaide, gregorio f.'),
(1605,'ramos, ian dane d.'),
(1606,'bargo, darwin d.'),
(1607,'zaide, gregorio f.'),
(1608,'ceciliano - jose cruz'),
(1609,'de leon, hector s.'),
(1610,'bauzon, prisciliano t.'),
(1611,'reyes, dinia delfina s.'),
(1612,'reyes, edgardo a.'),
(1613,'tulio, doris d.'),
(1614,'tulio, doris d.'),
(1615,'tulio, doris d.'),
(1616,'tulio, doris d.'),
(1617,'arellano, elvira l.'),
(1618,'corpuz, brenda b.'),
(1619,'de borja-marcelino,daisy'),
(1620,'corpuz, brenda b.'),
(1621,'vega, violeta a.'),
(1622,'marquez, servillano jr. t.'),
(1623,'gregorio, herman c.'),
(1624,'bago, adelaida l.'),
(1625,'kubiszyn, tom'),
(1626,'morano, lourdes n.'),
(1627,'alcantara, rebecca d.'),
(1628,'amid, diego m.'),
(1629,'lucido, paz i.'),
(1630,'corpuz, brenda b.'),
(1631,'rosita de guzman-santos'),
(1632,''),
(1633,'salandaan, gloria g.'),
(1634,'salandaan, gloria g.'),
(1635,'navarro, rosita l.'),
(1636,'salandaan, gloria g.'),
(1637,'villanueva, aida s.'),
(1638,'bilbao, purita p.'),
(1639,'corpuz, brenda b.'),
(1640,'agno, lydia n.'),
(1641,'agno, lydia n.'),
(1642,'salandaan, gloria g.'),
(1643,'salandaan, gloria g.'),
(1644,'dañocup, o beriones'),
(1645,'bilbao, purita p.'),
(1646,'lucas, maria rita d.'),
(1647,'baran, stanley j.'),
(1648,'theresa m. flormata-ballesteros'),
(1649,'sonia gasilla-dela cruz'),
(1650,'carolina talaver-gonzales'),
(1651,'salandaan, gloria g.'),
(1652,'corpuz, brenda b.'),
(1653,'posecion, ofelia t.'),
(1654,'agno, lydia n.'),
(1655,'go, mildred b.'),
(1656,'du, elvira f.'),
(1657,'pablo, eracem a.'),
(1658,'pablo, eracem a.'),
(1659,'balsicas, nilda w.'),
(1660,'jocson, magdalena o.'),
(1661,'pablo, eracem a.'),
(1662,'zulueta, francisco m.'),
(1663,'bago, adelaida l.'),
(1664,'acero, victoria o.'),
(1665,'bago, adelaida l.'),
(1666,'atty. duka, cecilio d.'),
(1667,'alcaraz, cid v.'),
(1668,'ditan, carolina desamero'),
(1669,'sambajon, marvin julian l. jr.'),
(1670,'navarro, rosita l.'),
(1671,'garcia, carlito d.'),
(1672,'catane, juliet a.'),
(1673,'wiggins, grant'),
(1674,'cunningham, william p.'),
(1675,'santos, natividad a.'),
(1676,'songco, evelyn a.'),
(1677,'salandaan, gloria g.'),
(1678,'san mateo, rosalinda a.'),
(1679,'reganit, arnulfo aaron r.'),
(1680,'best, john w.'),
(1681,'cruz, corazon l.'),
(1682,'cellona, michelle a.'),
(1683,'agapay, ramon b.'),
(1684,'agapay, ramon b.'),
(1685,'catchillar, gerry c.'),
(1686,'america, ruth b.'),
(1687,'resas, remy amador'),
(1688,'timbreza, florentino t.'),
(1689,'carmelita siazon-lorenzo'),
(1690,'mercene, felisa principe'),
(1691,'lumbera, bienvenido l.'),
(1692,'velasquez, carmen c.'),
(1693,'matienzo, narciso v.'),
(1694,'kahayon, alicia h.'),
(1695,'gripaldo, rolando m.'),
(1696,'tabotabo, claudio'),
(1697,'stumpf, samuel enoch'),
(1698,'claycomb, james r.'),
(1699,'silberschatz, abraham'),
(1700,'holden, greg'),
(1701,'britton, carol'),
(1702,'mark elsom-cook'),
(1703,'kappel, jason a.'),
(1704,'mcgrath, skip'),
(1705,'held, gilbert'),
(1706,'avison, david'),
(1707,'nichols, robin'),
(1708,'chalkadis, marika'),
(1709,'barney, lee'),
(1710,'tittle, ed'),
(1711,'mercer, david'),
(1712,'marakas, george m.'),
(1713,'prince, dennis l.'),
(1714,'givone, donald d.'),
(1715,'yegulalp, serdar'),
(1716,'malik, d.s.'),
(1717,'behrouz, a. forouzan'),
(1718,'basu, pn'),
(1719,'pepito, copernicus p.'),
(1720,'pepito, copernicus p.'),
(1721,'haag, stephen'),
(1722,'o\'brien, james a.'),
(1723,'culp, brian'),
(1724,'shneyderman, alex'),
(1725,'steiner, ina'),
(1726,'evans, philip'),
(1727,'baltzan, paige'),
(1728,'pring, martin j.'),
(1729,'garrovillas, eduardo p.'),
(1730,'asor, winifreda t.'),
(1731,'ramasamy, subburaj'),
(1732,'hilario, jose s.'),
(1733,'hilario, jose s.'),
(1734,'catchilar, ulysses c.'),
(1735,'buted, dexter r.'),
(1736,'bueno, david c.'),
(1737,'mosura, carmel tongo'),
(1738,'so, paul l.'),
(1739,'cruz, zenaida lansangan'),
(1740,'cruz, reil g.'),
(1741,'vibal, victor r.'),
(1742,'pagoso, cristobal m.'),
(1743,'claravall, bienvenido g.'),
(1744,'pedrajas, teresita p.'),
(1745,'atty. belaro, salvador b. jr'),
(1746,'cueto, aristeo c.'),
(1747,'de asis, lucio d.'),
(1748,'elvira villaverde-gabriel'),
(1749,'saxena, sireesh'),
(1750,'heyman, patricia a.'),
(1751,'berkoff, nancy'),
(1752,'foskett, david'),
(1753,'sokol, gail'),
(1754,'disimulacion, maria arlene t.'),
(1755,'gorham, ginger'),
(1756,'andrews, sudhir'),
(1757,'roldan, amelia s.'),
(1758,'cabulay, danny a.'),
(1759,'mcwilliams, margaret'),
(1760,'mosura, carmel tongo'),
(1761,'mancini, marc'),
(1762,'palacio, june payne'),
(1763,'page, stephen j.'),
(1764,'cook, roy a.'),
(1765,'middleton, victor i.c.'),
(1766,'roldan, amelia s.'),
(1767,'wagen, lynn van der'),
(1768,'punay, maria lutgarda manuela'),
(1769,'palacio, june payne'),
(1770,'cruz, zenaida lansangan'),
(1771,'ditan, joseph linford a.'),
(1772,'mcswane, david, h.s.d'),
(1773,'dittmer, paul r.'),
(1774,'campbell, john'),
(1775,'labensky, sarah r.'),
(1776,'gupta, reena'),
(1777,''),
(1778,'mano, morris m.'),
(1779,'schach, stephen r.'),
(1780,'malik, d.s.'),
(1781,'ibook development group'),
(1782,'jemma development group'),
(1783,'hoffer, jeffrey a.'),
(1784,'jemma development group'),
(1785,'bronson, gary j.'),
(1786,'reynolds, george'),
(1787,'bronson, gary j.'),
(1788,'boydon, ernesto c.'),
(1789,'doyle, barbara'),
(1790,'ritchie, dennis m.'),
(1791,'farrell, joyce'),
(1792,'drozdek, adam'),
(1793,'malik, d.s.'),
(1794,'ariola, mariano m.'),
(1795,'sexton, robert l.'),
(1796,'laviña, chalemagne g.'),
(1797,'kovalev, nikolay v.'),
(1798,'farrell, joyce'),
(1799,'felisa principe-merene'),
(1800,'vega, milagros a.'),
(1801,'flores, ramona s.'),
(1802,'buenaflor, roberto c.'),
(1803,'medina, roberto g.'),
(1804,'saqueton, grace m.'),
(1805,'santos, ricardo rubio'),
(1806,'hamilton. edith'),
(1807,'tocci, ronald j.'),
(1808,'jemma development group'),
(1809,'jemma development group'),
(1810,'jemma development group'),
(1811,'morse, lucy c.'),
(1812,'dos reis, anthony j.'),
(1813,'andrews, jean'),
(1814,'jemma development group'),
(1815,'bronson, gary j.'),
(1816,'jemma development group'),
(1817,'jemma development group'),
(1818,'jemma development group'),
(1819,'ernesto i. arellano'),
(1820,'alan evans'),
(1821,'abante, marmelo v.'),
(1822,'delfinado, cecil jose a.'),
(1823,'saleh, kassem a.'),
(1824,'palmer, michael'),
(1825,'coronel, carlos'),
(1826,'malik d.s.'),
(1827,'stein, cliff l.'),
(1828,'baase, sara'),
(1829,'buenaflor, roberto c.'),
(1830,'gabuyo, yonardo'),
(1831,'bacus, remedios  c.'),
(1832,'scanlon, nancy loman'),
(1833,'andy rathbone'),
(1834,'chris minnick'),
(1835,'tyler regas'),
(1836,'3g learning'),
(1837,'3g learning'),
(1838,'3g learning'),
(1839,'3g learning'),
(1840,'3g learning'),
(1841,'dittmer, paul r.'),
(1842,'detorres, amor q.'),
(1843,'gene gonzalez'),
(1844,'h.l. capron'),
(1845,'kenneth h. rosen'),
(1846,'abraham silberschatz'),
(1847,'diane zak'),
(1848,'camp, william g.'),
(1849,'ditan, carolina desamero'),
(1850,'salandaan, gloria g.'),
(1851,'baldonado, rizza soriano'),
(1852,'de leon, hector s.'),
(1853,'hart, william l.'),
(1854,'cervantes, charry vida r.'),
(1855,'camarista, genesis g. , ph.d.'),
(1856,'dayagbil, filomena t., e.d.d'),
(1857,'zarate, cynthia a.'),
(1858,'zarate, cynthia a.'),
(1859,'urbiztondo, laarni a.'),
(1860,'corpuz, brenda b.'),
(1861,'robles, elizabeth'),
(1862,'quebral, villamor s., ed.d'),
(1863,'alcudia, fina felisa'),
(1864,'lanuza, gerry m.'),
(1865,'bulusan, ferdinand, ma ed'),
(1866,'aneja, o.p'),
(1867,'aneja, o.p'),
(1868,'aneja, o.p'),
(1869,'kishore, naval'),
(1870,'verma, hemant'),
(1871,'sethi, parmod kumar'),
(1872,'dhananjay d. kamarkar'),
(1873,'mathur, ajay'),
(1874,'verma, hemant'),
(1875,'malitao, arnel l.'),
(1876,'kuhn, karl.'),
(1877,'chirikjian, jack '),
(1878,'jacob, robert f.'),
(1879,'stevenson, william j.'),
(1880,'hudson, simon'),
(1881,'bulaong, oscar g.'),
(1882,'aldama, prince kennex reguyal'),
(1883,'candelaria, john lee p.'),
(1884,'alata, eden joy pastor'),
(1885,'caslib, bernardo nicolas jr.'),
(1886,'abad, edmundo p. jr.'),
(1887,'pelias, john gabriel p. '),
(1888,'caslib, bernardo nicolas jr.'),
(1889,'alminar-mutya, ruby f.'),
(1890,'rondilla, aida h.'),
(1891,'peterson, thurman s.'),
(1892,'tabajen, rhene c.'),
(1893,'baronda, andrew john c.'),
(1894,'palispis, epitacio s. '),
(1895,'uychoco, marikit tara'),
(1896,'oronce, orlando a.');
/*!40000 ALTER TABLE `authors` ENABLE KEYS */;
UNLOCK TABLES;

--
-- Table structure for table `book_acquisitions`
--

DROP TABLE IF EXISTS `book_acquisitions`;
/*!40101 SET @saved_cs_client     = @@character_set_client */;
/*!40101 SET character_set_client = utf8 */;
CREATE TABLE `book_acquisitions` (
  `acquisition_id` int(11) NOT NULL AUTO_INCREMENT,
  `accession_no` int(11) NOT NULL,
  `acquisition_date` date NOT NULL,
  `title` varchar(255) NOT NULL,
  `source` varchar(255) DEFAULT NULL,
  `cost` decimal(10,2) DEFAULT NULL,
  `book_condition` varchar(50) DEFAULT NULL,
  `notes` text DEFAULT NULL,
  PRIMARY KEY (`acquisition_id`)
) ENGINE=InnoDB AUTO_INCREMENT=3 DEFAULT CHARSET=utf8mb4 COLLATE=utf8mb4_unicode_ci;
/*!40101 SET character_set_client = @saved_cs_client */;

--
-- Dumping data for table `book_acquisitions`
--

LOCK TABLES `book_acquisitions` WRITE;
/*!40000 ALTER TABLE `book_acquisitions` DISABLE KEYS */;
INSERT INTO `book_acquisitions` VALUES
(1,5001,'2023-04-12','the one that got away','bookstore',589.00,'new','romantic book that will love by readers'),
(2,5002,'2023-12-12','understanding the self','bookstore',598.00,'good','this book is good when understanding the self');
/*!40000 ALTER TABLE `book_acquisitions` ENABLE KEYS */;
UNLOCK TABLES;

--
-- Table structure for table `book_author`
--

DROP TABLE IF EXISTS `book_author`;
/*!40101 SET @saved_cs_client     = @@character_set_client */;
/*!40101 SET character_set_client = utf8 */;
CREATE TABLE `book_author` (
  `accession_no` int(11) NOT NULL,
  `author_id` int(11) NOT NULL,
  PRIMARY KEY (`accession_no`,`author_id`)
) ENGINE=InnoDB DEFAULT CHARSET=utf8mb4 COLLATE=utf8mb4_unicode_ci;
/*!40101 SET character_set_client = @saved_cs_client */;

--
-- Dumping data for table `book_author`
--

LOCK TABLES `book_author` WRITE;
/*!40000 ALTER TABLE `book_author` DISABLE KEYS */;
INSERT INTO `book_author` VALUES
(1981,1604),
(1984,1605),
(1987,1606),
(1990,1607),
(1993,1608),
(1995,1609),
(1998,1610),
(2001,1611),
(2004,1612),
(2007,1613),
(2008,1614),
(2010,1615),
(2013,1616),
(2016,1617),
(2021,1618),
(2026,1619),
(2031,1620),
(2036,1621),
(2041,1622),
(2049,1623),
(2051,1624),
(2054,1625),
(2057,1626),
(2062,1627),
(2065,1628),
(2070,1629),
(2075,1630),
(2090,1631),
(2095,1632),
(2102,1633),
(2106,1634),
(2108,1635),
(2112,1636),
(2121,1637),
(2131,1638),
(2135,1639),
(2143,1640),
(2149,1641),
(2151,1642),
(2158,1643),
(2161,1644),
(2166,1645),
(2174,1646),
(2188,1647),
(2191,1648),
(2194,1649),
(2196,1650),
(2198,1651),
(2201,1652),
(2203,1653),
(2208,1654),
(2211,1655),
(2216,1656),
(2219,1657),
(2222,1658),
(2225,1659),
(2227,1660),
(2229,1661),
(2232,1662),
(2238,1663),
(2241,1664),
(2244,1665),
(2247,1666),
(2250,1667),
(2256,1668),
(2260,1669),
(2263,1670),
(2268,1671),
(2270,1672),
(2272,1673),
(2273,1674),
(2276,1675),
(2279,1676),
(2282,1677),
(2285,1678),
(2288,1679),
(2291,1680),
(2294,1681),
(2296,1682),
(2298,1683),
(2308,1684),
(2312,1685),
(2320,1686),
(2323,1687),
(2331,1688),
(2334,1689),
(2344,1690),
(2353,1691),
(2355,1692),
(2360,1693),
(2365,1694),
(2375,1695),
(2385,1696),
(2395,1697),
(2405,1698),
(2406,1699),
(2407,1700),
(2408,1701),
(2410,1702),
(2412,1703),
(2414,1704),
(2416,1705),
(2417,1706),
(2420,1707),
(2421,1708),
(2422,1709),
(2423,1710),
(2424,1711),
(2425,1712),
(2426,1713),
(2429,1714),
(2430,1715),
(2433,1716),
(2436,1717),
(2438,1718),
(2440,1719),
(2443,1720),
(2446,1721),
(2447,1722),
(2448,1723),
(2452,1724),
(2455,1725),
(2457,1726),
(2458,1727),
(2459,1728),
(2460,1729),
(2465,1730),
(2468,1731),
(2471,1732),
(2476,1733),
(2481,1734),
(2486,1735),
(2491,1736),
(2493,1737),
(2498,1738),
(2503,1739),
(2507,1740),
(2515,1741),
(2518,1742),
(2521,1743),
(2526,1744),
(2531,1745),
(2536,1746),
(2540,1747),
(2545,1748),
(2550,1749),
(2553,1750),
(2554,1751),
(2557,1752),
(2560,1753),
(2563,1754),
(2573,1755),
(2575,1756),
(2578,1757),
(2581,1758),
(2584,1759),
(2587,1760),
(2592,1761),
(2595,1762),
(2598,1763),
(2601,1764),
(2604,1765),
(2607,1766),
(2610,1767),
(2613,1768),
(2618,1769),
(2623,1770),
(2626,1771),
(2629,1772),
(2632,1773),
(2634,1774),
(2637,1775),
(2640,1776),
(2651,1777),
(2652,1778),
(2655,1779),
(2657,1780),
(2660,1781),
(2662,1782),
(2665,1783),
(2668,1784),
(2671,1785),
(2673,1786),
(2676,1787),
(2679,1788),
(2682,1789),
(2685,1790),
(2688,1791),
(2691,1792),
(2694,1793),
(2695,1794),
(2701,1795),
(2704,1796),
(2707,1797),
(2710,1798),
(2713,1799),
(2714,1800),
(2718,1801),
(2721,1802),
(2722,1803),
(2723,1804),
(2726,1805),
(2729,1806),
(2744,1807),
(2750,1808),
(2753,1809),
(2756,1810),
(2759,1811),
(2765,1812),
(2768,1813),
(2771,1814),
(2774,1815),
(2777,1816),
(2780,1817),
(2783,1818),
(2786,1819),
(2789,1820),
(2790,1821),
(2793,1822),
(2796,1823),
(2799,1824),
(2801,1825),
(2804,1826),
(2807,1827),
(2810,1828),
(2813,1829),
(2815,1830),
(2816,1831),
(2817,1832),
(2818,1833),
(2819,1834),
(2820,1835),
(2821,1836),
(2822,1837),
(2824,1838),
(2826,1839),
(2827,1840),
(2833,1841),
(2835,1842),
(2842,1843),
(2848,1844),
(2849,1845),
(2850,1846),
(2851,1847),
(2852,1848),
(2854,1849),
(2857,1850),
(2860,1851),
(2865,1852),
(2868,1853),
(2880,1854),
(2883,1855),
(2888,1856),
(2893,1857),
(2895,1858),
(2900,1859),
(2910,1860),
(2917,1861),
(2920,1862),
(2925,1863),
(2928,1864),
(2943,1865),
(2948,1866),
(2949,1867),
(2950,1868),
(2951,1869),
(2952,1870),
(2953,1871),
(2954,1872),
(2955,1873),
(2956,1874),
(2957,1875),
(2958,1876),
(2960,1877),
(2961,1878),
(2966,1879),
(2971,1880),
(2981,1881),
(2986,1882),
(2991,1883),
(2996,1884),
(3001,1885),
(3006,1886),
(3011,1887),
(3016,1888),
(3019,1889),
(3024,1890),
(3029,1891),
(3032,1892),
(3037,1893),
(3042,1894),
(3045,1895),
(3048,1896);
/*!40000 ALTER TABLE `book_author` ENABLE KEYS */;
UNLOCK TABLES;

--
-- Temporary table structure for view `book_author_info`
--

DROP TABLE IF EXISTS `book_author_info`;
/*!50001 DROP VIEW IF EXISTS `book_author_info`*/;
SET @saved_cs_client     = @@character_set_client;
SET character_set_client = utf8;
/*!50001 CREATE VIEW `book_author_info` AS SELECT
 1 AS `author_id`,
  1 AS `author_name`,
  1 AS `title`,
  1 AS `edition`,
  1 AS `publisher_name`,
  1 AS `copyright_yr` */;
SET character_set_client = @saved_cs_client;

--
-- Table structure for table `book_catalog`
--

DROP TABLE IF EXISTS `book_catalog`;
/*!40101 SET @saved_cs_client     = @@character_set_client */;
/*!40101 SET character_set_client = utf8 */;
CREATE TABLE `book_catalog` (
  `catalog_id` int(11) NOT NULL AUTO_INCREMENT,
  `book_subject` varchar(255) NOT NULL,
  `ddc_code` varchar(10) NOT NULL,
  `accession_id` int(11) NOT NULL,
  `create_at` timestamp NULL DEFAULT current_timestamp(),
  `update_at` timestamp NULL DEFAULT current_timestamp() ON UPDATE current_timestamp(),
  PRIMARY KEY (`catalog_id`),
  UNIQUE KEY `accession_id` (`accession_id`),
  CONSTRAINT `book_catalog_ibfk_1` FOREIGN KEY (`accession_id`) REFERENCES `accession_no` (`accession_id`)
) ENGINE=InnoDB AUTO_INCREMENT=2 DEFAULT CHARSET=utf8mb4 COLLATE=utf8mb4_unicode_ci;
/*!40101 SET character_set_client = @saved_cs_client */;

--
-- Dumping data for table `book_catalog`
--

LOCK TABLES `book_catalog` WRITE;
/*!40000 ALTER TABLE `book_catalog` DISABLE KEYS */;
INSERT INTO `book_catalog` VALUES
(1,'history','500',15586,'2023-12-12 13:15:00','2023-12-12 13:15:00');
/*!40000 ALTER TABLE `book_catalog` ENABLE KEYS */;
UNLOCK TABLES;

--
-- Temporary table structure for view `book_catalog_info`
--

DROP TABLE IF EXISTS `book_catalog_info`;
/*!50001 DROP VIEW IF EXISTS `book_catalog_info`*/;
SET @saved_cs_client     = @@character_set_client;
SET character_set_client = utf8;
/*!50001 CREATE VIEW `book_catalog_info` AS SELECT
 1 AS `accession_no`,
  1 AS `book_subject`,
  1 AS `title`,
  1 AS `ddc_code`,
  1 AS `created` */;
SET character_set_client = @saved_cs_client;

--
-- Table structure for table `book_collections`
--

DROP TABLE IF EXISTS `book_collections`;
/*!40101 SET @saved_cs_client     = @@character_set_client */;
/*!40101 SET character_set_client = utf8 */;
CREATE TABLE `book_collections` (
  `collection_id` int(11) NOT NULL AUTO_INCREMENT,
  `book_id` int(11) NOT NULL,
  `user_id` int(11) NOT NULL,
  `created_at` datetime DEFAULT current_timestamp(),
  PRIMARY KEY (`collection_id`)
) ENGINE=InnoDB DEFAULT CHARSET=utf8mb4 COLLATE=utf8mb4_unicode_ci;
/*!40101 SET character_set_client = @saved_cs_client */;

--
-- Dumping data for table `book_collections`
--

LOCK TABLES `book_collections` WRITE;
/*!40000 ALTER TABLE `book_collections` DISABLE KEYS */;
/*!40000 ALTER TABLE `book_collections` ENABLE KEYS */;
UNLOCK TABLES;

--
-- Table structure for table `book_holds`
--

DROP TABLE IF EXISTS `book_holds`;
/*!40101 SET @saved_cs_client     = @@character_set_client */;
/*!40101 SET character_set_client = utf8 */;
CREATE TABLE `book_holds` (
  `hold_id` int(11) NOT NULL AUTO_INCREMENT,
  `user_id` int(11) DEFAULT NULL,
  `book_id` int(11) DEFAULT NULL,
  `hold_status` enum('active','done') DEFAULT 'active',
  `created_at` timestamp NULL DEFAULT current_timestamp(),
  `updated_at` timestamp NULL DEFAULT current_timestamp() ON UPDATE current_timestamp(),
  `pending_transaction_id` int(11) DEFAULT NULL,
  PRIMARY KEY (`hold_id`)
) ENGINE=InnoDB AUTO_INCREMENT=12 DEFAULT CHARSET=utf8mb4 COLLATE=utf8mb4_unicode_ci;
/*!40101 SET character_set_client = @saved_cs_client */;

--
-- Dumping data for table `book_holds`
--

LOCK TABLES `book_holds` WRITE;
/*!40000 ALTER TABLE `book_holds` DISABLE KEYS */;
INSERT INTO `book_holds` VALUES
(11,23,5021,'active','2023-12-15 05:54:51','2023-12-15 05:54:51',120);
/*!40000 ALTER TABLE `book_holds` ENABLE KEYS */;
UNLOCK TABLES;
/*!50003 SET @saved_cs_client      = @@character_set_client */ ;
/*!50003 SET @saved_cs_results     = @@character_set_results */ ;
/*!50003 SET @saved_col_connection = @@collation_connection */ ;
/*!50003 SET character_set_client  = utf8mb4 */ ;
/*!50003 SET character_set_results = utf8mb4 */ ;
/*!50003 SET collation_connection  = utf8mb4_unicode_ci */ ;
/*!50003 SET @saved_sql_mode       = @@sql_mode */ ;
/*!50003 SET sql_mode              = 'IGNORE_SPACE,STRICT_TRANS_TABLES,ERROR_FOR_DIVISION_BY_ZERO,NO_AUTO_CREATE_USER,NO_ENGINE_SUBSTITUTION' */ ;
DELIMITER ;;
/*!50003 CREATE*/ /*!50017 DEFINER=`root`@`localhost`*/ /*!50003 TRIGGER after_hold_done
AFTER UPDATE ON book_holds
FOR EACH ROW 
BEGIN
	DECLARE v_due_date DATETIME;
	DECLARE v_book_id INT;
	DECLARE v_user_id INT;

   	-- set a due date
-- 	SET v_due_date = DATE_ADD(NOW(), INTERVAL 5 DAY);
	SET v_due_date = DATE_ADD(NOW(), INTERVAL 1 MINUTE); 
	SELECT book_id, user_id INTO v_book_id, v_user_id FROM book_holds WHERE pending_transaction_id = NEW.pending_transaction_id;

    -- Insert a new row into book_transactions
    INSERT INTO book_transactions (book_id, user_id, transaction_type, transaction_date, due_date, status, pending_transaction_id)
  	VALUES (v_book_id, v_user_id, 'Held', NOW(), v_due_date, 'Active', NEW.pending_transaction_id);
END */;;
DELIMITER ;
/*!50003 SET sql_mode              = @saved_sql_mode */ ;
/*!50003 SET character_set_client  = @saved_cs_client */ ;
/*!50003 SET character_set_results = @saved_cs_results */ ;
/*!50003 SET collation_connection  = @saved_col_connection */ ;

--
-- Table structure for table `book_image`
--

DROP TABLE IF EXISTS `book_image`;
/*!40101 SET @saved_cs_client     = @@character_set_client */;
/*!40101 SET character_set_client = utf8 */;
CREATE TABLE `book_image` (
  `img_id` int(11) NOT NULL AUTO_INCREMENT,
  `book_id` int(11) NOT NULL,
  `img_path` varchar(255) DEFAULT NULL,
  PRIMARY KEY (`img_id`),
  UNIQUE KEY `book_id` (`book_id`)
) ENGINE=InnoDB AUTO_INCREMENT=5220 DEFAULT CHARSET=utf8mb4 COLLATE=utf8mb4_unicode_ci;
/*!40101 SET character_set_client = @saved_cs_client */;

--
-- Dumping data for table `book_image`
--

LOCK TABLES `book_image` WRITE;
/*!40000 ALTER TABLE `book_image` DISABLE KEYS */;
INSERT INTO `book_image` VALUES
(4927,4927,'image-1701396489842.jpg'),
(4928,4928,''),
(4929,4929,''),
(4930,4930,''),
(4931,4931,''),
(4932,4932,''),
(4933,4933,''),
(4934,4934,''),
(4935,4935,''),
(4936,4936,''),
(4937,4937,''),
(4938,4938,''),
(4939,4939,''),
(4940,4940,''),
(4941,4941,''),
(4942,4942,''),
(4943,4943,''),
(4944,4944,''),
(4945,4945,''),
(4946,4946,''),
(4947,4947,''),
(4948,4948,''),
(4949,4949,''),
(4950,4950,''),
(4951,4951,''),
(4952,4952,''),
(4953,4953,''),
(4954,4954,''),
(4955,4955,''),
(4956,4956,''),
(4957,4957,''),
(4958,4958,''),
(4959,4959,''),
(4960,4960,''),
(4961,4961,''),
(4962,4962,''),
(4963,4963,''),
(4964,4964,''),
(4965,4965,''),
(4966,4966,''),
(4967,4967,''),
(4968,4968,''),
(4969,4969,''),
(4970,4970,''),
(4971,4971,''),
(4972,4972,''),
(4973,4973,''),
(4974,4974,''),
(4975,4975,''),
(4976,4976,''),
(4977,4977,''),
(4978,4978,''),
(4979,4979,''),
(4980,4980,''),
(4981,4981,''),
(4982,4982,''),
(4983,4983,''),
(4984,4984,''),
(4985,4985,''),
(4986,4986,''),
(4987,4987,''),
(4988,4988,''),
(4989,4989,''),
(4990,4990,''),
(4991,4991,''),
(4992,4992,''),
(4993,4993,''),
(4994,4994,''),
(4995,4995,''),
(4996,4996,''),
(4997,4997,''),
(4998,4998,''),
(4999,4999,''),
(5000,5000,''),
(5001,5001,''),
(5002,5002,''),
(5003,5003,''),
(5004,5004,''),
(5005,5005,''),
(5006,5006,''),
(5007,5007,''),
(5008,5008,''),
(5009,5009,''),
(5010,5010,''),
(5011,5011,''),
(5012,5012,''),
(5013,5013,''),
(5014,5014,''),
(5015,5015,''),
(5016,5016,''),
(5017,5017,''),
(5018,5018,''),
(5019,5019,''),
(5020,5020,''),
(5021,5021,''),
(5022,5022,''),
(5023,5023,''),
(5024,5024,''),
(5025,5025,''),
(5026,5026,''),
(5027,5027,''),
(5028,5028,''),
(5029,5029,''),
(5030,5030,''),
(5031,5031,''),
(5032,5032,''),
(5033,5033,''),
(5034,5034,''),
(5035,5035,''),
(5036,5036,''),
(5037,5037,''),
(5038,5038,''),
(5039,5039,''),
(5040,5040,''),
(5041,5041,''),
(5042,5042,''),
(5043,5043,''),
(5044,5044,''),
(5045,5045,''),
(5046,5046,''),
(5047,5047,''),
(5048,5048,''),
(5049,5049,''),
(5050,5050,''),
(5051,5051,''),
(5052,5052,''),
(5053,5053,''),
(5054,5054,''),
(5055,5055,''),
(5056,5056,''),
(5057,5057,''),
(5058,5058,''),
(5059,5059,''),
(5060,5060,''),
(5061,5061,''),
(5062,5062,''),
(5063,5063,''),
(5064,5064,''),
(5065,5065,''),
(5066,5066,''),
(5067,5067,''),
(5068,5068,''),
(5069,5069,''),
(5070,5070,''),
(5071,5071,''),
(5072,5072,''),
(5073,5073,''),
(5074,5074,''),
(5075,5075,''),
(5076,5076,''),
(5077,5077,''),
(5078,5078,''),
(5079,5079,''),
(5080,5080,''),
(5081,5081,''),
(5082,5082,''),
(5083,5083,''),
(5084,5084,''),
(5085,5085,''),
(5086,5086,''),
(5087,5087,''),
(5088,5088,''),
(5089,5089,''),
(5090,5090,''),
(5091,5091,''),
(5092,5092,''),
(5093,5093,''),
(5094,5094,''),
(5095,5095,''),
(5096,5096,''),
(5097,5097,''),
(5098,5098,''),
(5099,5099,''),
(5100,5100,''),
(5101,5101,''),
(5102,5102,''),
(5103,5103,''),
(5104,5104,''),
(5105,5105,''),
(5106,5106,''),
(5107,5107,''),
(5108,5108,''),
(5109,5109,''),
(5110,5110,''),
(5111,5111,''),
(5112,5112,''),
(5113,5113,''),
(5114,5114,''),
(5115,5115,''),
(5116,5116,''),
(5117,5117,''),
(5118,5118,''),
(5119,5119,''),
(5120,5120,''),
(5121,5121,''),
(5122,5122,''),
(5123,5123,''),
(5124,5124,''),
(5125,5125,''),
(5126,5126,''),
(5127,5127,''),
(5128,5128,''),
(5129,5129,''),
(5130,5130,''),
(5131,5131,''),
(5132,5132,''),
(5133,5133,''),
(5134,5134,''),
(5135,5135,''),
(5136,5136,''),
(5137,5137,''),
(5138,5138,''),
(5139,5139,''),
(5140,5140,''),
(5141,5141,''),
(5142,5142,''),
(5143,5143,''),
(5144,5144,''),
(5145,5145,''),
(5146,5146,''),
(5147,5147,''),
(5148,5148,''),
(5149,5149,''),
(5150,5150,''),
(5151,5151,''),
(5152,5152,''),
(5153,5153,''),
(5154,5154,''),
(5155,5155,''),
(5156,5156,''),
(5157,5157,''),
(5158,5158,''),
(5159,5159,''),
(5160,5160,''),
(5161,5161,''),
(5162,5162,''),
(5163,5163,''),
(5164,5164,''),
(5165,5165,''),
(5166,5166,''),
(5167,5167,''),
(5168,5168,''),
(5169,5169,''),
(5170,5170,''),
(5171,5171,''),
(5172,5172,''),
(5173,5173,''),
(5174,5174,''),
(5175,5175,''),
(5176,5176,''),
(5177,5177,''),
(5178,5178,''),
(5179,5179,''),
(5180,5180,''),
(5181,5181,''),
(5182,5182,''),
(5183,5183,''),
(5184,5184,''),
(5185,5185,''),
(5186,5186,''),
(5187,5187,''),
(5188,5188,''),
(5189,5189,''),
(5190,5190,''),
(5191,5191,''),
(5192,5192,''),
(5193,5193,''),
(5194,5194,''),
(5195,5195,''),
(5196,5196,''),
(5197,5197,''),
(5198,5198,''),
(5199,5199,''),
(5200,5200,''),
(5201,5201,''),
(5202,5202,''),
(5203,5203,''),
(5204,5204,''),
(5205,5205,''),
(5206,5206,''),
(5207,5207,''),
(5208,5208,''),
(5209,5209,''),
(5210,5210,''),
(5211,5211,''),
(5212,5212,''),
(5213,5213,''),
(5214,5214,''),
(5215,5215,''),
(5216,5216,''),
(5217,5217,''),
(5218,5218,''),
(5219,5219,'');
/*!40000 ALTER TABLE `book_image` ENABLE KEYS */;
UNLOCK TABLES;

--
-- Temporary table structure for view `book_info`
--

DROP TABLE IF EXISTS `book_info`;
/*!50001 DROP VIEW IF EXISTS `book_info`*/;
SET @saved_cs_client     = @@character_set_client;
SET character_set_client = utf8;
/*!50001 CREATE VIEW `book_info` AS SELECT
 1 AS `accession_id`,
  1 AS `accession_no`,
  1 AS `book_id`,
  1 AS `date_received`,
  1 AS `author_name`,
  1 AS `title`,
  1 AS `edition`,
  1 AS `publisher_name`,
  1 AS `cost_price`,
  1 AS `copyright_yr`,
  1 AS `remarks`,
  1 AS `img_path`,
  1 AS `total_checkedout`,
  1 AS `updated_at` */;
SET character_set_client = @saved_cs_client;

--
-- Temporary table structure for view `book_inventory`
--

DROP TABLE IF EXISTS `book_inventory`;
/*!50001 DROP VIEW IF EXISTS `book_inventory`*/;
SET @saved_cs_client     = @@character_set_client;
SET character_set_client = utf8;
/*!50001 CREATE VIEW `book_inventory` AS SELECT
 1 AS `book_id`,
  1 AS `author_name`,
  1 AS `title`,
  1 AS `edition`,
  1 AS `publisher_name`,
  1 AS `cost_price`,
  1 AS `copies`,
  1 AS `borrowed_copies`,
  1 AS `book_status`,
  1 AS `img_path`,
  1 AS `total_checkedout` */;
SET character_set_client = @saved_cs_client;

--
-- Table structure for table `book_publisher`
--

DROP TABLE IF EXISTS `book_publisher`;
/*!40101 SET @saved_cs_client     = @@character_set_client */;
/*!40101 SET character_set_client = utf8 */;
CREATE TABLE `book_publisher` (
  `accession_no` int(11) NOT NULL,
  `publisher_id` int(11) NOT NULL,
  PRIMARY KEY (`accession_no`,`publisher_id`)
) ENGINE=InnoDB DEFAULT CHARSET=utf8mb4 COLLATE=utf8mb4_unicode_ci;
/*!40101 SET character_set_client = @saved_cs_client */;

--
-- Dumping data for table `book_publisher`
--

LOCK TABLES `book_publisher` WRITE;
/*!40000 ALTER TABLE `book_publisher` DISABLE KEYS */;
INSERT INTO `book_publisher` VALUES
(1981,1604),
(1984,1605),
(1987,1606),
(1990,1607),
(1993,1608),
(1995,1609),
(1998,1610),
(2001,1611),
(2004,1612),
(2007,1613),
(2008,1614),
(2010,1615),
(2013,1616),
(2016,1617),
(2021,1618),
(2026,1619),
(2031,1620),
(2036,1621),
(2041,1622),
(2049,1623),
(2051,1624),
(2054,1625),
(2057,1626),
(2062,1627),
(2065,1628),
(2070,1629),
(2075,1630),
(2090,1631),
(2095,1632),
(2102,1633),
(2106,1634),
(2108,1635),
(2112,1636),
(2121,1637),
(2131,1638),
(2135,1639),
(2143,1640),
(2149,1641),
(2151,1642),
(2158,1643),
(2161,1644),
(2166,1645),
(2174,1646),
(2188,1647),
(2191,1648),
(2194,1649),
(2196,1650),
(2198,1651),
(2201,1652),
(2203,1653),
(2208,1654),
(2211,1655),
(2216,1656),
(2219,1657),
(2222,1658),
(2225,1659),
(2227,1660),
(2229,1661),
(2232,1662),
(2238,1663),
(2241,1664),
(2244,1665),
(2247,1666),
(2250,1667),
(2256,1668),
(2260,1669),
(2263,1670),
(2268,1671),
(2270,1672),
(2272,1673),
(2273,1674),
(2276,1675),
(2279,1676),
(2282,1677),
(2285,1678),
(2288,1679),
(2291,1680),
(2294,1681),
(2296,1682),
(2298,1683),
(2308,1684),
(2312,1685),
(2320,1686),
(2323,1687),
(2331,1688),
(2334,1689),
(2344,1690),
(2353,1691),
(2355,1692),
(2360,1693),
(2365,1694),
(2375,1695),
(2385,1696),
(2395,1697),
(2405,1698),
(2406,1699),
(2407,1700),
(2408,1701),
(2410,1702),
(2412,1703),
(2414,1704),
(2416,1705),
(2417,1706),
(2420,1707),
(2421,1708),
(2422,1709),
(2423,1710),
(2424,1711),
(2425,1712),
(2426,1713),
(2429,1714),
(2430,1715),
(2433,1716),
(2436,1717),
(2438,1718),
(2440,1719),
(2443,1720),
(2446,1721),
(2447,1722),
(2448,1723),
(2452,1724),
(2455,1725),
(2457,1726),
(2458,1727),
(2459,1728),
(2460,1729),
(2465,1730),
(2468,1731),
(2471,1732),
(2476,1733),
(2481,1734),
(2486,1735),
(2491,1736),
(2493,1737),
(2498,1738),
(2503,1739),
(2507,1740),
(2515,1741),
(2518,1742),
(2521,1743),
(2526,1744),
(2531,1745),
(2536,1746),
(2540,1747),
(2545,1748),
(2550,1749),
(2553,1750),
(2554,1751),
(2557,1752),
(2560,1753),
(2563,1754),
(2573,1755),
(2575,1756),
(2578,1757),
(2581,1758),
(2584,1759),
(2587,1760),
(2592,1761),
(2595,1762),
(2598,1763),
(2601,1764),
(2604,1765),
(2607,1766),
(2610,1767),
(2613,1768),
(2618,1769),
(2623,1770),
(2626,1771),
(2629,1772),
(2632,1773),
(2634,1774),
(2637,1775),
(2640,1776),
(2651,1777),
(2652,1778),
(2655,1779),
(2657,1780),
(2660,1781),
(2662,1782),
(2665,1783),
(2668,1784),
(2671,1785),
(2673,1786),
(2676,1787),
(2679,1788),
(2682,1789),
(2685,1790),
(2688,1791),
(2691,1792),
(2694,1793),
(2695,1794),
(2701,1795),
(2704,1796),
(2707,1797),
(2710,1798),
(2713,1799),
(2714,1800),
(2718,1801),
(2721,1802),
(2722,1803),
(2723,1804),
(2726,1805),
(2729,1806),
(2744,1807),
(2750,1808),
(2753,1809),
(2756,1810),
(2759,1811),
(2765,1812),
(2768,1813),
(2771,1814),
(2774,1815),
(2777,1816),
(2780,1817),
(2783,1818),
(2786,1819),
(2789,1820),
(2790,1821),
(2793,1822),
(2796,1823),
(2799,1824),
(2801,1825),
(2804,1826),
(2807,1827),
(2810,1828),
(2813,1829),
(2815,1830),
(2816,1831),
(2817,1832),
(2818,1833),
(2819,1834),
(2820,1835),
(2821,1836),
(2822,1837),
(2824,1838),
(2826,1839),
(2827,1840),
(2833,1841),
(2835,1842),
(2842,1843),
(2848,1844),
(2849,1845),
(2850,1846),
(2851,1847),
(2852,1848),
(2854,1849),
(2857,1850),
(2860,1851),
(2865,1852),
(2868,1853),
(2880,1854),
(2883,1855),
(2888,1856),
(2893,1857),
(2895,1858),
(2900,1859),
(2910,1860),
(2917,1861),
(2920,1862),
(2925,1863),
(2928,1864),
(2943,1865),
(2948,1866),
(2949,1867),
(2950,1868),
(2951,1869),
(2952,1870),
(2953,1871),
(2954,1872),
(2955,1873),
(2956,1874),
(2957,1875),
(2958,1876),
(2960,1877),
(2961,1878),
(2966,1879),
(2971,1880),
(2981,1881),
(2986,1882),
(2991,1883),
(2996,1884),
(3001,1885),
(3006,1886),
(3011,1887),
(3016,1888),
(3019,1889),
(3024,1890),
(3029,1891),
(3032,1892),
(3037,1893),
(3042,1894),
(3045,1895),
(3048,1896);
/*!40000 ALTER TABLE `book_publisher` ENABLE KEYS */;
UNLOCK TABLES;

--
-- Table structure for table `book_remarks`
--

DROP TABLE IF EXISTS `book_remarks`;
/*!40101 SET @saved_cs_client     = @@character_set_client */;
/*!40101 SET character_set_client = utf8 */;
CREATE TABLE `book_remarks` (
  `remark_id` int(11) NOT NULL AUTO_INCREMENT,
  `accession_id` int(11) DEFAULT NULL,
  `remarks` text DEFAULT NULL,
  `book_id` int(11) DEFAULT NULL,
  PRIMARY KEY (`remark_id`)
) ENGINE=InnoDB AUTO_INCREMENT=16656 DEFAULT CHARSET=utf8mb4 COLLATE=utf8mb4_unicode_ci;
/*!40101 SET character_set_client = @saved_cs_client */;

--
-- Dumping data for table `book_remarks`
--

LOCK TABLES `book_remarks` WRITE;
/*!40000 ALTER TABLE `book_remarks` DISABLE KEYS */;
INSERT INTO `book_remarks` VALUES
(15586,15586,'',4927),
(15587,15587,'',NULL),
(15588,15588,'',NULL),
(15589,15589,'',4928),
(15590,15590,'',NULL),
(15591,15591,'',NULL),
(15592,15592,'',4929),
(15593,15593,'',NULL),
(15594,15594,'',NULL),
(15595,15595,'',4930),
(15596,15596,'',NULL),
(15597,15597,'',NULL),
(15598,15598,'',4931),
(15599,15599,'',NULL),
(15600,15600,'',4932),
(15601,15601,'',NULL),
(15602,15602,'',NULL),
(15603,15603,'',4933),
(15604,15604,'',NULL),
(15605,15605,'',NULL),
(15606,15606,'',4934),
(15607,15607,'',NULL),
(15608,15608,'',NULL),
(15609,15609,'',4935),
(15610,15610,'',NULL),
(15611,15611,'',NULL),
(15612,15612,'',4936),
(15613,15613,'',4937),
(15614,15614,'',NULL),
(15615,15615,'',4938),
(15616,15616,'',NULL),
(15617,15617,'',NULL),
(15618,15618,'',4939),
(15619,15619,'',NULL),
(15620,15620,'',NULL),
(15621,15621,'',4940),
(15622,15622,'',NULL),
(15623,15623,'',NULL),
(15624,15624,'',NULL),
(15625,15625,'',NULL),
(15626,15626,'',4941),
(15627,15627,'',NULL),
(15628,15628,'',NULL),
(15629,15629,'',NULL),
(15630,15630,'',NULL),
(15631,15631,'',4942),
(15632,15632,'',NULL),
(15633,15633,'',NULL),
(15634,15634,'',NULL),
(15635,15635,'',NULL),
(15636,15636,'',4943),
(15637,15637,'',NULL),
(15638,15638,'',NULL),
(15639,15639,'',NULL),
(15640,15640,'',NULL),
(15641,15641,'',4944),
(15642,15642,'',NULL),
(15643,15643,'',NULL),
(15644,15644,'',NULL),
(15645,15645,'',NULL),
(15646,15646,'',4945),
(15647,15647,'',NULL),
(15648,15648,'',NULL),
(15649,15649,'',NULL),
(15650,15650,'',NULL),
(15651,15651,'',NULL),
(15652,15652,'',NULL),
(15653,15653,'',NULL),
(15654,15654,'',4946),
(15655,15655,'',NULL),
(15656,15656,'',4947),
(15657,15657,'',NULL),
(15658,15658,'',NULL),
(15659,15659,'',4948),
(15660,15660,'',NULL),
(15661,15661,'',NULL),
(15662,15662,'',4949),
(15663,15663,'',NULL),
(15664,15664,'',NULL),
(15665,15665,'',NULL),
(15666,15666,'',NULL),
(15667,15667,'',4950),
(15668,15668,'',NULL),
(15669,15669,'',NULL),
(15670,15670,'',4951),
(15671,15671,'',NULL),
(15672,15672,'',NULL),
(15673,15673,'',NULL),
(15674,15674,'',NULL),
(15675,15675,'',4952),
(15676,15676,'',NULL),
(15677,15677,'',NULL),
(15678,15678,'',NULL),
(15679,15679,'',NULL),
(15680,15680,'',4953),
(15681,15681,'',NULL),
(15682,15682,'',NULL),
(15683,15683,'',NULL),
(15684,15684,'',NULL),
(15685,15685,'',NULL),
(15686,15686,'',NULL),
(15687,15687,'',NULL),
(15688,15688,'',NULL),
(15689,15689,'',NULL),
(15690,15690,'',NULL),
(15691,15691,'',NULL),
(15692,15692,'',NULL),
(15693,15693,'',NULL),
(15694,15694,'',NULL),
(15695,15695,'',4954),
(15696,15696,'',NULL),
(15697,15697,'',NULL),
(15698,15698,'',NULL),
(15699,15699,'',NULL),
(15700,15700,'',4955),
(15701,15701,'',NULL),
(15702,15702,'',NULL),
(15703,15703,'',NULL),
(15704,15704,'',NULL),
(15705,15705,'',NULL),
(15706,15706,'',NULL),
(15707,15707,'',4956),
(15708,15708,'',NULL),
(15709,15709,'',NULL),
(15710,15710,'',NULL),
(15711,15711,'',4957),
(15712,15712,'',NULL),
(15713,15713,'',4958),
(15714,15714,'',NULL),
(15715,15715,'',NULL),
(15716,15716,'',NULL),
(15717,15717,'',4959),
(15718,15718,'',NULL),
(15719,15719,'',NULL),
(15720,15720,'',NULL),
(15721,15721,'',NULL),
(15722,15722,'',NULL),
(15723,15723,'',NULL),
(15724,15724,'',NULL),
(15725,15725,'',NULL),
(15726,15726,'',4960),
(15727,15727,'',NULL),
(15728,15728,'',NULL),
(15729,15729,'',NULL),
(15730,15730,'',NULL),
(15731,15731,'',NULL),
(15732,15732,'',NULL),
(15733,15733,'',NULL),
(15734,15734,'',NULL),
(15735,15735,'',NULL),
(15736,15736,'',4961),
(15737,15737,'',NULL),
(15738,15738,'',NULL),
(15739,15739,'',NULL),
(15740,15740,'',4962),
(15741,15741,'',NULL),
(15742,15742,'',NULL),
(15743,15743,'',NULL),
(15744,15744,'',NULL),
(15745,15745,'',NULL),
(15746,15746,'',NULL),
(15747,15747,'',NULL),
(15748,15748,'',4963),
(15749,15749,'',NULL),
(15750,15750,'',NULL),
(15751,15751,'',NULL),
(15752,15752,'',NULL),
(15753,15753,'',NULL),
(15754,15754,'',4964),
(15755,15755,'',NULL),
(15756,15756,'',4965),
(15757,15757,'',NULL),
(15758,15758,'',NULL),
(15759,15759,'',NULL),
(15760,15760,'',NULL),
(15761,15761,'',NULL),
(15762,15762,'',NULL),
(15763,15763,'',4966),
(15764,15764,'',NULL),
(15765,15765,'',NULL),
(15766,15766,'',4967),
(15767,15767,'',NULL),
(15768,15768,'',NULL),
(15769,15769,'',NULL),
(15770,15770,'',NULL),
(15771,15771,'',4968),
(15772,15772,'',NULL),
(15773,15773,'',NULL),
(15774,15774,'',NULL),
(15775,15775,'',NULL),
(15776,15776,'',NULL),
(15777,15777,'',NULL),
(15778,15778,'',NULL),
(15779,15779,'',4969),
(15780,15780,'',NULL),
(15781,15781,'',NULL),
(15782,15782,'',NULL),
(15783,15783,'',NULL),
(15784,15784,'',NULL),
(15785,15785,'',NULL),
(15786,15786,'',NULL),
(15787,15787,'',NULL),
(15788,15788,'',NULL),
(15789,15789,'',NULL),
(15790,15790,'',NULL),
(15791,15791,'',NULL),
(15792,15792,'',NULL),
(15793,15793,'',4970),
(15794,15794,'',NULL),
(15795,15795,'',NULL),
(15796,15796,'',4971),
(15797,15797,'',NULL),
(15798,15798,'',NULL),
(15799,15799,'',4972),
(15800,15800,'',NULL),
(15801,15801,'',4973),
(15802,15802,'',NULL),
(15803,15803,'',4974),
(15804,15804,'',NULL),
(15805,15805,'',NULL),
(15806,15806,'',4975),
(15807,15807,'',NULL),
(15808,15808,'',4976),
(15809,15809,'',NULL),
(15810,15810,'',NULL),
(15811,15811,'',NULL),
(15812,15812,'',NULL),
(15813,15813,'',4977),
(15814,15814,'',NULL),
(15815,15815,'',NULL),
(15816,15816,'',4978),
(15817,15817,'',NULL),
(15818,15818,'',NULL),
(15819,15819,'',NULL),
(15820,15820,'',NULL),
(15821,15821,'',4979),
(15822,15822,'',NULL),
(15823,15823,'',NULL),
(15824,15824,'',4980),
(15825,15825,'',NULL),
(15826,15826,'',NULL),
(15827,15827,'',4981),
(15828,15828,'',NULL),
(15829,15829,'',NULL),
(15830,15830,'',4982),
(15831,15831,'',NULL),
(15832,15832,'',4983),
(15833,15833,'',NULL),
(15834,15834,'',4984),
(15835,15835,'',NULL),
(15836,15836,'',NULL),
(15837,15837,'',4985),
(15838,15838,'',NULL),
(15839,15839,'',NULL),
(15840,15840,'',NULL),
(15841,15841,'',NULL),
(15842,15842,'',NULL),
(15843,15843,'',4986),
(15844,15844,'',NULL),
(15845,15845,'',NULL),
(15846,15846,'',4987),
(15847,15847,'',NULL),
(15848,15848,'',NULL),
(15849,15849,'',4988),
(15850,15850,'',NULL),
(15851,15851,'',NULL),
(15852,15852,'',4989),
(15853,15853,'',NULL),
(15854,15854,'',NULL),
(15855,15855,'',4990),
(15856,15856,'',NULL),
(15857,15857,'',NULL),
(15858,15858,'',NULL),
(15859,15859,'',NULL),
(15860,15860,'',NULL),
(15861,15861,'',4991),
(15862,15862,'',NULL),
(15863,15863,'',NULL),
(15864,15864,'',NULL),
(15865,15865,'',4992),
(15866,15866,'',NULL),
(15867,15867,'',NULL),
(15868,15868,'',4993),
(15869,15869,'',NULL),
(15870,15870,'',NULL),
(15871,15871,'',NULL),
(15872,15872,'',NULL),
(15873,15873,'',4994),
(15874,15874,'',NULL),
(15875,15875,'',4995),
(15876,15876,'',NULL),
(15877,15877,'',4996),
(15878,15878,'',4997),
(15879,15879,'',NULL),
(15880,15880,'',NULL),
(15881,15881,'',4998),
(15882,15882,'',NULL),
(15883,15883,'',NULL),
(15884,15884,'',4999),
(15885,15885,'',NULL),
(15886,15886,'',NULL),
(15887,15887,'',5000),
(15888,15888,'',NULL),
(15889,15889,'',NULL),
(15890,15890,'',5001),
(15891,15891,'',NULL),
(15892,15892,'',NULL),
(15893,15893,'',5002),
(15894,15894,'',NULL),
(15895,15895,'',NULL),
(15896,15896,'',5003),
(15897,15897,'',NULL),
(15898,15898,'',NULL),
(15899,15899,'',5004),
(15900,15900,'',NULL),
(15901,15901,'',5005),
(15902,15902,'',NULL),
(15903,15903,'',5006),
(15904,15904,'',NULL),
(15905,15905,'',NULL),
(15906,15906,'',NULL),
(15907,15907,'',NULL),
(15908,15908,'',NULL),
(15909,15909,'',NULL),
(15910,15910,'',NULL),
(15911,15911,'',NULL),
(15912,15912,'',NULL),
(15913,15913,'',5007),
(15914,15914,'',NULL),
(15915,15915,'',NULL),
(15916,15916,'',NULL),
(15917,15917,'',5008),
(15918,15918,'',NULL),
(15919,15919,'',NULL),
(15920,15920,'',NULL),
(15921,15921,'',NULL),
(15922,15922,'',NULL),
(15923,15923,'',NULL),
(15924,15924,'',NULL),
(15925,15925,'',5009),
(15926,15926,'',NULL),
(15927,15927,'',NULL),
(15928,15928,'',5010),
(15929,15929,'',NULL),
(15930,15930,'',NULL),
(15931,15931,'',NULL),
(15932,15932,'',NULL),
(15933,15933,'',NULL),
(15934,15934,'',NULL),
(15935,15935,'',NULL),
(15936,15936,'',5011),
(15937,15937,'',NULL),
(15938,15938,'',NULL),
(15939,15939,'',5012),
(15940,15940,'',NULL),
(15941,15941,'',NULL),
(15942,15942,'',NULL),
(15943,15943,'',NULL),
(15944,15944,'',NULL),
(15945,15945,'',NULL),
(15946,15946,'',NULL),
(15947,15947,'',NULL),
(15948,15948,'',NULL),
(15949,15949,'',5013),
(15950,15950,'',NULL),
(15951,15951,'',NULL),
(15952,15952,'',NULL),
(15953,15953,'',NULL),
(15954,15954,'',NULL),
(15955,15955,'',NULL),
(15956,15956,'',NULL),
(15957,15957,'',NULL),
(15958,15958,'',5014),
(15959,15959,'',NULL),
(15960,15960,'',5015),
(15961,15961,'',NULL),
(15962,15962,'',NULL),
(15963,15963,'',NULL),
(15964,15964,'',NULL),
(15965,15965,'',5016),
(15966,15966,'',NULL),
(15967,15967,'',NULL),
(15968,15968,'',NULL),
(15969,15969,'',NULL),
(15970,15970,'',5017),
(15971,15971,'',NULL),
(15972,15972,'',NULL),
(15973,15973,'',NULL),
(15974,15974,'',NULL),
(15975,15975,'',NULL),
(15976,15976,'',NULL),
(15977,15977,'',NULL),
(15978,15978,'',NULL),
(15979,15979,'',NULL),
(15980,15980,'',5018),
(15981,15981,'',NULL),
(15982,15982,'',NULL),
(15983,15983,'',NULL),
(15984,15984,'',NULL),
(15985,15985,'',NULL),
(15986,15986,'',NULL),
(15987,15987,'',NULL),
(15988,15988,'',NULL),
(15989,15989,'',NULL),
(15990,15990,'',5019),
(15991,15991,'',NULL),
(15992,15992,'',NULL),
(15993,15993,'',NULL),
(15994,15994,'',NULL),
(15995,15995,'',NULL),
(15996,15996,'',NULL),
(15997,15997,'',NULL),
(15998,15998,'',NULL),
(15999,15999,'',NULL),
(16000,16000,'',5020),
(16001,16001,'',NULL),
(16002,16002,'',NULL),
(16003,16003,'',NULL),
(16004,16004,'',NULL),
(16005,16005,'',NULL),
(16006,16006,'',NULL),
(16007,16007,'',NULL),
(16008,16008,'',NULL),
(16009,16009,'',NULL),
(16010,16010,'',5021),
(16011,16011,'',5022),
(16012,16012,'',5023),
(16013,16013,'',5024),
(16014,16014,'',NULL),
(16015,16015,'',5025),
(16016,16016,'',NULL),
(16017,16017,'',5026),
(16018,16018,'',NULL),
(16019,16019,'',5027),
(16020,16020,'',NULL),
(16021,16021,'',5028),
(16022,16022,'',5029),
(16023,16023,'',NULL),
(16024,16024,'',NULL),
(16025,16025,'',5030),
(16026,16026,'',5031),
(16027,16027,'',5032),
(16028,16028,'',5033),
(16029,16029,'',5034),
(16030,16030,'',5035),
(16031,16031,'',5036),
(16032,16032,'',NULL),
(16033,16033,'',NULL),
(16034,16034,'',5037),
(16035,16035,'',5038),
(16036,16036,'',NULL),
(16037,16037,'',NULL),
(16038,16038,'',5039),
(16039,16039,'',NULL),
(16040,16040,'',NULL),
(16041,16041,'',5040),
(16042,16042,'',NULL),
(16043,16043,'',5041),
(16044,16044,'',NULL),
(16045,16045,'',5042),
(16046,16046,'',NULL),
(16047,16047,'',NULL),
(16048,16048,'',5043),
(16049,16049,'',NULL),
(16050,16050,'',NULL),
(16051,16051,'',5044),
(16052,16052,'',5045),
(16053,16053,'',5046),
(16054,16054,'',NULL),
(16055,16055,'',NULL),
(16056,16056,'',NULL),
(16057,16057,'',5047),
(16058,16058,'',NULL),
(16059,16059,'',NULL),
(16060,16060,'',5048),
(16061,16061,'',NULL),
(16062,16062,'',5049),
(16063,16063,'',5050),
(16064,16064,'',5051),
(16065,16065,'',5052),
(16066,16066,'',NULL),
(16067,16067,'',NULL),
(16068,16068,'',NULL),
(16069,16069,'',NULL),
(16070,16070,'',5053),
(16071,16071,'',NULL),
(16072,16072,'',NULL),
(16073,16073,'',5054),
(16074,16074,'',NULL),
(16075,16075,'',NULL),
(16076,16076,'',5055),
(16077,16077,'',NULL),
(16078,16078,'',NULL),
(16079,16079,'',NULL),
(16080,16080,'',NULL),
(16081,16081,'',5056),
(16082,16082,'',NULL),
(16083,16083,'',NULL),
(16084,16084,'',NULL),
(16085,16085,'',NULL),
(16086,16086,'',5057),
(16087,16087,'',NULL),
(16088,16088,'',NULL),
(16089,16089,'',NULL),
(16090,16090,'',NULL),
(16091,16091,'',5058),
(16092,16092,'',NULL),
(16093,16093,'',NULL),
(16094,16094,'',NULL),
(16095,16095,'',NULL),
(16096,16096,'',5059),
(16097,16097,'',NULL),
(16098,16098,'',5060),
(16099,16099,'',NULL),
(16100,16100,'',NULL),
(16101,16101,'',NULL),
(16102,16102,'',NULL),
(16103,16103,'',5061),
(16104,16104,'',NULL),
(16105,16105,'',NULL),
(16106,16106,'',NULL),
(16107,16107,'',NULL),
(16108,16108,'',5062),
(16109,16109,'',NULL),
(16110,16110,'',NULL),
(16111,16111,'',NULL),
(16112,16112,'',5063),
(16113,16113,'',NULL),
(16114,16114,'',NULL),
(16115,16115,'',NULL),
(16116,16116,'',NULL),
(16117,16117,'',NULL),
(16118,16118,'',NULL),
(16119,16119,'',NULL),
(16120,16120,'',5064),
(16121,16121,'',NULL),
(16122,16122,'',NULL),
(16123,16123,'',5065),
(16124,16124,'',NULL),
(16125,16125,'',NULL),
(16126,16126,'',5066),
(16127,16127,'',NULL),
(16128,16128,'',NULL),
(16129,16129,'',NULL),
(16130,16130,'',NULL),
(16131,16131,'',5067),
(16132,16132,'',NULL),
(16133,16133,'',NULL),
(16134,16134,'',NULL),
(16135,16135,'',NULL),
(16136,16136,'',5068),
(16137,16137,'',NULL),
(16138,16138,'',NULL),
(16139,16139,'',NULL),
(16140,16140,'',NULL),
(16141,16141,'',5069),
(16142,16142,'',NULL),
(16143,16143,'',NULL),
(16144,16144,'',NULL),
(16145,16145,'',5070),
(16146,16146,'',NULL),
(16147,16147,'',NULL),
(16148,16148,'',NULL),
(16149,16149,'',NULL),
(16150,16150,'',5071),
(16151,16151,'',NULL),
(16152,16152,'',NULL),
(16153,16153,'',NULL),
(16154,16154,'',NULL),
(16155,16155,'',5072),
(16156,16156,'',NULL),
(16157,16157,'',NULL),
(16158,16158,'',5073),
(16159,16159,'',5074),
(16160,16160,'',NULL),
(16161,16161,'',NULL),
(16162,16162,'',5075),
(16163,16163,'',NULL),
(16164,16164,'',NULL),
(16165,16165,'',5076),
(16166,16166,'',NULL),
(16167,16167,'',NULL),
(16168,16168,'',5077),
(16169,16169,'',NULL),
(16170,16170,'',NULL),
(16171,16171,'',NULL),
(16172,16172,'',NULL),
(16173,16173,'',NULL),
(16174,16174,'',NULL),
(16175,16175,'',NULL),
(16176,16176,'',NULL),
(16177,16177,'',NULL),
(16178,16178,'',5078),
(16179,16179,'',NULL),
(16180,16180,'',5079),
(16181,16181,'',NULL),
(16182,16182,'',NULL),
(16183,16183,'',5080),
(16184,16184,'',NULL),
(16185,16185,'',NULL),
(16186,16186,'',5081),
(16187,16187,'',NULL),
(16188,16188,'',NULL),
(16189,16189,'',5082),
(16190,16190,'',NULL),
(16191,16191,'',NULL),
(16192,16192,'',5083),
(16193,16193,'',NULL),
(16194,16194,'',NULL),
(16195,16195,'',NULL),
(16196,16196,'',NULL),
(16197,16197,'',5084),
(16198,16198,'',NULL),
(16199,16199,'',NULL),
(16200,16200,'',5085),
(16201,16201,'',NULL),
(16202,16202,'',NULL),
(16203,16203,'',5086),
(16204,16204,'',NULL),
(16205,16205,'',NULL),
(16206,16206,'',5087),
(16207,16207,'',NULL),
(16208,16208,'',NULL),
(16209,16209,'',5088),
(16210,16210,'',NULL),
(16211,16211,'',NULL),
(16212,16212,'',5089),
(16213,16213,'',NULL),
(16214,16214,'',NULL),
(16215,16215,'',5090),
(16216,16216,'',NULL),
(16217,16217,'',NULL),
(16218,16218,'',5091),
(16219,16219,'',NULL),
(16220,16220,'',NULL),
(16221,16221,'',NULL),
(16222,16222,'',NULL),
(16223,16223,'',5092),
(16224,16224,'',NULL),
(16225,16225,'',NULL),
(16226,16226,'',NULL),
(16227,16227,'',NULL),
(16228,16228,'',5093),
(16229,16229,'',NULL),
(16230,16230,'',NULL),
(16231,16231,'',5094),
(16232,16232,'',NULL),
(16233,16233,'',NULL),
(16234,16234,'',5095),
(16235,16235,'',NULL),
(16236,16236,'',NULL),
(16237,16237,'',5096),
(16238,16238,'',NULL),
(16239,16239,'',5097),
(16240,16240,'',NULL),
(16241,16241,'',NULL),
(16242,16242,'',5098),
(16243,16243,'',NULL),
(16244,16244,'',NULL),
(16245,16245,'',5099),
(16246,16246,'',NULL),
(16247,16247,'',NULL),
(16248,16248,'',NULL),
(16249,16249,'',NULL),
(16250,16250,'',NULL),
(16251,16251,'',NULL),
(16252,16252,'',NULL),
(16253,16253,'',NULL),
(16254,16254,'',NULL),
(16255,16255,'',NULL),
(16256,16256,'',5100),
(16257,16257,'',5101),
(16258,16258,'',NULL),
(16259,16259,'',NULL),
(16260,16260,'',5102),
(16261,16261,'',NULL),
(16262,16262,'',5103),
(16263,16263,'',NULL),
(16264,16264,'',NULL),
(16265,16265,'',5104),
(16266,16266,'',NULL),
(16267,16267,'',5105),
(16268,16268,'',NULL),
(16269,16269,'',NULL),
(16270,16270,'',5106),
(16271,16271,'',NULL),
(16272,16272,'',NULL),
(16273,16273,'',5107),
(16274,16274,'',NULL),
(16275,16275,'',NULL),
(16276,16276,'',5108),
(16277,16277,'',NULL),
(16278,16278,'',5109),
(16279,16279,'',NULL),
(16280,16280,'',NULL),
(16281,16281,'',5110),
(16282,16282,'',NULL),
(16283,16283,'',NULL),
(16284,16284,'',5111),
(16285,16285,'',NULL),
(16286,16286,'',NULL),
(16287,16287,'',5112),
(16288,16288,'',NULL),
(16289,16289,'',NULL),
(16290,16290,'',5113),
(16291,16291,'',NULL),
(16292,16292,'',NULL),
(16293,16293,'',5114),
(16294,16294,'',NULL),
(16295,16295,'',NULL),
(16296,16296,'',5115),
(16297,16297,'',NULL),
(16298,16298,'',NULL),
(16299,16299,'',5116),
(16300,16300,'',5117),
(16301,16301,'',NULL),
(16302,16302,'',NULL),
(16303,16303,'',NULL),
(16304,16304,'',NULL),
(16305,16305,'',NULL),
(16306,16306,'',5118),
(16307,16307,'',NULL),
(16308,16308,'',NULL),
(16309,16309,'',5119),
(16310,16310,'',NULL),
(16311,16311,'',NULL),
(16312,16312,'',5120),
(16313,16313,'',NULL),
(16314,16314,'',NULL),
(16315,16315,'',5121),
(16316,16316,'',NULL),
(16317,16317,'',NULL),
(16318,16318,'',5122),
(16319,16319,'',5123),
(16320,16320,'',NULL),
(16321,16321,'',NULL),
(16322,16322,'',NULL),
(16323,16323,'',5124),
(16324,16324,'',NULL),
(16325,16325,'',NULL),
(16326,16326,'',5125),
(16327,16327,'',5126),
(16328,16328,'',5127),
(16329,16329,'',NULL),
(16330,16330,'',NULL),
(16331,16331,'',5128),
(16332,16332,'',NULL),
(16333,16333,'',NULL),
(16334,16334,'',5129),
(16335,16335,'',NULL),
(16336,16336,'',NULL),
(16337,16337,'',NULL),
(16338,16338,'',NULL),
(16339,16339,'',NULL),
(16340,16340,'',NULL),
(16341,16341,'',NULL),
(16342,16342,'',NULL),
(16343,16343,'',NULL),
(16344,16344,'',NULL),
(16345,16345,'',NULL),
(16346,16346,'',NULL),
(16347,16347,'',NULL),
(16348,16348,'',NULL),
(16349,16349,'',5130),
(16350,16350,'',NULL),
(16351,16351,'',NULL),
(16352,16352,'',NULL),
(16353,16353,'',NULL),
(16354,16354,'',NULL),
(16355,16355,'',5131),
(16356,16356,'',NULL),
(16357,16357,'',NULL),
(16358,16358,'',5132),
(16359,16359,'',NULL),
(16360,16360,'',NULL),
(16361,16361,'',5133),
(16362,16362,'',NULL),
(16363,16363,'',NULL),
(16364,16364,'',5134),
(16365,16365,'',NULL),
(16366,16366,'',NULL),
(16367,16367,'',NULL),
(16368,16368,'',NULL),
(16369,16369,'',NULL),
(16370,16370,'',5135),
(16371,16371,'',NULL),
(16372,16372,'',NULL),
(16373,16373,'',5136),
(16374,16374,'',NULL),
(16375,16375,'',NULL),
(16376,16376,'',5137),
(16377,16377,'',NULL),
(16378,16378,'',NULL),
(16379,16379,'',5138),
(16380,16380,'',NULL),
(16381,16381,'',NULL),
(16382,16382,'',5139),
(16383,16383,'',NULL),
(16384,16384,'',NULL),
(16385,16385,'',5140),
(16386,16386,'',NULL),
(16387,16387,'',NULL),
(16388,16388,'',5141),
(16389,16389,'',NULL),
(16390,16390,'',NULL),
(16391,16391,'',5142),
(16392,16392,'',NULL),
(16393,16393,'',NULL),
(16394,16394,'',5143),
(16395,16395,'',5144),
(16396,16396,'',NULL),
(16397,16397,'',NULL),
(16398,16398,'',5145),
(16399,16399,'',NULL),
(16400,16400,'',NULL),
(16401,16401,'',5146),
(16402,16402,'',NULL),
(16403,16403,'',NULL),
(16404,16404,'',5147),
(16405,16405,'',NULL),
(16406,16406,'',5148),
(16407,16407,'',NULL),
(16408,16408,'',NULL),
(16409,16409,'',5149),
(16410,16410,'',NULL),
(16411,16411,'',NULL),
(16412,16412,'',5150),
(16413,16413,'',NULL),
(16414,16414,'',NULL),
(16415,16415,'',5151),
(16416,16416,'',NULL),
(16417,16417,'',NULL),
(16418,16418,'',5152),
(16419,16419,'',NULL),
(16420,16420,'',5153),
(16421,16421,'lost (replaced by sir jordan yagong)',5154),
(16422,16422,'',5155),
(16423,16423,'',5156),
(16424,16424,'',5157),
(16425,16425,'',5158),
(16426,16426,'',5159),
(16427,16427,'',5160),
(16428,16428,'',NULL),
(16429,16429,'',5161),
(16430,16430,'',NULL),
(16431,16431,'',5162),
(16432,16432,'',5163),
(16433,16433,'',NULL),
(16434,16434,'',NULL),
(16435,16435,'',NULL),
(16436,16436,'',NULL),
(16437,16437,'',NULL),
(16438,16438,'',5164),
(16439,16439,'',NULL),
(16440,16440,'',5165),
(16441,16441,'',NULL),
(16442,16442,'',NULL),
(16443,16443,'',NULL),
(16444,16444,'',NULL),
(16445,16445,'',NULL),
(16446,16446,'',NULL),
(16447,16447,'',5166),
(16448,16448,'',NULL),
(16449,16449,'',NULL),
(16450,16450,'',NULL),
(16451,16451,'',NULL),
(16452,16452,'',NULL),
(16453,16453,'',5167),
(16454,16454,'',5168),
(16455,16455,'',5169),
(16456,16456,'',5170),
(16457,16457,'',5171),
(16458,16458,'',NULL),
(16459,16459,'',5172),
(16460,16460,'',NULL),
(16461,16461,'',NULL),
(16462,16462,'',5173),
(16463,16463,'',NULL),
(16464,16464,'',NULL),
(16465,16465,'',5174),
(16466,16466,'',NULL),
(16467,16467,'',NULL),
(16468,16468,'',NULL),
(16469,16469,'',NULL),
(16470,16470,'',5175),
(16471,16471,'',NULL),
(16472,16472,'',NULL),
(16473,16473,'',5176),
(16474,16474,'',NULL),
(16475,16475,'',NULL),
(16476,16476,'',NULL),
(16477,16477,'',NULL),
(16478,16478,'',NULL),
(16479,16479,'',NULL),
(16480,16480,'',NULL),
(16481,16481,'',NULL),
(16482,16482,'',NULL),
(16483,16483,'',NULL),
(16484,16484,'',NULL),
(16485,16485,'',5177),
(16486,16486,'',NULL),
(16487,16487,'',NULL),
(16488,16488,'',5178),
(16489,16489,'',NULL),
(16490,16490,'',NULL),
(16491,16491,'',NULL),
(16492,16492,'',NULL),
(16493,16493,'',5179),
(16494,16494,'',NULL),
(16495,16495,'',NULL),
(16496,16496,'',NULL),
(16497,16497,'',NULL),
(16498,16498,'',5180),
(16499,16499,'',NULL),
(16500,16500,'',5181),
(16501,16501,'',NULL),
(16502,16502,'',NULL),
(16503,16503,'',NULL),
(16504,16504,'',NULL),
(16505,16505,'',5182),
(16506,16506,'',NULL),
(16507,16507,'',NULL),
(16508,16508,'',NULL),
(16509,16509,'',NULL),
(16510,16510,'',NULL),
(16511,16511,'',NULL),
(16512,16512,'',NULL),
(16513,16513,'',NULL),
(16514,16514,'',NULL),
(16515,16515,'',5183),
(16516,16516,'',NULL),
(16517,16517,'',NULL),
(16518,16518,'',NULL),
(16519,16519,'',NULL),
(16520,16520,'',NULL),
(16521,16521,'',NULL),
(16522,16522,'',5184),
(16523,16523,'',NULL),
(16524,16524,'',NULL),
(16525,16525,'',5185),
(16526,16526,'',NULL),
(16527,16527,'',NULL),
(16528,16528,'',NULL),
(16529,16529,'',NULL),
(16530,16530,'',5186),
(16531,16531,'',NULL),
(16532,16532,'',NULL),
(16533,16533,'',5187),
(16534,16534,'',NULL),
(16535,16535,'',NULL),
(16536,16536,'',NULL),
(16537,16537,'',NULL),
(16538,16538,'',NULL),
(16539,16539,'',NULL),
(16540,16540,'',NULL),
(16541,16541,'',NULL),
(16542,16542,'',NULL),
(16543,16543,'',NULL),
(16544,16544,'',NULL),
(16545,16545,'',NULL),
(16546,16546,'',NULL),
(16547,16547,'',NULL),
(16548,16548,'',5188),
(16549,16549,'',NULL),
(16550,16550,'',NULL),
(16551,16551,'',NULL),
(16552,16552,'',NULL),
(16553,16553,'',5189),
(16554,16554,'',5190),
(16555,16555,'',5191),
(16556,16556,'',5192),
(16557,16557,'',5193),
(16558,16558,'',5194),
(16559,16559,'',5195),
(16560,16560,'',5196),
(16561,16561,'',5197),
(16562,16562,'',5198),
(16563,16563,'',5199),
(16564,16564,' ',NULL),
(16565,16565,'',5200),
(16566,16566,'',5201),
(16567,16567,'',NULL),
(16568,16568,'',NULL),
(16569,16569,'',NULL),
(16570,16570,'',NULL),
(16571,16571,'',5202),
(16572,16572,'',NULL),
(16573,16573,'',NULL),
(16574,16574,'',NULL),
(16575,16575,'',NULL),
(16576,16576,'',5203),
(16577,16577,'',NULL),
(16578,16578,'',NULL),
(16579,16579,'',NULL),
(16580,16580,'',NULL),
(16581,16581,'',NULL),
(16582,16582,'',NULL),
(16583,16583,'',NULL),
(16584,16584,'',NULL),
(16585,16585,'',NULL),
(16586,16586,'',5204),
(16587,16587,'',NULL),
(16588,16588,'',NULL),
(16589,16589,'',NULL),
(16590,16590,'',NULL),
(16591,16591,'',5205),
(16592,16592,'',NULL),
(16593,16593,'',NULL),
(16594,16594,'',NULL),
(16595,16595,'',NULL),
(16596,16596,'',5206),
(16597,16597,'',NULL),
(16598,16598,'',NULL),
(16599,16599,'',NULL),
(16600,16600,'',NULL),
(16601,16601,'',5207),
(16602,16602,'',NULL),
(16603,16603,'',NULL),
(16604,16604,'',NULL),
(16605,16605,'',NULL),
(16606,16606,'',5208),
(16607,16607,'',NULL),
(16608,16608,'',NULL),
(16609,16609,'',NULL),
(16610,16610,'',NULL),
(16611,16611,'',5209),
(16612,16612,'',NULL),
(16613,16613,'',NULL),
(16614,16614,'',NULL),
(16615,16615,'',NULL),
(16616,16616,'',5210),
(16617,16617,'',NULL),
(16618,16618,'',NULL),
(16619,16619,'',NULL),
(16620,16620,'',NULL),
(16621,16621,'',5211),
(16622,16622,'',NULL),
(16623,16623,'',NULL),
(16624,16624,'',5212),
(16625,16625,'',NULL),
(16626,16626,'',NULL),
(16627,16627,'',NULL),
(16628,16628,'',NULL),
(16629,16629,'',5213),
(16630,16630,'',NULL),
(16631,16631,'',NULL),
(16632,16632,'',NULL),
(16633,16633,'',NULL),
(16634,16634,'',5214),
(16635,16635,'',NULL),
(16636,16636,'',NULL),
(16637,16637,'',5215),
(16638,16638,'',NULL),
(16639,16639,'',NULL),
(16640,16640,'',NULL),
(16641,16641,'',NULL),
(16642,16642,'',5216),
(16643,16643,'',NULL),
(16644,16644,'',NULL),
(16645,16645,'',NULL),
(16646,16646,'',NULL),
(16647,16647,'',5217),
(16648,16648,'',NULL),
(16649,16649,'',NULL),
(16650,16650,'',5218),
(16651,16651,'',NULL),
(16652,16652,'',NULL),
(16653,16653,'',5219),
(16654,16654,'',NULL),
(16655,16655,'',NULL);
/*!40000 ALTER TABLE `book_remarks` ENABLE KEYS */;
UNLOCK TABLES;

--
-- Table structure for table `book_renewals`
--

DROP TABLE IF EXISTS `book_renewals`;
/*!40101 SET @saved_cs_client     = @@character_set_client */;
/*!40101 SET character_set_client = utf8 */;
CREATE TABLE `book_renewals` (
  `renewal_id` int(11) NOT NULL AUTO_INCREMENT,
  `transaction_id` int(11) NOT NULL,
  `user_id` int(11) NOT NULL,
  `renewal_days` int(11) NOT NULL,
  `requested_date` datetime DEFAULT NULL,
  `approval_status` enum('Approved','Cancelled','Pending') DEFAULT 'Pending',
  `updated_at` datetime DEFAULT current_timestamp() ON UPDATE current_timestamp(),
  PRIMARY KEY (`renewal_id`)
) ENGINE=InnoDB AUTO_INCREMENT=10 DEFAULT CHARSET=utf8mb4 COLLATE=utf8mb4_unicode_ci;
/*!40101 SET character_set_client = @saved_cs_client */;

--
-- Dumping data for table `book_renewals`
--

LOCK TABLES `book_renewals` WRITE;
/*!40000 ALTER TABLE `book_renewals` DISABLE KEYS */;
INSERT INTO `book_renewals` VALUES
(9,32,7,1,'2023-11-30 12:13:28','Pending','2023-11-30 12:13:28');
/*!40000 ALTER TABLE `book_renewals` ENABLE KEYS */;
UNLOCK TABLES;

--
-- Table structure for table `book_transactions`
--

DROP TABLE IF EXISTS `book_transactions`;
/*!40101 SET @saved_cs_client     = @@character_set_client */;
/*!40101 SET character_set_client = utf8 */;
CREATE TABLE `book_transactions` (
  `transaction_id` int(11) NOT NULL AUTO_INCREMENT,
  `book_id` int(11) NOT NULL,
  `user_id` int(11) NOT NULL,
  `transaction_type` enum('Borrowed','Returned','Checked In','Checked Out','Held','Reserved','Renewal') NOT NULL,
  `transaction_date` datetime NOT NULL,
  `due_date` datetime DEFAULT NULL,
  `status` enum('Active','Completed','Cancelled') NOT NULL,
  `updated_at` datetime NOT NULL DEFAULT current_timestamp(),
  `pending_transaction_id` int(11) DEFAULT NULL,
  PRIMARY KEY (`transaction_id`),
  UNIQUE KEY `pending_transaction_id` (`pending_transaction_id`),
  KEY `book_id` (`book_id`),
  KEY `user_id` (`user_id`),
  CONSTRAINT `book_transactions_ibfk_1` FOREIGN KEY (`book_id`) REFERENCES `books` (`book_id`),
  CONSTRAINT `book_transactions_ibfk_2` FOREIGN KEY (`user_id`) REFERENCES `user_info` (`user_id`)
) ENGINE=InnoDB AUTO_INCREMENT=65 DEFAULT CHARSET=utf8mb4 COLLATE=utf8mb4_unicode_ci;
/*!40101 SET character_set_client = @saved_cs_client */;

--
-- Dumping data for table `book_transactions`
--

LOCK TABLES `book_transactions` WRITE;
/*!40000 ALTER TABLE `book_transactions` DISABLE KEYS */;
INSERT INTO `book_transactions` VALUES
(61,4927,22,'Returned','2023-12-14 10:21:00','2023-12-14 10:22:00','Completed','2023-12-14 10:21:00',115),
(62,4927,21,'Checked Out','2023-12-14 10:53:31','2023-12-14 10:54:31','Active','2023-12-14 10:53:31',116),
(63,4935,21,'Checked Out','2023-12-15 11:36:36','2023-12-15 11:37:36','Active','2023-12-15 11:36:36',118),
(64,5021,23,'Checked Out','2023-12-15 13:53:08','2023-12-15 13:54:08','Active','2023-12-15 13:53:08',119);
/*!40000 ALTER TABLE `book_transactions` ENABLE KEYS */;
UNLOCK TABLES;
/*!50003 SET @saved_cs_client      = @@character_set_client */ ;
/*!50003 SET @saved_cs_results     = @@character_set_results */ ;
/*!50003 SET @saved_col_connection = @@collation_connection */ ;
/*!50003 SET character_set_client  = utf8mb4 */ ;
/*!50003 SET character_set_results = utf8mb4 */ ;
/*!50003 SET collation_connection  = utf8mb4_unicode_ci */ ;
/*!50003 SET @saved_sql_mode       = @@sql_mode */ ;
/*!50003 SET sql_mode              = 'IGNORE_SPACE,STRICT_TRANS_TABLES,ERROR_FOR_DIVISION_BY_ZERO,NO_AUTO_CREATE_USER,NO_ENGINE_SUBSTITUTION' */ ;
DELIMITER ;;
/*!50003 CREATE*/ /*!50017 DEFINER=`root`@`localhost`*/ /*!50003 TRIGGER before_book_returned
BEFORE UPDATE ON book_transactions
FOR EACH ROW
BEGIN
    DECLARE v_book_id INT;
    DECLARE v_user_id INT;
    DECLARE v_due_date DATETIME;
    DECLARE v_title VARCHAR(255);
    DECLARE v_created_at DATETIME;
   	DECLARE v_pending_transaction_ID INT;

    IF NEW.status = 'Completed' THEN
    	CALL HoldInsertIntoBookTransaction(NEW.pending_transaction_id);
        -- Get book_id, user_id, and other details from pending_transactions
--         SELECT book_id, user_id, request_date
--         INTO v_book_id, v_user_id, v_created_at
--         FROM pending_transactions
--         WHERE pending_transaction_id = NEW.pending_transaction_id;
--        	
-- 
--         -- Update book_holds
--         UPDATE book_holds
--         SET hold_status = 'done'
--         WHERE pending_transaction_id = NEW.pending_transaction_id;
-- 
--         -- Set a due date
--         SET v_due_date = DATE_ADD(NOW(), INTERVAL 5 DAY);
-- 
--         -- Insert a new row into book_transactions
-- 	    INSERT INTO book_transactions (book_id, user_id, transaction_type, transaction_date, due_date, status, pending_transaction_id)
-- 	  	VALUES (v_book_id, v_user_id, 'Held', NOW(), v_due_date, 'Active', NEW.pending_transaction_id);
-- 
--         -- Insert a notification
--         INSERT INTO notifications (user_id, message, notification_type, creation_date)
--         VALUES (v_user_id, CONCAT('The book ', v_title, ' you held on ', DATE_FORMAT(v_created_at, '%M %e, %Y'), ' is available for checked out on this day ', DATE_FORMAT(NOW(), '%M %e, %Y')), 'Held', NOW());
    END IF;
END */;;
DELIMITER ;
/*!50003 SET sql_mode              = @saved_sql_mode */ ;
/*!50003 SET character_set_client  = @saved_cs_client */ ;
/*!50003 SET character_set_results = @saved_cs_results */ ;
/*!50003 SET collation_connection  = @saved_col_connection */ ;

--
-- Table structure for table `books`
--

DROP TABLE IF EXISTS `books`;
/*!40101 SET @saved_cs_client     = @@character_set_client */;
/*!40101 SET character_set_client = utf8 */;
CREATE TABLE `books` (
  `book_id` int(11) NOT NULL AUTO_INCREMENT,
  `date_received` varchar(50) DEFAULT NULL,
  `title` varchar(255) DEFAULT NULL,
  `author_id` int(11) DEFAULT NULL,
  `edition` varchar(50) DEFAULT NULL,
  `publisher_id` int(11) DEFAULT NULL,
  `copyright_yr` varchar(50) DEFAULT NULL,
  `cost_price` float DEFAULT 0,
  `book_status` varchar(50) DEFAULT NULL,
  `total_checkedout` int(11) NOT NULL DEFAULT 0,
  `updated_at` timestamp NULL DEFAULT current_timestamp() ON UPDATE current_timestamp(),
  `created_at` timestamp NOT NULL DEFAULT current_timestamp(),
  PRIMARY KEY (`book_id`),
  UNIQUE KEY `title` (`title`)
) ENGINE=InnoDB AUTO_INCREMENT=5220 DEFAULT CHARSET=utf8mb4 COLLATE=utf8mb4_unicode_ci;
/*!40101 SET character_set_client = @saved_cs_client */;

--
-- Dumping data for table `books`
--

LOCK TABLES `books` WRITE;
/*!40000 ALTER TABLE `books` DISABLE KEYS */;
INSERT INTO `books` VALUES
(4927,'wed jun 08 2016','philippine history and government',1604,'6th',1604,'2014',0,'old',7,'2023-12-15 05:52:28','2023-11-30 04:20:29'),
(4928,'wed jun 08 2016','english 2: writing in the discipline',1605,'',1605,'2010',0,'old',6,'2023-12-02 15:12:20','2023-11-30 04:20:29'),
(4929,'wed jun 08 2016','effective college composition writing: communication arts 2',1606,'',1606,'2014',0,'old',1,'2023-11-30 10:14:03','2023-11-30 04:20:29'),
(4930,'wed jun 08 2016','jose rizal: life, works and writing of a genius, writer….',1607,'',1607,'2014',0,'old',3,'2023-12-01 06:47:54','2023-11-30 04:20:29'),
(4931,'wed jun 08 2016','campus journalism & school paper advising',1608,'2nd',1608,'2010',0,'old',2,'2023-12-03 08:44:11','2023-11-30 04:20:29'),
(4932,'wed jun 08 2016','constitution made simple',1609,'',1609,'2013',0,'old',2,'2023-12-01 06:47:58','2023-11-30 04:20:29'),
(4933,'wed jun 08 2016','logic for filipinos',1610,'3rd',1610,'2013',0,'old',3,'2023-12-02 15:03:53','2023-11-30 04:20:29'),
(4934,'wed jun 08 2016','world literature: literacy gems of the est and west',1611,'',1611,'2011',0,'old',1,'2023-12-02 14:02:35','2023-11-30 04:20:29'),
(4935,'wed jun 08 2016','plane trigonometry: simplified & integrated',1612,'',1612,'2012',0,'old',1,'2023-12-15 03:37:01','2023-11-30 04:20:29'),
(4936,'wed jun 08 2016','p.e. 4: sports',1613,'',1613,'2004',0,'new',3,'2023-12-05 03:19:51','2023-11-30 04:20:29'),
(4937,'wed jun 08 2016','',1614,'',1614,'2004',0,'old',0,'2023-11-28 18:43:24','2023-11-30 04:20:29'),
(4938,'wed jun 08 2016','p.e. 1: self- testing activites',1615,'',1615,'2005',0,'old',8,'2023-12-14 02:28:51','2023-11-30 04:20:29'),
(4939,'wed jun 08 2016','p.e. 2: rhytmic activities',1616,'',1616,'2004',0,'old',0,'2023-12-14 02:28:51','2023-12-14 02:28:51'),
(4940,'wed jun 08 2016','fundamentals of mathematics 1',1617,'',1617,'2010',0,'old',0,'2023-12-14 02:28:51','2023-12-14 02:28:51'),
(4941,'wed jun 08 2016','principles of teaching 1',1618,'',1618,'2013',0,'old',0,'2023-12-14 02:28:51','2023-12-14 02:28:51'),
(4942,'wed jun 08 2016','contemporary mathematics',1619,'',1619,'2011',0,'old',0,'2023-12-14 02:28:51','2023-12-14 02:28:51'),
(4943,'wed jun 08 2016','child and adolescent development',1620,'',1620,'2010',0,'old',0,'2023-12-14 02:28:51','2023-12-14 02:28:51'),
(4944,'wed jun 08 2016','social dimensions of education',1621,'',1621,'2009',0,'old',0,'2023-12-14 02:28:51','2023-12-14 02:28:51'),
(4945,'wed jun 08 2016','developmental reading 2',1622,'',1622,'2009',0,'old',0,'2023-12-14 02:28:51','2023-12-14 02:28:51'),
(4946,'wed jun 08 2016','principles and methods of teaching',1623,'',1623,'1960',0,'old',0,'2023-12-14 02:28:51','2023-12-14 02:28:51'),
(4947,'wed jun 08 2016','curriculum development: the philippine experience',1624,'',1624,'2008',0,'old',0,'2023-12-14 02:28:51','2023-12-14 02:28:51'),
(4948,'wed jun 08 2016','educational testing & measurement',1625,'8th',1625,'2007',0,'old',0,'2023-12-14 02:28:51','2023-12-14 02:28:51'),
(4949,'wed jun 08 2016','fundamentals of biology 1',1626,'',1626,'2011',0,'old',0,'2023-12-14 02:28:51','2023-12-14 02:28:51'),
(4950,'wed jun 08 2016','teaching strategies 1',1627,'',1627,'2003',0,'old',0,'2023-12-14 02:28:51','2023-12-14 02:28:51'),
(4951,'wed jun 08 2016','fundamentals of statistics',1628,'',1628,'2005',0,'old',0,'2023-12-14 02:28:51','2023-12-14 02:28:51'),
(4952,'thu jun 09 2016','educational technology 2',1629,'',1629,'2012',0,'old',0,'2023-12-14 02:28:51','2023-12-14 02:28:51'),
(4953,'thu jun 09 2016','educational technology 1',1630,'',1630,'2012',0,'old',0,'2023-12-14 02:28:51','2023-12-14 02:28:51'),
(4954,'thu jun 09 2016','assessment of learning 1',1631,'',1631,'2007',0,'old',0,'2023-12-14 02:28:52','2023-12-14 02:28:52'),
(4955,'','advanced methods in educational assessment and education',1632,'',1632,'2007',0,'old',0,'2023-12-14 02:28:52','2023-12-14 02:28:52'),
(4956,'thu jun 09 2016','elements of good teaching',1633,'',1633,'2007',0,'old',0,'2023-12-14 02:28:52','2023-12-14 02:28:52'),
(4957,'thu jun 09 2016','elements of teaching',1634,'',1634,'2012',0,'old',0,'2023-12-14 02:28:52','2023-12-14 02:28:52'),
(4958,'thu jun 09 2016','assessment of learning outcomes',1635,'',1635,'2012',0,'old',0,'2023-12-14 02:28:52','2023-12-14 02:28:52'),
(4959,'thu jun 09 2016','methods of teaching',1636,'',1636,'2006',0,'old',0,'2023-12-14 02:28:52','2023-12-14 02:28:52'),
(4960,'thu jun 09 2016','developmental reading 1',1637,'',1637,'2008',0,'old',0,'2023-12-14 02:28:52','2023-12-14 02:28:52'),
(4961,'thu jun 09 2016','the teaching profession',1638,'',1638,'2012',0,'old',0,'2023-12-14 02:28:52','2023-12-14 02:28:52'),
(4962,'sat jun 11 2016','principles of teaching 2',1639,'',1639,'2006',0,'old',0,'2023-12-14 02:28:52','2023-12-14 02:28:52'),
(4963,'sat jun 11 2016','principles of teaching 2: a modular approach',1640,'',1640,'2010',0,'old',0,'2023-12-14 02:28:52','2023-12-14 02:28:52'),
(4964,'sat jun 11 2016','principles of teaching 1: a modular approach',1641,'',1641,'2009',0,'old',0,'2023-12-14 02:28:52','2023-12-14 02:28:52'),
(4965,'sat jun 11 2016','teaching and the teacher',1642,'',1642,'2005',0,'old',0,'2023-12-14 02:28:52','2023-12-14 02:28:52'),
(4966,'sat jun 11 2016','teaching children science',1643,'',1643,'2002',0,'old',0,'2023-12-14 02:28:52','2023-12-14 02:28:52'),
(4967,'sat jun 11 2016','classroom management: preparing special education teachers',1644,'',1644,'2010',0,'old',0,'2023-12-14 02:28:52','2023-12-14 02:28:52'),
(4968,'tue jun 14 2016','curriculum development',1645,'',1645,'2010',0,'old',0,'2023-12-14 02:28:52','2023-12-14 02:28:52'),
(4969,'tue jun 14 2016','facilitating learning: a metacognitive process',1646,'',1646,'2011',0,'old',0,'2023-12-14 02:28:52','2023-12-14 02:28:52'),
(4970,'tue jun 14 2016','intro to:  mass communication, media literacy and culture',1647,'',1647,'2012',0,'old',0,'2023-12-14 02:28:53','2023-12-14 02:28:53'),
(4971,'tue jun 14 2016','speech and oral communication',1648,'',1648,'2003',0,'old',0,'2023-12-14 02:28:53','2023-12-14 02:28:53'),
(4972,'tue jun 14 2016','nstp: literacy training service 1',1649,'',1649,'2005',0,'old',0,'2023-12-14 02:28:53','2023-12-14 02:28:53'),
(4973,'tue jun 14 2016','english for business: a guide to effective business communication',1650,'',1650,'2006',0,'old',0,'2023-12-14 02:28:53','2023-12-14 02:28:53'),
(4974,'tue jun 14 2016','the teaching of sci. & health, mathematics, & home economics, and practical arts',1651,'',1651,'1996',0,'old',0,'2023-12-14 02:28:53','2023-12-14 02:28:53'),
(4975,'tue jun 14 2016','manual on community immersion and integration',1652,'',1652,'2003',0,'old',0,'2023-12-14 02:28:53','2023-12-14 02:28:53'),
(4976,'wed jun 15 2016','language research: principles and application',1653,'',1653,'2011',0,'old',0,'2023-12-14 02:28:53','2023-12-14 02:28:53'),
(4977,'wed jun 15 2016','pundasyon sa pagtuturo ng hekasi sa paaralang elementarya',1654,'',1654,'2009',0,'old',0,'2023-12-14 02:28:53','2023-12-14 02:28:53'),
(4978,'wed jun 15 2016','language and literature assessment: a comprehensive guide',1655,'',1655,'2010',0,'old',0,'2023-12-14 02:28:53','2023-12-14 02:28:53'),
(4979,'wed jun 15 2016','business writing that works',1656,'',1656,'2011',0,'old',0,'2023-12-14 02:28:53','2023-12-14 02:28:53'),
(4980,'fri jun 17 2016','english 2: effective  writing across discipline',1657,'',1657,'2003',0,'old',0,'2023-12-14 02:28:53','2023-12-14 02:28:53'),
(4981,'fri jun 17 2016','functional text in english 1',1658,'',1658,'2002',0,'old',0,'2023-12-14 02:28:53','2023-12-14 02:28:53'),
(4982,'fri jun 17 2016','natural science: biological science ',1659,'',1659,'2005',0,'old',0,'2023-12-14 02:28:53','2023-12-14 02:28:53'),
(4983,'fri jun 17 2016','filipino 2: pagbasa at pagsulat tungo sa pananalisik',1660,'',1660,'2005',0,'old',0,'2023-12-14 02:28:53','2023-12-14 02:28:53'),
(4984,'fri jun 17 2016','english plus: basic grammar focusing on communicative functions',1661,'',1661,'2003',0,'old',0,'2023-12-14 02:28:53','2023-12-14 02:28:53'),
(4985,'fri jun 17 2016','teaching strategies and educational alternatives',1662,'',1662,'2002',0,'old',0,'2023-12-14 02:28:53','2023-12-14 02:28:53'),
(4986,'fri jun 17 2016','supervision of instruction: the philippine perspective',1663,'',1663,'2008',0,'old',0,'2023-12-14 02:28:53','2023-12-14 02:28:53'),
(4987,'fri jun 17 2016','human growth development and learning',1664,'',1664,'2004',0,'old',0,'2023-12-14 02:28:53','2023-12-14 02:28:53'),
(4988,'fri jun 17 2016','thesis writing with confidence',1665,'',1665,'2011',0,'old',0,'2023-12-14 02:28:53','2023-12-14 02:28:53'),
(4989,'fri jun 17 2016','the law and the teaching profession in the philippines',1666,'',1666,'2008',0,'old',0,'2023-12-14 02:28:53','2023-12-14 02:28:53'),
(4990,'fri jun 17 2016','filipino 1: komunikasyon sa akademikong filipino',1667,'',1667,'',0,'old',0,'2023-12-14 02:28:53','2023-12-14 02:28:53'),
(4991,'fri jun 17 2016','introduction to biological science 3rd ed.',1668,'',1668,'2006',0,'new',0,'2023-12-14 02:28:53','2023-12-14 02:28:53'),
(4992,'fri jun 17 2016','ethics for educators: a college textbook for teacher education and educators ',1669,'',1669,'2006',0,'old',0,'2023-12-14 02:28:53','2023-12-14 02:28:53'),
(4993,'fri jun 17 2016','research-based teaching and learning',1670,'',1670,'2006',0,'old',0,'2023-12-14 02:28:53','2023-12-14 02:28:53'),
(4994,'fri jun 17 2016','fundamentals of research & research designing',1671,'',1671,'2003',0,'old',0,'2023-12-14 02:28:53','2023-12-14 02:28:53'),
(4995,'fri jun 17 2016','conducting research: a practical application',1672,'',1672,'2000',0,'old',0,'2023-12-14 02:28:53','2023-12-14 02:28:53'),
(4996,'fri jun 17 2016','understanding by design',1673,'',1673,'2005',0,'old',0,'2023-12-14 02:28:58','2023-12-14 02:28:53'),
(4997,'fri jun 17 2016','principles of environment science: inquiry & applications',1674,'',1674,'2009',0,'old',0,'2023-12-14 02:28:53','2023-12-14 02:28:53'),
(4998,'fri jun 17 2016','teaching reading: sample integrated lessons in reading',1675,'',1675,'2002',0,'old',0,'2023-12-14 02:28:53','2023-12-14 02:28:53'),
(4999,'fri jun 17 2016','teaching strategies in social science for elementary',1676,'',1676,'2002',0,'old',0,'2023-12-14 02:28:54','2023-12-14 02:28:53'),
(5000,'fri jun 17 2016','teaching approaches & strategies',1677,'',1677,'2008',0,'old',0,'2023-12-14 02:28:54','2023-12-14 02:28:54'),
(5001,'sat jun 18 2016','foundations of educations ii',1678,'',1678,'2003',0,'old',0,'2023-12-14 02:28:54','2023-12-14 02:28:54'),
(5002,'sat jun 18 2016','assessment of student learning 1: cognitive learning',1679,'',1679,'2010',0,'old',0,'2023-12-14 02:28:54','2023-12-14 02:28:54'),
(5003,'tue jun 21 2016','research in education',1680,'',1680,'2006',0,'old',0,'2023-12-14 02:28:54','2023-12-14 02:28:54'),
(5004,'tue jun 21 2016','introduction to logic',1681,'4th',1681,'2010',0,'old',0,'2023-12-14 02:28:54','2023-12-14 02:28:54'),
(5005,'tue jun 21 2016','general psychology',1682,'',1682,'2015',0,'old',0,'2023-12-14 02:28:54','2023-12-14 02:28:54'),
(5006,'tue jun 21 2016','logic: the essentials of deductive reasoning',1683,'2nd',1683,'2007',0,'old',0,'2023-12-14 02:28:54','2023-12-14 02:28:54'),
(5007,'tue jun 21 2016','ethics and the filipino: a manual on morals',1684,'2nd',1684,'2008',0,'old',0,'2023-12-14 02:28:54','2023-12-14 02:28:54'),
(5008,'tue jun 21 2016','principles and experiments: physical science',1685,'',1685,'2007',0,'old',0,'2023-12-14 02:28:54','2023-12-14 02:28:54'),
(5009,'tue jun 21 2016','introduction to biology: laboratory manual',1686,'',1686,'2010',0,'old',0,'2023-12-14 02:28:54','2023-12-14 02:28:54'),
(5010,'wed jun 22 2016','makabagong arnis de mano',1687,'',1687,'1994',0,'old',0,'2023-12-14 02:28:54','2023-12-14 02:28:54'),
(5011,'wed jun 22 2016','filipino philosophy today',1688,'',1688,'2008',0,'old',0,'2023-12-14 02:28:54','2023-12-14 02:28:54'),
(5012,'wed jun 22 2016','ugat ng panitikang pilipino',1689,'',1689,'2005',0,'old',0,'2023-12-14 02:28:54','2023-12-14 02:28:54'),
(5013,'wed jun 22 2016','sining ng pakikipagtalastasan pangkolehiyo',1690,'',1690,'1983',0,'old',0,'2023-12-14 02:28:54','2023-12-14 02:28:54'),
(5014,'wed jun 29 2016','diaspora at iba pang mga kwento',1691,'',1691,'2005',0,'old',0,'2023-12-14 02:28:54','2023-12-14 02:28:54'),
(5015,'wed jun 29 2016','modern biology (philippine version)',1692,'',1692,'1993',0,'old',0,'2023-12-14 02:28:54','2023-12-14 02:28:54'),
(5016,'wed jun 29 2016','masining na pagpapahayag (filipino 3)',1693,'',1693,'2011',0,'old',0,'2023-12-14 02:28:54','2023-12-14 02:28:54'),
(5017,'wed jun 29 2016','philippine literature',1694,'',1694,'2000',0,'old',0,'2023-12-14 02:28:54','2023-12-14 02:28:54'),
(5018,'wed jun 29 2016','the making of a filipino philosopher & other essay',1695,'',1695,'2009',0,'old',0,'2023-12-14 02:28:54','2023-12-14 02:28:54'),
(5019,'wed jun 29 2016','a travel to the literature of the world',1696,'',1696,'2007',0,'old',0,'2023-12-14 02:28:55','2023-12-14 02:28:55'),
(5020,'wed jun 29 2016','socrates to satre and beyond',1697,'',1697,'2008',0,'old',0,'2023-12-14 02:28:55','2023-12-14 02:28:55'),
(5021,'sat jul 02 2016','applied electromagnetics: using quickfield and matlab',1698,'',1698,'2008',0,'new',1,'2023-12-15 05:53:24','2023-12-14 02:28:55'),
(5022,'sat jul 02 2016','applied operating system concepts',1699,'',1699,'2008',0,'new',0,'2023-12-14 02:28:55','2023-12-14 02:28:55'),
(5023,'wed jul 06 2016','selling beyond ebay',1700,'',1700,'2006',0,'new',0,'2023-12-14 02:28:55','2023-12-14 02:28:55'),
(5024,'wed jul 06 2016','object-oriented system development',1701,'',1701,'2000',0,'old',0,'2023-12-14 02:28:55','2023-12-14 02:28:55'),
(5025,'wed jul 06 2016','principles of interactive multimedia',1702,'',1702,'2001',0,'old',0,'2023-12-14 02:28:55','2023-12-14 02:28:55'),
(5026,'wed jul 06 2016','microsoft virtualization w/ hyper-v',1703,'',1703,'2009',0,'old',0,'2023-12-14 02:28:55','2023-12-14 02:28:55'),
(5027,'wed jul 06 2016','how to sell anythinh on yahoo and make a fortune',1704,'',1704,'2007',0,'old',0,'2023-12-14 02:28:55','2023-12-14 02:28:55'),
(5028,'wed jul 06 2016','bulletproofing tcp/ip-based windows nt/2000 networks',1705,'',1705,'2001',0,'new',0,'2023-12-14 02:28:55','2023-12-14 02:28:55'),
(5029,'wed jul 06 2016','a management approach to database application',1706,'',1706,'2002',0,'old',0,'2023-12-14 02:28:55','2023-12-14 02:28:55'),
(5030,'wed jul 06 2016','www. imaging',1707,'',1707,'2002',0,'new',0,'2023-12-14 02:28:55','2023-12-14 02:28:55'),
(5031,'wed jul 06 2016','insolvency and information technology',1708,'',1708,'2000',0,'new',0,'2023-12-14 02:28:55','2023-12-14 02:28:55'),
(5032,'wed jul 06 2016','oracle database ajax & php web application development',1709,'',1709,'2008',0,'new',0,'2023-12-14 02:28:55','2023-12-14 02:28:55'),
(5033,'wed jul 06 2016','theory and problems of xml',1710,'',1710,'2002',0,'new',0,'2023-12-14 02:28:55','2023-12-14 02:28:55'),
(5034,'wed jul 06 2016','html',1711,'',1711,'2002',0,'new',0,'2023-12-14 02:28:55','2023-12-14 02:28:55'),
(5035,'wed jul 06 2016','system analysis and design',1712,'',1712,'2006',0,'old',0,'2023-12-14 02:28:58','2023-12-14 02:28:55'),
(5036,'wed jul 06 2016','how to sell music, collections, and instruments on ebay…',1713,'',1713,'2005',0,'old',0,'2023-12-14 02:28:55','2023-12-14 02:28:55'),
(5037,'wed jul 06 2016','digital principles and design',1714,'',1714,'2003',0,'new',0,'2023-12-14 02:28:55','2023-12-14 02:28:55'),
(5038,'wed jul 06 2016','windows server: undocumented solutions',1715,'',1715,'2003',0,'old',0,'2023-12-14 02:28:55','2023-12-14 02:28:55'),
(5039,'wed jul 06 2016','c++ programming',1716,'',1716,'2002',0,'old',0,'2023-12-14 02:28:55','2023-12-14 02:28:55'),
(5040,'wed jul 06 2016','foundations of c programming',1717,'',1717,'2011',0,'old',0,'2023-12-14 02:28:55','2023-12-14 02:28:55'),
(5041,'wed jul 06 2016','computer organization and architecture',1718,'',1718,'2010',0,'old',0,'2023-12-14 02:28:55','2023-12-14 02:28:55'),
(5042,'wed jul 06 2016','introduction to sql server 2008 database programming',1719,'',1719,'2010',0,'old',0,'2023-12-14 02:28:55','2023-12-14 02:28:55'),
(5043,'wed jul 06 2016','introduction to visual c++ 6.0 programming',1720,'',1720,'2005',0,'old',0,'2023-12-14 02:28:55','2023-12-14 02:28:55'),
(5044,'fri jul 08 2016','microsoft word 2002',1721,'',1721,'2002',0,'new',0,'2023-12-14 02:28:55','2023-12-14 02:28:55'),
(5045,'fri jul 08 2016','introduction to information system',1722,'',1722,'2005',0,'new',0,'2023-12-14 02:28:55','2023-12-14 02:28:55'),
(5046,'fri jul 08 2016','msce windows 2000 professionals',1723,'',1723,'2002',0,'old',0,'2023-12-14 02:28:55','2023-12-14 02:28:55'),
(5047,'fri jul 08 2016','fixed mobile convergence',1724,'',1724,'2008',0,'old',0,'2023-12-14 02:28:55','2023-12-14 02:28:55'),
(5048,'fri jul 08 2016','turn ebay data into dollars',1725,'',1725,'2006',0,'old',0,'2023-12-14 02:28:55','2023-12-14 02:28:55'),
(5049,'fri jul 08 2016','blown to bits',1726,'',1726,'2000',0,'new',0,'2023-12-14 02:28:55','2023-12-14 02:28:55'),
(5050,'fri jul 08 2016','business driven information system',1727,'',1727,'2008',0,'new',0,'2023-12-14 02:28:55','2023-12-14 02:28:55'),
(5051,'fri jul 08 2016','introduction to technical analysis',1728,'',1728,'1998',0,'new',0,'2023-12-14 02:28:55','2023-12-14 02:28:55'),
(5052,'fri jul 08 2016','out-of-the-box marketing principles that work & make sense',1729,'',1729,'2013',0,'old',0,'2023-12-14 02:28:55','2023-12-14 02:28:55'),
(5053,'','entrepreneurship in the philippine setting',1730,'',1730,'2009',0,'old',0,'2023-12-14 02:28:55','2023-12-14 02:28:55'),
(5054,'fri jul 08 2016','total quality management',1731,'',1731,'2005',0,'old',0,'2023-12-14 02:28:55','2023-12-14 02:28:55'),
(5055,'fri jul 08 2016','guide notes in food safety and the haccp',1732,'',1732,'2014',0,'old',0,'2023-12-14 02:28:55','2023-12-14 02:28:55'),
(5056,'fri jul 08 2016','getting started in cooking international cuisines',1733,'',1733,'2014',0,'old',0,'2023-12-14 02:28:56','2023-12-14 02:28:55'),
(5057,'fri jul 08 2016','banquet & catering procedure',1734,'',1734,'2009',0,'old',0,'2023-12-14 02:28:56','2023-12-14 02:28:56'),
(5058,'fri jul 08 2016','basic restaurant service',1735,'',1735,'2007',0,'old',0,'2023-12-14 02:28:56','2023-12-14 02:28:56'),
(5059,'fri jul 08 2016','food microbiology and food safety',1736,'',1736,'2014',0,'old',0,'2023-12-14 02:28:56','2023-12-14 02:28:56'),
(5060,'tue jul 12 2016','human behavior in organizations',1737,'',1737,'2012',0,'old',0,'2023-12-14 02:28:56','2023-12-14 02:28:56'),
(5061,'tue jul 12 2016','philippine tourist destinations',1738,'',1738,'2012',0,'old',0,'2023-12-14 02:28:56','2023-12-14 02:28:56'),
(5062,'tue jul 12 2016','principles of tourism part 1',1739,'',1739,'2013',0,'old',0,'2023-12-14 02:28:56','2023-12-14 02:28:56'),
(5063,'wed jul 13 2016','tourism planning and development',1740,'',1740,'2014',0,'old',0,'2023-12-14 02:28:56','2023-12-14 02:28:56'),
(5064,'wed jul 13 2016','principles of tourism ',1741,'',1741,'2010',0,'old',0,'2023-12-14 02:28:56','2023-12-14 02:28:56'),
(5065,'wed jul 13 2016','money, credit and banking',1742,'',1742,'2010',0,'old',0,'2023-12-14 02:28:56','2023-12-14 02:28:56'),
(5066,'wed jul 13 2016','travel and tour operations in the philippines',1743,'',1743,'2013',0,'old',0,'2023-12-14 02:28:56','2023-12-14 02:28:56'),
(5067,'','personality enrichment program',1744,'',1744,'2014',0,'old',0,'2023-12-14 02:28:56','2023-12-14 02:28:56'),
(5068,'wed jul 13 2016','legal forms for entrepreneurs ',1745,'',1745,'(19??)',0,'old',0,'2023-12-14 02:28:56','2023-12-14 02:28:56'),
(5069,'wed jul 13 2016','business math principles in food service operations',1746,'',1746,'2009',0,'old',0,'2023-12-14 02:28:56','2023-12-14 02:28:56'),
(5070,'wed jul 13 2016','food and beverage service fundamentals',1747,'',1747,'2010',0,'old',0,'2023-12-14 02:28:56','2023-12-14 02:28:56'),
(5071,'wed jul 13 2016','passion to bake: baking guide for beginners',1748,'',1748,'2012',0,'old',0,'2023-12-14 02:28:56','2023-12-14 02:28:56'),
(5072,'wed jul 13 2016','cookery for the hospitality industry',1749,'',1749,'2008',0,'old',0,'2023-12-14 02:28:56','2023-12-14 02:28:56'),
(5073,'wed jul 13 2016','international cooking: a culinary journey',1750,'2nd',1750,'2012',0,'old',0,'2023-12-14 02:28:57','2023-12-14 02:28:56'),
(5074,'wed jul 13 2016','fundamentals of food & nutrition in the culinary arts',1751,'',1751,'2008',0,'old',0,'2023-12-14 02:28:56','2023-12-14 02:28:56'),
(5075,'wed jul 13 2016','the theory of hospitality & catering',1752,'',1752,'2011',0,'old',0,'2023-12-14 02:28:56','2023-12-14 02:28:56'),
(5076,'wed jul 13 2016','about professional baking',1753,'',1753,'2008',0,'old',0,'2023-12-14 02:28:56','2023-12-14 02:28:56'),
(5077,'wed jul 13 2016','event management: for tourism,sports,business and mice',1754,'',1754,'2012',0,'old',0,'2023-12-14 02:28:56','2023-12-14 02:28:56'),
(5078,'wed jul 13 2016','travel perspective',1755,'',1755,'2008',0,'old',0,'2023-12-14 02:28:56','2023-12-14 02:28:56'),
(5079,'','hotel housekeeping management & operations',1756,'',1756,'2008',0,'old',0,'2023-12-14 02:28:56','2023-12-14 02:28:56'),
(5080,'wed jul 13 2016','food service and bartending',1757,'revised',1757,'2008',0,'old',0,'2023-12-14 02:28:57','2023-12-14 02:28:57'),
(5081,'wed jul 13 2016','philippinr tourism laws',1758,'',1758,'2008',0,'old',0,'2023-12-14 02:28:57','2023-12-14 02:28:57'),
(5082,'thu jul 14 2016','fundamentals of meal management',1759,'',1759,'2009',0,'old',0,'2023-12-14 02:28:57','2023-12-14 02:28:57'),
(5083,'thu jul 14 2016','management',1760,'',1760,'2010',0,'old',0,'2023-12-14 02:28:57','2023-12-14 02:28:57'),
(5084,'thu jul 14 2016','selling tourist destinations',1761,'',1761,'2011',0,'old',0,'2023-12-14 02:28:57','2023-12-14 02:28:57'),
(5085,'thu jul 14 2016','introduction to food service',1762,'',1762,'2009',0,'old',0,'2023-12-14 02:28:57','2023-12-14 02:28:57'),
(5086,'fri jul 15 2016','tourism management',1763,'',1763,'2009',0,'old',0,'2023-12-14 02:28:57','2023-12-14 02:28:57'),
(5087,'fri jul 15 2016','tourism: the business of travel',1764,'',1764,'2010',0,'old',0,'2023-12-14 02:28:57','2023-12-14 02:28:57'),
(5088,'fri jul 15 2016','marketing in travel and tourism',1765,'',1765,'2001',0,'old',0,'2023-12-14 02:28:57','2023-12-14 02:28:57'),
(5089,'fri jul 15 2016','introduction to hotel & front office operations',1766,'',1766,'2008',0,'old',0,'2023-12-14 02:28:57','2023-12-14 02:28:57'),
(5090,'fri jul 15 2016','event management: for tourism,cultural,business and sporting events',1767,'',1767,'2008',0,'old',0,'2023-12-14 02:28:57','2023-12-14 02:28:57'),
(5091,'fri jul 15 2016','food and beverage: service manual',1768,'',1768,'2012',0,'old',0,'2023-12-14 02:28:57','2023-12-14 02:28:57'),
(5092,'fri jul 15 2016','food service management',1769,'',1769,'2005',0,'old',0,'2023-12-14 02:28:57','2023-12-14 02:28:57'),
(5093,'fri jul 15 2016','principles of tourism part 11',1770,'',1770,'2005',0,'old',0,'2023-12-14 02:28:57','2023-12-14 02:28:57'),
(5094,'fri jul 15 2016','principles of bar service operations',1771,'',1771,'2007',0,'old',0,'2023-12-14 02:28:57','2023-12-14 02:28:57'),
(5095,'fri jul 15 2016','food safety and sanitation',1772,'',1772,'2005',0,'old',0,'2023-12-14 02:28:57','2023-12-14 02:28:57'),
(5096,'fri jul 15 2016','principles of food beverage',1773,'',1773,'2009',0,'old',0,'2023-12-14 02:28:57','2023-12-14 02:28:57'),
(5097,'fri jul 15 2016','practical cookery level 3',1774,'',1774,'2011',0,'old',0,'2023-12-14 02:28:57','2023-12-14 02:28:57'),
(5098,'fri jul 15 2016','on cooking: a textbook of culinary fundamentals',1775,'',1775,'2011',0,'old',0,'2023-12-14 02:28:57','2023-12-14 02:28:57'),
(5099,'fri jul 15 2016','effective english: a boon for learners',1776,'',1776,'2012',0,'old',0,'2023-12-14 02:28:57','2023-12-14 02:28:57'),
(5100,'wed jul 27 2016','compendium of international and national laws of human rights',1777,'',1777,'2008',0,'new',0,'2023-12-14 02:28:57','2023-12-14 02:28:57'),
(5101,'thu aug 04 2016','digital design',1778,'',1778,'2013',0,'old',0,'2023-12-14 02:28:57','2023-12-14 02:28:57'),
(5102,'thu aug 04 2016','object-oriented and classical software engineering',1779,'',1779,'2011',0,'old',0,'2023-12-14 02:28:57','2023-12-14 02:28:57'),
(5103,'fri aug 05 2016','java programming',1780,'',1780,'2012',0,'old',0,'2023-12-14 02:28:57','2023-12-14 02:28:57'),
(5104,'fri aug 05 2016','guide to movie making and flash animation',1781,'',1781,'2014',0,'old',0,'2023-12-14 02:28:57','2023-12-14 02:28:57'),
(5105,'fri aug 05 2016','visual guide: html, css, and xhtml',1782,'',1782,'2012',0,'old',0,'2023-12-14 02:28:57','2023-12-14 02:28:57'),
(5106,'fri aug 05 2016','modern database management',1783,'',1783,'2013',0,'old',0,'2023-12-14 02:28:57','2023-12-14 02:28:57'),
(5107,'fri aug 05 2016','office productivity',1784,'',1784,'2014',0,'old',0,'2023-12-14 02:28:57','2023-12-14 02:28:57'),
(5108,'fri aug 05 2016','basic c++: for engineers and scientists',1785,'',1785,'2016',0,'old',0,'2023-12-14 02:28:57','2023-12-14 02:28:57'),
(5109,'fri aug 05 2016','principles of ethics in information technology',1786,'',1786,'2013',0,'old',0,'2023-12-14 02:28:57','2023-12-14 02:28:57'),
(5110,'fri aug 05 2016','advanced c++: for engineers and scientists',1787,'',1787,'2016',0,'old',0,'2023-12-14 02:28:57','2023-12-14 02:28:57'),
(5111,'fri aug 05 2016','website building with joomla',1788,'',1788,'2011',0,'old',0,'2023-12-14 02:28:58','2023-12-14 02:28:57'),
(5112,'fri aug 05 2016','c# programming',1789,'',1789,'2014',0,'old',0,'2023-12-14 02:28:58','2023-12-14 02:28:58'),
(5113,'fri aug 05 2016','the c programming language',1790,'',1790,'1988',0,'old',0,'2023-12-14 02:28:58','2023-12-14 02:28:58'),
(5114,'fri aug 05 2016','an object-oriented approach to programming logic & design',1791,'',1791,'2013',0,'old',0,'2023-12-14 02:28:58','2023-12-14 02:28:58'),
(5115,'fri aug 05 2016','data structures and algorithm in java',1792,'',1792,'2007',0,'old',0,'2023-12-14 02:28:58','2023-12-14 02:28:58'),
(5116,'fri aug 05 2016','c++ programming: program design including data structure',1793,'',1793,'2014',0,'old',0,'2023-12-14 02:28:58','2023-12-14 02:28:58'),
(5117,'fri aug 05 2016','introduction to art appreciation: a textbook in humainties',1794,'',1794,'2014',0,'old',0,'2023-12-14 02:28:58','2023-12-14 02:28:58'),
(5118,'fri aug 05 2016','economics entrepreneurship and taxation',1795,'',1795,'2015',0,'old',0,'2023-12-14 02:28:58','2023-12-14 02:28:58'),
(5119,'fri aug 05 2016','social, ethical, legal, and professional issues in computing',1796,'',1796,'2015',0,'old',0,'2023-12-14 02:28:58','2023-12-14 02:28:58'),
(5120,'fri aug 05 2016','databasemanagement systems',1797,'',1797,'2012',0,'old',0,'2023-12-14 02:28:58','2023-12-14 02:28:58'),
(5121,'fri aug 05 2016','programming: logic and design introductory',1798,'',1798,'2015',0,'old',0,'2023-12-14 02:28:58','2023-12-14 02:28:58'),
(5122,'fri aug 05 2016','sining ng pakikipagtalastasan ',1799,'',1799,'2009',0,'new',0,'2023-12-14 02:28:58','2023-12-14 02:28:58'),
(5123,'fri aug 05 2016','integrated science for philippine setting',1800,'',1800,'2008',0,'old',0,'2023-12-14 02:28:58','2023-12-14 02:28:58'),
(5124,'nov. 17, 2016','oral communication in context',1801,'',1801,'2016',0,'old',0,'2023-12-14 02:28:58','2023-12-14 02:28:58'),
(5125,'nov. 17, 2016','assessment of student learning : conventional approach',1802,'',1802,'2012',0,'new',0,'2023-12-14 02:28:58','2023-12-14 02:28:58'),
(5126,'nov. 17, 2016','principles of marketing',1803,'',1803,'2008',0,'old',0,'2023-12-14 02:28:59','2023-12-14 02:28:58'),
(5127,'nov. 17, 2016','english for academic and professional purposes',1804,'',1804,'2016',0,'old',0,'2023-12-14 02:28:58','2023-12-14 02:28:58'),
(5128,'nov. 17, 2016','personal development',1805,'',1805,'2016',0,'old',0,'2023-12-14 02:28:58','2023-12-14 02:28:58'),
(5129,'nov. 17, 2016','mythology',1806,'',1806,'1942',0,'old',0,'2023-12-14 02:28:58','2023-12-14 02:28:58'),
(5130,'feb. 21','microprocessor and microcomputers',1807,'',1807,'2000',0,'old',0,'2023-12-14 02:28:58','2023-12-14 02:28:58'),
(5131,'feb. 21','php and mysql essentials: visual guide',1808,'',1808,'2012',0,'old',0,'2023-12-14 02:28:58','2023-12-14 02:28:58'),
(5132,'feb. 21','office productivity: visual guide',1809,'',1809,'2014',0,'old',0,'2023-12-14 02:28:58','2023-12-14 02:28:58'),
(5133,'feb. 21','creative design cs6: visual guide',1810,'',1810,'2013',0,'old',0,'2023-12-14 02:28:58','2023-12-14 02:28:58'),
(5134,'feb. 21','managing engineering and technology',1811,'',1811,'2014',0,'old',0,'2023-12-14 02:28:58','2023-12-14 02:28:58'),
(5135,'feb. 21','computer architecture and assembly language',1812,'',1812,'2012',0,'old',0,'2023-12-14 02:28:58','2023-12-14 02:28:58'),
(5136,'feb. 21','a+ guide to managing and maintaining your pc',1813,'',1813,'2015',0,'old',0,'2023-12-14 02:28:58','2023-12-14 02:28:58'),
(5137,'feb. 21','microsoft word 2010',1814,'',1814,'2011',0,'old',0,'2023-12-14 02:28:58','2023-12-14 02:28:58'),
(5138,'feb. 21','a first book of c++',1815,'',1815,'2013',0,'old',0,'2023-12-14 02:28:58','2023-12-14 02:28:58'),
(5139,'feb. 21','discovering computers: computer technolofies, wordpad, keyboarding',1816,'',1816,'2014',0,'old',0,'2023-12-14 02:28:58','2023-12-14 02:28:58'),
(5140,'feb. 21','web design',1817,'',1817,'2013',0,'old',0,'2023-12-14 02:28:58','2023-12-14 02:28:58'),
(5141,'feb. 21','harnessing computers: computer concepts, ms picture manag…..',1818,'',1818,'2012',0,'old',0,'2023-12-14 02:28:59','2023-12-14 02:28:58'),
(5142,'feb. 21','autocad 3d for all',1819,'',1819,'2014',0,'old',0,'2023-12-14 02:28:59','2023-12-14 02:28:59'),
(5143,'feb. 21','technology in action complete',1820,'',1820,'2016',0,'new',0,'2023-12-14 02:28:59','2023-12-14 02:28:59'),
(5144,'tue mar 14 2017','web applications programming language',1821,'',1821,'2013',0,'old',0,'2023-12-14 02:28:59','2023-12-14 02:28:59'),
(5145,'tue mar 14 2017','data structures and algorithm ',1822,'',1822,'2016',0,'old',0,'2023-12-14 02:28:59','2023-12-14 02:28:59'),
(5146,'tue mar 14 2017','software engineering',1823,'',1823,'2010',0,'old',0,'2023-12-14 02:28:59','2023-12-14 02:28:59'),
(5147,'tue mar 14 2017','operating systems',1824,'',1824,'2012',0,'old',0,'2023-12-14 02:28:59','2023-12-14 02:28:59'),
(5148,'tue mar 14 2017','database principles: design, implementation and……',1825,'',1825,'2012',0,'old',0,'2023-12-14 02:28:59','2023-12-14 02:28:59'),
(5149,'tue mar 14 2017','discrete mathematical structures',1826,'',1826,'2010',0,'old',0,'2023-12-14 02:28:59','2023-12-14 02:28:59'),
(5150,'tue mar 14 2017','discrete mathematics for computer scientists',1827,'',1827,'2011',0,'old',0,'2023-12-14 02:28:59','2023-12-14 02:28:59'),
(5151,'tue mar 14 2017','a gift of fire: social, legal, and ethical issues for computing',1828,'',1828,'2013',0,'old',0,'2023-12-14 02:28:59','2023-12-14 02:28:59'),
(5152,'tue mar 14 2017','assessment of  learning : conventional approach',1829,'',1829,'2012',0,'old',0,'2023-12-14 02:28:59','2023-12-14 02:28:59'),
(5153,'tue mar 14 2017','assessment of  learning ii : textbook and reviewer',1830,'',1830,'2013',0,'new',0,'2023-12-14 02:28:59','2023-12-14 02:28:59'),
(5154,'jan.04, 2023','the teaching and assessment of literature studies',1831,'',1831,'2022',0,'new',0,'2023-12-14 02:28:59','2023-12-14 02:28:59'),
(5155,'jan.04, 2023','catering management',1832,'',1832,'2007',0,'old',0,'2023-12-14 02:28:59','2023-12-14 02:28:59'),
(5156,'fri mar 17 2017','windows 8.1 for dummies',1833,'',1833,'2013',0,'new',0,'2023-12-14 02:28:59','2023-12-14 02:28:59'),
(5157,'fri mar 17 2017','coding with javascript for dummies',1834,'',1834,'2015',0,'new',0,'2023-12-14 02:28:59','2023-12-14 02:28:59'),
(5158,'fri mar 17 2017','getting an it help desk job for dummies',1835,'',1835,'2015',0,'new',0,'2023-12-14 02:28:59','2023-12-14 02:28:59'),
(5159,'wed mar 22 2017','carrer guide: software designer',1836,'',1836,'2015',0,'old',0,'2023-12-14 02:28:59','2023-12-14 02:28:59'),
(5160,'wed mar 22 2017','career guide: digital production and editing',1837,'',1837,'2015',0,'old',0,'2023-12-14 02:28:59','2023-12-14 02:28:59'),
(5161,'wed mar 22 2017','career guide: graphic designing',1838,'',1838,'2015',0,'old',0,'2023-12-14 02:28:59','2023-12-14 02:28:59'),
(5162,'wed mar 22 2017','basics of drawing and graphics',1839,'',1839,'2015',0,'new',0,'2023-12-14 02:28:59','2023-12-14 02:28:59'),
(5163,'wed mar 22 2017','computer applications in business',1840,'',1840,'2015',0,'old',0,'2023-12-14 02:28:59','2023-12-14 02:28:59'),
(5164,'wed mar 29 2017','principles of food, beverage, and labor…',1841,'',1841,'2009',0,'new',0,'2023-12-14 02:28:59','2023-12-14 02:28:59'),
(5165,'wed may 10 2017','education for peace',1842,'',1842,'2008',0,'old',0,'2023-12-14 02:28:59','2023-12-14 02:28:59'),
(5166,'wed may 10 2017','fundamentals of professional cooking',1843,'',1843,'2012',0,'old',0,'2023-12-14 02:28:59','2023-12-14 02:28:59'),
(5167,'thu jun 08 2017','computers tools for an imformation age',1844,'',1844,'2003',0,'new',0,'2023-12-14 02:28:59','2023-12-14 02:28:59'),
(5168,'thu jun 08 2017','discrete mathematics and its applications',1845,'',1845,'2003',0,'new',0,'2023-12-14 02:28:59','2023-12-14 02:28:59'),
(5169,'thu jun 08 2017','operating system principles',1846,'',1846,'2006',0,'new',0,'2023-12-14 02:28:59','2023-12-14 02:28:59'),
(5170,'thu jun 08 2017','programming with microsoft visual basic 6.0',1847,'',1847,'1999',0,'new',0,'2023-12-14 02:28:59','2023-12-14 02:28:59'),
(5171,'fri jun 09 2017','environmental science',1848,'',1848,'1994',0,'old',0,'2023-12-14 02:28:59','2023-12-14 02:28:59'),
(5172,'tue jul 04 2017','introduction to biological science(fourth edition)',1849,'',1849,'2015',0,'old',0,'2023-12-14 02:28:59','2023-12-14 02:28:59'),
(5173,'tue jul 04 2017','earth and life science (for senior high school core subj.)',1850,'',1850,'2016',0,'old',0,'2023-12-14 02:28:59','2023-12-14 02:28:59'),
(5174,'dec. 12, 2017','reading from world literatures: understanding peoples…',1851,'',1851,'2013',0,'old',0,'2023-12-14 02:28:59','2023-12-14 02:28:59'),
(5175,'dec. 12, 2017','textbook on the philippine constitution',1852,'',1852,'2014',0,'old',0,'2023-12-14 02:28:59','2023-12-14 02:28:59'),
(5176,'dec. 12, 2017','college algebra',1853,'4th',1853,'1964',0,'old',0,'2023-12-14 02:28:59','2023-12-14 02:28:59'),
(5177,'dec. 12, 2017','general chemistry: for senior high school',1854,'',1854,'2016',0,'old',0,'2023-12-14 02:28:59','2023-12-14 02:28:59'),
(5178,'dec. 12, 2017','the art of problem solving',1855,'',1855,'2016',0,'old',0,'2023-12-14 02:28:59','2023-12-14 02:28:59'),
(5179,'dec. 12, 2017','critical reading and writing: for the senior…',1856,'',1856,'2016',0,'old',0,'2023-12-14 02:29:00','2023-12-14 02:29:00'),
(5180,'dec. 12, 2017','human resource management',1857,'',1857,'2014',0,'old',0,'2023-12-14 02:29:00','2023-12-14 02:29:00'),
(5181,'dec. 12, 2017','organizational behavior and management in philippine org.',1858,'',1858,'2012',0,'old',0,'2023-12-14 02:29:00','2023-12-14 02:29:00'),
(5182,'dec. 12, 2017','housekeeping',1859,'',1859,'2016',0,'old',0,'2023-12-14 02:29:00','2023-12-14 02:29:00'),
(5183,'dec. 12, 2017','introduction to philosophy of the human person',1860,'',1860,'2016',0,'old',0,'2023-12-14 02:29:00','2023-12-14 02:29:00'),
(5184,'dec. 12, 2017','msa: triginometry',1861,'',1861,'2001',0,'old',0,'2023-12-14 02:29:00','2023-12-14 02:29:00'),
(5185,'dec. 12, 2017','disaster readiness and risk reduction (for senior high school)',1862,'',1862,'2016',0,'old',0,'2023-12-14 02:29:00','2023-12-14 02:29:00'),
(5186,'dec. 12, 2017','mother tongue: for teaching and learning',1863,'',1863,'2016',0,'old',0,'2023-12-14 02:29:00','2023-12-14 02:29:00'),
(5187,'dec. 12, 2017','understanding culture, society and politics',1864,'',1864,'2016',0,'old',0,'2023-12-14 02:29:00','2023-12-14 02:29:00'),
(5188,'dec. 13, 2017','campus journalism within your reach',1865,'',1865,'2016',0,'old',0,'2023-12-14 02:29:00','2023-12-14 02:29:00'),
(5189,'dec. 13, 2017','how to play basketball',1866,'',1866,'2016',0,'new',0,'2023-12-14 02:29:00','2023-12-14 02:29:00'),
(5190,'dec. 13, 2017','how to play volleyball',1867,'',1867,'2016',0,'new',0,'2023-12-14 02:29:00','2023-12-14 02:29:00'),
(5191,'dec. 13, 2017','how to play badminton',1868,'',1868,'2016',0,'new',0,'2023-12-14 02:29:00','2023-12-14 02:29:00'),
(5192,'dec. 13, 2017','how to play karate',1869,'',1869,'2016',0,'new',0,'2023-12-14 02:29:00','2023-12-14 02:29:00'),
(5193,'dec. 13, 2017','how to play table tennis',1870,'',1870,'2016',0,'new',0,'2023-12-14 02:29:00','2023-12-14 02:29:00'),
(5194,'dec. 13, 2017','how to play taekwondo',1871,'',1871,'2016',0,'new',0,'2023-12-14 02:29:00','2023-12-14 02:29:00'),
(5195,'dec. 13, 2017','how to play physical training',1872,'',1872,'2016',0,'new',0,'2023-12-14 02:29:00','2023-12-14 02:29:00'),
(5196,'dec. 13, 2017','how to play minor games',1873,'',1873,'2016',0,'new',0,'2023-12-14 02:29:00','2023-12-14 02:29:00'),
(5197,'dec. 13, 2017','how to play tennis',1874,'',1874,'2016',0,'new',0,'2023-12-14 02:29:00','2023-12-14 02:29:00'),
(5198,'tue apr 03 2018','essential logic ',1875,'',1875,'2003',0,'new',0,'2023-12-14 02:29:00','2023-12-14 02:29:00'),
(5199,'tue apr 03 2018','in quest of the universe',1876,'',1876,'2004',0,'new',0,'2023-12-14 02:29:00','2023-12-14 02:29:00'),
(5200,'tue apr 03 2018','biotechnology (theory and techniques) vol.1',1877,'',1877,'1995',0,'new',0,'2023-12-14 02:29:00','2023-12-14 02:29:00'),
(5201,'thu jun 21 2018','operations and supply chain management ',1878,'',1878,'2014',0,'old',0,'2023-12-14 02:29:00','2023-12-14 02:29:00'),
(5202,'thu jun 21 2018','operations management (2nd. ed)',1879,'',1879,'2014',0,'old',0,'2023-12-14 02:29:00','2023-12-14 02:29:00'),
(5203,'thu jun 21 2018','tourism and hospitality marketing a global perspective',1880,'',1880,'2008',0,'old',0,'2023-12-14 02:29:00','2023-12-14 02:29:00'),
(5204,'thu jun 21 2018','ethics: foundations of moral valuation',1881,'',1881,'2018',0,'old',0,'2023-12-14 02:29:00','2023-12-14 02:29:00'),
(5205,'thu jun 21 2018','the contemporary world',1882,'',1882,'2018',0,'old',0,'2023-12-14 02:29:01','2023-12-14 02:29:00'),
(5206,'thu jun 21 2018','readings in philippine history',1883,'',1883,'2018',0,'old',0,'2023-12-14 02:29:01','2023-12-14 02:29:01'),
(5207,'thu jun 21 2018','understanding the self',1884,'',1884,'2018',0,'old',0,'2023-12-14 02:29:01','2023-12-14 02:29:01'),
(5208,'thu jun 21 2018','art appreciation',1885,'',1885,'2018',0,'old',0,'2023-12-14 02:29:01','2023-12-14 02:29:01'),
(5209,'thu jun 21 2018','mathematics in the modern world',1886,'',1886,'2018',0,'old',0,'2023-12-14 02:29:01','2023-12-14 02:29:01'),
(5210,'aug. 09, 2018','pre- calculus  ',1887,'',1887,'2018',0,'new',0,'2023-12-14 02:29:01','2023-12-14 02:29:01'),
(5211,'aug. 09, 2018','science, technology, and society',1888,'',1888,'2018',0,'old',0,'2023-12-14 02:29:01','2023-12-14 02:29:01'),
(5212,'aug. 09, 2018','economics with agrarian reform and taxation',1889,'',1889,'2018',0,'new',0,'2023-12-14 02:29:01','2023-12-14 02:29:01'),
(5213,'aug. 09, 2018','home econimcs technology and livelihood: exploratory',1890,'',1890,'2018',0,'old',0,'2023-12-14 02:29:01','2023-12-14 02:29:01'),
(5214,'aug. 09, 2018','calculus with analytic geometry ',1891,'',1891,'2018',0,'old',0,'2023-12-14 02:29:01','2023-12-14 02:29:01'),
(5215,'aug. 09, 2018','philippine politics and governance ',1892,'',1892,'2018',0,'old',0,'2023-12-14 02:29:01','2023-12-14 02:29:01'),
(5216,'aug. 09, 2018','komunikasyon at pananaliksik sa wika at kulturang filipino',1893,'',1893,'2018',0,'old',0,'2023-12-14 02:29:01','2023-12-14 02:29:01'),
(5217,'aug. 09, 2018','introduction to sociology and anthropology',1894,'',1894,'2018',0,'old',0,'2023-12-14 02:29:01','2023-12-14 02:29:01'),
(5218,'aug. 09, 2018','communication for society purposive communication',1895,'',1895,'2018',0,'old',0,'2023-12-14 02:29:01','2023-12-14 02:29:01'),
(5219,'aug. 09, 2018','general mathematics ',1896,'',1896,'2018',0,'old',0,'2023-12-14 02:29:01','2023-12-14 02:29:01');
/*!40000 ALTER TABLE `books` ENABLE KEYS */;
UNLOCK TABLES;

--
-- Temporary table structure for view `collection_details`
--

DROP TABLE IF EXISTS `collection_details`;
/*!50001 DROP VIEW IF EXISTS `collection_details`*/;
SET @saved_cs_client     = @@character_set_client;
SET character_set_client = utf8;
/*!50001 CREATE VIEW `collection_details` AS SELECT
 1 AS `user_id`,
  1 AS `collection_id`,
  1 AS `book_id`,
  1 AS `title`,
  1 AS `author_name`,
  1 AS `img_path` */;
SET character_set_client = @saved_cs_client;

--
-- Temporary table structure for view `contribution_details`
--

DROP TABLE IF EXISTS `contribution_details`;
/*!50001 DROP VIEW IF EXISTS `contribution_details`*/;
SET @saved_cs_client     = @@character_set_client;
SET character_set_client = utf8;
/*!50001 CREATE VIEW `contribution_details` AS SELECT
 1 AS `contribution_id`,
  1 AS `user_id`,
  1 AS `author_fullname`,
  1 AS `category_name`,
  1 AS `publisher_name`,
  1 AS `file_title`,
  1 AS `file_path`,
  1 AS `fullname`,
  1 AS `department`,
  1 AS `file_description`,
  1 AS `uploaded_date`,
  1 AS `file_total_downloads`,
  1 AS `file_status`,
  1 AS `user_status` */;
SET character_set_client = @saved_cs_client;

--
-- Table structure for table `ebook`
--

DROP TABLE IF EXISTS `ebook`;
/*!40101 SET @saved_cs_client     = @@character_set_client */;
/*!40101 SET character_set_client = utf8 */;
CREATE TABLE `ebook` (
  `ebook_id` int(11) NOT NULL AUTO_INCREMENT,
  `ebook_title` varchar(200) NOT NULL,
  `ebook_file` varchar(100) DEFAULT NULL,
  `date_added` date DEFAULT NULL,
  `ebook_status` varchar(50) DEFAULT NULL,
  PRIMARY KEY (`ebook_id`)
) ENGINE=InnoDB DEFAULT CHARSET=utf8mb4 COLLATE=utf8mb4_unicode_ci;
/*!40101 SET character_set_client = @saved_cs_client */;

--
-- Dumping data for table `ebook`
--

LOCK TABLES `ebook` WRITE;
/*!40000 ALTER TABLE `ebook` DISABLE KEYS */;
/*!40000 ALTER TABLE `ebook` ENABLE KEYS */;
UNLOCK TABLES;

--
-- Table structure for table `fines_and_fees`
--

DROP TABLE IF EXISTS `fines_and_fees`;
/*!40101 SET @saved_cs_client     = @@character_set_client */;
/*!40101 SET character_set_client = utf8 */;
CREATE TABLE `fines_and_fees` (
  `fine_id` int(11) NOT NULL AUTO_INCREMENT,
  `transaction_id` int(11) NOT NULL,
  `fine_amount` decimal(10,2) NOT NULL DEFAULT 0.00,
  `fine_type` enum('Late Return Fee','Damaged Book Fee','Lost Book Fee','No issue','Other') NOT NULL,
  `fine_date` datetime NOT NULL,
  `status` enum('Active','Paid') NOT NULL DEFAULT 'Active',
  PRIMARY KEY (`fine_id`),
  KEY `transaction_id` (`transaction_id`),
  CONSTRAINT `fines_and_fees_ibfk_1` FOREIGN KEY (`transaction_id`) REFERENCES `book_transactions` (`transaction_id`)
) ENGINE=InnoDB AUTO_INCREMENT=53 DEFAULT CHARSET=utf8mb4 COLLATE=utf8mb4_unicode_ci;
/*!40101 SET character_set_client = @saved_cs_client */;

--
-- Dumping data for table `fines_and_fees`
--

LOCK TABLES `fines_and_fees` WRITE;
/*!40000 ALTER TABLE `fines_and_fees` DISABLE KEYS */;
INSERT INTO `fines_and_fees` VALUES
(49,61,0.00,'No issue','2023-12-14 10:21:23','Paid'),
(50,63,21.85,'Other','2023-12-15 11:37:01','Active'),
(51,62,270.16,'Other','2023-12-15 13:52:28','Active'),
(52,64,0.22,'Other','2023-12-15 13:53:24','Active');
/*!40000 ALTER TABLE `fines_and_fees` ENABLE KEYS */;
UNLOCK TABLES;

--
-- Temporary table structure for view `fines_and_fees_summary`
--

DROP TABLE IF EXISTS `fines_and_fees_summary`;
/*!50001 DROP VIEW IF EXISTS `fines_and_fees_summary`*/;
SET @saved_cs_client     = @@character_set_client;
SET character_set_client = utf8;
/*!50001 CREATE VIEW `fines_and_fees_summary` AS SELECT
 1 AS `transaction_id`,
  1 AS `user_id`,
  1 AS `fullname`,
  1 AS `department`,
  1 AS `role`,
  1 AS `title`,
  1 AS `fine_type`,
  1 AS `total_fines_and_fees`,
  1 AS `status`,
  1 AS `due_date`,
  1 AS `fine_date` */;
SET character_set_client = @saved_cs_client;

--
-- Table structure for table `formats`
--

DROP TABLE IF EXISTS `formats`;
/*!40101 SET @saved_cs_client     = @@character_set_client */;
/*!40101 SET character_set_client = utf8 */;
CREATE TABLE `formats` (
  `format_id` int(11) NOT NULL AUTO_INCREMENT,
  `format_label` varchar(50) NOT NULL,
  `added_at` timestamp NULL DEFAULT current_timestamp(),
  PRIMARY KEY (`format_id`)
) ENGINE=InnoDB DEFAULT CHARSET=utf8mb4 COLLATE=utf8mb4_unicode_ci;
/*!40101 SET character_set_client = @saved_cs_client */;

--
-- Dumping data for table `formats`
--

LOCK TABLES `formats` WRITE;
/*!40000 ALTER TABLE `formats` DISABLE KEYS */;
/*!40000 ALTER TABLE `formats` ENABLE KEYS */;
UNLOCK TABLES;

--
-- Temporary table structure for view `holds_details`
--

DROP TABLE IF EXISTS `holds_details`;
/*!50001 DROP VIEW IF EXISTS `holds_details`*/;
SET @saved_cs_client     = @@character_set_client;
SET character_set_client = utf8;
/*!50001 CREATE VIEW `holds_details` AS SELECT
 1 AS `hold_id`,
  1 AS `pending_transaction_id`,
  1 AS `title`,
  1 AS `author_name`,
  1 AS `fullname`,
  1 AS `department`,
  1 AS `role`,
  1 AS `hold_status`,
  1 AS `requested_date`,
  1 AS `approve_date` */;
SET character_set_client = @saved_cs_client;

--
-- Table structure for table `instructor_recommendations`
--

DROP TABLE IF EXISTS `instructor_recommendations`;
/*!40101 SET @saved_cs_client     = @@character_set_client */;
/*!40101 SET character_set_client = utf8 */;
CREATE TABLE `instructor_recommendations` (
  `recommendation_id` int(11) NOT NULL AUTO_INCREMENT,
  `instructor_id` int(11) NOT NULL,
  `recommended_book_id` int(11) NOT NULL,
  `recommendation_date` datetime NOT NULL DEFAULT current_timestamp(),
  `recommendation_status` enum('active','removed') DEFAULT 'active',
  `visibility` enum('show','hide') DEFAULT 'hide',
  PRIMARY KEY (`recommendation_id`),
  KEY `instructor_id` (`instructor_id`),
  CONSTRAINT `instructor_recommendations_ibfk_1` FOREIGN KEY (`instructor_id`) REFERENCES `user_info` (`user_id`)
) ENGINE=InnoDB AUTO_INCREMENT=23 DEFAULT CHARSET=utf8mb4 COLLATE=utf8mb4_unicode_ci;
/*!40101 SET character_set_client = @saved_cs_client */;

--
-- Dumping data for table `instructor_recommendations`
--

LOCK TABLES `instructor_recommendations` WRITE;
/*!40000 ALTER TABLE `instructor_recommendations` DISABLE KEYS */;
INSERT INTO `instructor_recommendations` VALUES
(19,21,4927,'2023-12-14 10:00:48','active','hide'),
(20,21,5031,'2023-12-15 11:24:31','active','hide'),
(21,21,5045,'2023-12-15 11:24:46','active','hide'),
(22,21,5170,'2023-12-15 11:25:00','active','hide');
/*!40000 ALTER TABLE `instructor_recommendations` ENABLE KEYS */;
UNLOCK TABLES;

--
-- Temporary table structure for view `instructor_recommendations_details`
--

DROP TABLE IF EXISTS `instructor_recommendations_details`;
/*!50001 DROP VIEW IF EXISTS `instructor_recommendations_details`*/;
SET @saved_cs_client     = @@character_set_client;
SET character_set_client = utf8;
/*!50001 CREATE VIEW `instructor_recommendations_details` AS SELECT
 1 AS `recommendation_id`,
  1 AS `user_id`,
  1 AS `book_id`,
  1 AS `fullname`,
  1 AS `department`,
  1 AS `img_path`,
  1 AS `title`,
  1 AS `author_name`,
  1 AS `total_checkedout`,
  1 AS `recommendation_status`,
  1 AS `visibility` */;
SET character_set_client = @saved_cs_client;

--
-- Table structure for table `librarian`
--

DROP TABLE IF EXISTS `librarian`;
/*!40101 SET @saved_cs_client     = @@character_set_client */;
/*!40101 SET character_set_client = utf8 */;
CREATE TABLE `librarian` (
  `librarian_id` int(11) NOT NULL AUTO_INCREMENT,
  `firstname` varchar(50) DEFAULT NULL,
  `middlename` varchar(50) DEFAULT NULL,
  `lastname` varchar(50) DEFAULT NULL,
  `create_at` timestamp NULL DEFAULT current_timestamp(),
  `updated_at` timestamp NULL DEFAULT current_timestamp() ON UPDATE current_timestamp(),
  PRIMARY KEY (`librarian_id`)
) ENGINE=InnoDB AUTO_INCREMENT=9 DEFAULT CHARSET=utf8mb4 COLLATE=utf8mb4_unicode_ci;
/*!40101 SET character_set_client = @saved_cs_client */;

--
-- Dumping data for table `librarian`
--

LOCK TABLES `librarian` WRITE;
/*!40000 ALTER TABLE `librarian` DISABLE KEYS */;
INSERT INTO `librarian` VALUES
(1,'rachel','','delos reyes','2023-11-09 04:20:43','2023-11-09 04:20:43'),
(8,'lance phillip','berdon','descartin','2023-11-15 02:24:08','2023-11-15 02:24:08');
/*!40000 ALTER TABLE `librarian` ENABLE KEYS */;
UNLOCK TABLES;

--
-- Table structure for table `librarian_address`
--

DROP TABLE IF EXISTS `librarian_address`;
/*!40101 SET @saved_cs_client     = @@character_set_client */;
/*!40101 SET character_set_client = utf8 */;
CREATE TABLE `librarian_address` (
  `address_id` int(11) NOT NULL AUTO_INCREMENT,
  `librarian_id` int(11) DEFAULT NULL,
  `street_address` varchar(255) DEFAULT NULL,
  `city` varchar(255) DEFAULT NULL,
  `state_province_region` varchar(255) DEFAULT NULL,
  `postal_code` int(11) DEFAULT NULL,
  `address_type` varchar(50) DEFAULT NULL,
  PRIMARY KEY (`address_id`),
  UNIQUE KEY `librarian_id` (`librarian_id`)
) ENGINE=InnoDB AUTO_INCREMENT=9 DEFAULT CHARSET=utf8mb4 COLLATE=utf8mb4_unicode_ci;
/*!40101 SET character_set_client = @saved_cs_client */;

--
-- Dumping data for table `librarian_address`
--

LOCK TABLES `librarian_address` WRITE;
/*!40000 ALTER TABLE `librarian_address` DISABLE KEYS */;
INSERT INTO `librarian_address` VALUES
(1,1,'babag 2','lapu-lapu city','cebu',6015,'resedential'),
(8,8,'purok beauty inthe sky','lapu-lapu city','cebu',6015,'residential');
/*!40000 ALTER TABLE `librarian_address` ENABLE KEYS */;
UNLOCK TABLES;

--
-- Temporary table structure for view `librarian_details`
--

DROP TABLE IF EXISTS `librarian_details`;
/*!50001 DROP VIEW IF EXISTS `librarian_details`*/;
SET @saved_cs_client     = @@character_set_client;
SET character_set_client = utf8;
/*!50001 CREATE VIEW `librarian_details` AS SELECT
 1 AS `librarian_id`,
  1 AS `firstname`,
  1 AS `middlename`,
  1 AS `lastname`,
  1 AS `email_address`,
  1 AS `phone_number`,
  1 AS `hobbies`,
  1 AS `description`,
  1 AS `street_address`,
  1 AS `city`,
  1 AS `state_province_region`,
  1 AS `postal_code`,
  1 AS `address_type`,
  1 AS `username`,
  1 AS `privilege` */;
SET character_set_client = @saved_cs_client;

--
-- Table structure for table `librarian_info`
--

DROP TABLE IF EXISTS `librarian_info`;
/*!40101 SET @saved_cs_client     = @@character_set_client */;
/*!40101 SET character_set_client = utf8 */;
CREATE TABLE `librarian_info` (
  `info_id` int(11) NOT NULL AUTO_INCREMENT,
  `librarian_id` int(11) DEFAULT NULL,
  `email_address` varchar(255) DEFAULT NULL,
  `phone_number` varchar(20) DEFAULT NULL,
  `hobbies` text DEFAULT NULL,
  `description` text DEFAULT NULL,
  PRIMARY KEY (`info_id`),
  UNIQUE KEY `librarian_id` (`librarian_id`)
) ENGINE=InnoDB AUTO_INCREMENT=9 DEFAULT CHARSET=utf8mb4 COLLATE=utf8mb4_unicode_ci;
/*!40101 SET character_set_client = @saved_cs_client */;

--
-- Dumping data for table `librarian_info`
--

LOCK TABLES `librarian_info` WRITE;
/*!40000 ALTER TABLE `librarian_info` DISABLE KEYS */;
INSERT INTO `librarian_info` VALUES
(1,1,'rachel@gmail.com','0987456321','a book work and an otaku','cpc library head and a teacher'),
(8,8,'email@email.com','09874563212','coding and anime','nothing much');
/*!40000 ALTER TABLE `librarian_info` ENABLE KEYS */;
UNLOCK TABLES;

--
-- Table structure for table `librarian_login`
--

DROP TABLE IF EXISTS `librarian_login`;
/*!40101 SET @saved_cs_client     = @@character_set_client */;
/*!40101 SET character_set_client = utf8 */;
CREATE TABLE `librarian_login` (
  `login_id` int(11) NOT NULL AUTO_INCREMENT,
  `librarian_id` int(11) NOT NULL,
  `username` varchar(50) DEFAULT NULL,
  `password` varchar(250) DEFAULT NULL,
  `privilege` varchar(50) DEFAULT NULL,
  PRIMARY KEY (`login_id`),
  UNIQUE KEY `username` (`username`)
) ENGINE=InnoDB AUTO_INCREMENT=9 DEFAULT CHARSET=utf8mb4 COLLATE=utf8mb4_unicode_ci;
/*!40101 SET character_set_client = @saved_cs_client */;

--
-- Dumping data for table `librarian_login`
--

LOCK TABLES `librarian_login` WRITE;
/*!40000 ALTER TABLE `librarian_login` DISABLE KEYS */;
INSERT INTO `librarian_login` VALUES
(1,1,'rachel.admin','$2a$10$tYFEW2wyXkwQeW2I.6AhzOnbOc3xMFxG5viFt4xN9yS14MBsrrJia','admin'),
(8,8,'lance.tech','$2a$10$K8eBRAApCg/Xj2p1ZHR2a.RFe/Iz9kxi/6hiEsvB13THBwHkpWvxm','tech coordinator');
/*!40000 ALTER TABLE `librarian_login` ENABLE KEYS */;
UNLOCK TABLES;

--
-- Table structure for table `librarian_login_logs`
--

DROP TABLE IF EXISTS `librarian_login_logs`;
/*!40101 SET @saved_cs_client     = @@character_set_client */;
/*!40101 SET character_set_client = utf8 */;
CREATE TABLE `librarian_login_logs` (
  `log_id` int(11) NOT NULL AUTO_INCREMENT,
  `login_id` int(11) DEFAULT NULL,
  `login_date` timestamp NULL DEFAULT current_timestamp(),
  `status` varchar(50) DEFAULT NULL,
  PRIMARY KEY (`log_id`)
) ENGINE=InnoDB AUTO_INCREMENT=476 DEFAULT CHARSET=utf8mb4 COLLATE=utf8mb4_unicode_ci;
/*!40101 SET character_set_client = @saved_cs_client */;

--
-- Dumping data for table `librarian_login_logs`
--

LOCK TABLES `librarian_login_logs` WRITE;
/*!40000 ALTER TABLE `librarian_login_logs` DISABLE KEYS */;
INSERT INTO `librarian_login_logs` VALUES
(1,1,'2023-11-09 04:20:43','Created'),
(2,1,'2023-11-09 04:26:55','Success'),
(3,1,'2023-11-09 04:52:12','Failed'),
(4,1,'2023-11-09 04:52:16','Success'),
(5,1,'2023-11-09 05:33:31','Failed'),
(6,1,'2023-11-09 05:33:37','Success'),
(7,1,'2023-11-09 09:53:04','Failed'),
(8,1,'2023-11-09 09:53:09','Success'),
(9,1,'2023-11-09 09:53:33','Success'),
(10,1,'2023-11-09 10:21:40','Success'),
(11,1,'2023-11-09 10:30:46','Success'),
(12,1,'2023-11-09 11:04:46','Success'),
(13,1,'2023-11-09 11:05:52','Success'),
(14,1,'2023-11-09 11:08:01','Success'),
(15,1,'2023-11-09 11:08:46','Success'),
(16,1,'2023-11-09 11:09:32','Success'),
(17,1,'2023-11-09 11:11:58','Success'),
(18,1,'2023-11-09 11:13:30','Success'),
(19,1,'2023-11-09 11:14:45','Success'),
(20,1,'2023-11-09 11:24:00','Success'),
(21,1,'2023-11-09 11:59:43','Success'),
(22,1,'2023-11-09 12:24:47','Success'),
(23,1,'2023-11-09 12:35:07','Success'),
(24,1,'2023-11-09 12:46:13','Success'),
(25,1,'2023-11-09 12:51:46','Success'),
(26,1,'2023-11-09 12:58:00','Success'),
(27,1,'2023-11-09 13:23:36','Success'),
(28,1,'2023-11-09 13:26:36','Failed'),
(29,1,'2023-11-09 13:26:41','Success'),
(30,1,'2023-11-09 13:32:26','Success'),
(31,1,'2023-11-09 13:38:08','Success'),
(32,1,'2023-11-09 13:42:08','Success'),
(33,1,'2023-11-09 14:04:47','Success'),
(34,1,'2023-11-09 14:17:58','Success'),
(35,1,'2023-11-09 14:26:37','Success'),
(36,1,'2023-11-09 14:30:07','Success'),
(37,1,'2023-11-09 14:37:46','Success'),
(38,1,'2023-11-09 14:55:30','Success'),
(39,1,'2023-11-09 15:10:53','Success'),
(40,1,'2023-11-10 02:03:05','Success'),
(41,1,'2023-11-10 19:27:37','Success'),
(42,1,'2023-11-10 19:30:29','Success'),
(43,1,'2023-11-11 05:45:27','Success'),
(44,1,'2023-11-11 05:52:50','Success'),
(45,1,'2023-11-11 06:02:44','Success'),
(46,1,'2023-11-11 06:30:11','Success'),
(47,1,'2023-11-11 06:39:31','Success'),
(48,1,'2023-11-11 06:46:55','Success'),
(49,1,'2023-11-11 06:48:06','Success'),
(50,1,'2023-11-11 07:10:31','Success'),
(51,1,'2023-11-11 07:17:22','Success'),
(52,1,'2023-11-11 08:38:18','Success'),
(53,1,'2023-11-11 08:42:48','Success'),
(54,1,'2023-11-11 08:54:23','Success'),
(55,1,'2023-11-11 09:07:42','Success'),
(56,1,'2023-11-11 09:10:37','Success'),
(57,1,'2023-11-11 09:14:26','Success'),
(58,1,'2023-11-11 21:22:13','Success'),
(59,1,'2023-11-11 21:26:32','Success'),
(60,1,'2023-11-11 21:30:23','Success'),
(61,1,'2023-11-11 21:35:55','Success'),
(62,1,'2023-11-11 21:39:45','Success'),
(63,1,'2023-11-11 21:42:39','Success'),
(64,1,'2023-11-11 21:58:33','Success'),
(65,1,'2023-11-11 22:00:09','Success'),
(66,1,'2023-11-11 22:06:19','Success'),
(67,1,'2023-11-11 22:09:46','Success'),
(68,1,'2023-11-11 22:13:35','Success'),
(69,1,'2023-11-11 22:29:50','Success'),
(70,1,'2023-11-11 23:22:28','Success'),
(71,1,'2023-11-12 00:00:28','Success'),
(72,1,'2023-11-12 00:07:25','Success'),
(73,1,'2023-11-12 00:59:23','Success'),
(74,1,'2023-11-14 13:37:27','Success'),
(75,1,'2023-11-14 13:42:33','Success'),
(76,1,'2023-11-14 13:46:54','Success'),
(77,1,'2023-11-14 13:50:50','Success'),
(78,1,'2023-11-15 01:06:14','Success'),
(79,1,'2023-11-15 01:14:34','Success'),
(80,1,'2023-11-15 01:34:32','Success'),
(81,1,'2023-11-15 01:39:25','Success'),
(82,1,'2023-11-15 01:53:20','Success'),
(84,1,'2023-11-15 01:57:53','Success'),
(85,1,'2023-11-15 01:58:07','Success'),
(86,1,'2023-11-15 02:02:37','Success'),
(87,1,'2023-11-15 02:07:07','Success'),
(89,1,'2023-11-15 02:13:52','Success'),
(93,1,'2023-11-15 02:20:35','Success'),
(95,8,'2023-11-15 02:24:08','Created'),
(96,8,'2023-11-15 02:27:43','Success'),
(97,1,'2023-11-15 02:28:19','Success'),
(98,1,'2023-11-15 03:31:08','Success'),
(99,1,'2023-11-15 07:19:29','Success'),
(100,1,'2023-11-16 03:05:52','Success'),
(101,1,'2023-11-16 03:31:07','Success'),
(102,1,'2023-11-16 07:25:38','Success'),
(103,1,'2023-11-16 07:28:05','Success'),
(104,1,'2023-11-16 07:34:31','Failed'),
(105,1,'2023-11-16 07:34:35','Success'),
(106,1,'2023-11-16 07:42:36','Success'),
(107,1,'2023-11-16 11:43:43','Success'),
(108,1,'2023-11-16 11:56:01','Success'),
(109,1,'2023-11-16 12:03:43','Success'),
(110,1,'2023-11-16 12:13:06','Success'),
(111,1,'2023-11-16 12:18:01','Success'),
(112,1,'2023-11-16 12:22:02','Success'),
(113,1,'2023-11-16 12:27:49','Failed'),
(114,1,'2023-11-16 12:27:52','Success'),
(115,1,'2023-11-16 12:39:58','Success'),
(116,1,'2023-11-16 13:34:18','Success'),
(117,1,'2023-11-16 13:38:29','Success'),
(118,1,'2023-11-16 13:46:07','Failed'),
(119,1,'2023-11-16 13:46:09','Success'),
(120,1,'2023-11-16 13:52:43','Success'),
(121,1,'2023-11-16 13:55:48','Success'),
(122,1,'2023-11-16 14:04:55','Success'),
(123,1,'2023-11-16 14:08:24','Success'),
(124,1,'2023-11-16 14:14:33','Success'),
(125,1,'2023-11-16 14:15:31','Success'),
(126,1,'2023-11-16 14:19:21','Failed'),
(127,1,'2023-11-16 14:19:27','Success'),
(128,1,'2023-11-16 14:54:53','Success'),
(129,1,'2023-11-16 15:09:22','Success'),
(130,1,'2023-11-16 15:13:18','Success'),
(131,1,'2023-11-16 15:20:15','Success'),
(132,1,'2023-11-16 15:21:42','Success'),
(133,1,'2023-11-16 15:31:30','Success'),
(134,1,'2023-11-16 15:33:29','Success'),
(135,1,'2023-11-16 15:39:39','Success'),
(136,1,'2023-11-16 15:42:19','Success'),
(137,1,'2023-11-16 16:06:37','Success'),
(138,1,'2023-11-18 10:47:35','Success'),
(139,1,'2023-11-18 11:50:42','Success'),
(140,1,'2023-11-18 11:54:41','Success'),
(141,1,'2023-11-18 13:21:37','Success'),
(142,1,'2023-11-18 13:24:08','Success'),
(143,1,'2023-11-18 13:26:52','Success'),
(144,1,'2023-11-18 13:28:01','Success'),
(145,1,'2023-11-18 13:28:35','Success'),
(146,1,'2023-11-18 13:32:20','Success'),
(147,1,'2023-11-18 13:33:11','Success'),
(148,1,'2023-11-18 13:36:47','Success'),
(149,1,'2023-11-18 14:07:07','Success'),
(150,1,'2023-11-18 14:08:51','Success'),
(151,1,'2023-11-18 14:52:09','Success'),
(152,1,'2023-11-18 15:14:36','Success'),
(153,1,'2023-11-18 15:18:19','Success'),
(154,1,'2023-11-18 15:20:17','Success'),
(155,1,'2023-11-18 15:23:03','Success'),
(156,1,'2023-11-18 15:24:55','Success'),
(157,1,'2023-11-18 15:26:29','Success'),
(158,1,'2023-11-18 15:32:55','Failed'),
(159,1,'2023-11-18 15:32:58','Success'),
(160,1,'2023-11-18 15:36:19','Success'),
(161,1,'2023-11-18 15:43:40','Success'),
(162,1,'2023-11-18 15:45:17','Success'),
(163,1,'2023-11-18 15:46:01','Success'),
(164,1,'2023-11-18 15:52:19','Success'),
(165,1,'2023-11-18 16:04:38','Success'),
(166,1,'2023-11-18 16:08:43','Success'),
(167,1,'2023-11-20 13:22:09','Success'),
(168,1,'2023-11-20 13:28:22','Success'),
(169,1,'2023-11-21 07:58:19','Success'),
(170,1,'2023-11-21 07:59:29','Failed'),
(171,1,'2023-11-21 07:59:33','Success'),
(172,1,'2023-11-21 08:04:26','Success'),
(173,1,'2023-11-21 08:06:35','Success'),
(174,1,'2023-11-21 08:08:50','Success'),
(175,1,'2023-11-21 08:12:32','Success'),
(176,1,'2023-11-21 08:45:21','Success'),
(177,1,'2023-11-21 08:54:25','Success'),
(178,1,'2023-11-21 09:08:22','Success'),
(179,1,'2023-11-21 09:30:31','Success'),
(180,1,'2023-11-21 17:48:42','Success'),
(181,1,'2023-11-22 02:38:30','Success'),
(182,1,'2023-11-22 04:47:58','Success'),
(183,1,'2023-11-22 10:37:02','Success'),
(184,1,'2023-11-22 13:03:07','Success'),
(185,1,'2023-11-22 13:39:42','Success'),
(186,1,'2023-11-22 13:42:52','Success'),
(187,1,'2023-11-22 14:46:13','Success'),
(188,1,'2023-11-22 14:53:07','Success'),
(189,1,'2023-11-22 20:50:46','Success'),
(190,1,'2023-11-22 20:59:57','Success'),
(191,1,'2023-11-22 21:13:11','Success'),
(192,1,'2023-11-22 21:22:58','Success'),
(193,1,'2023-11-22 21:25:09','Success'),
(194,1,'2023-11-22 21:44:59','Success'),
(195,1,'2023-11-22 22:15:17','Success'),
(196,1,'2023-11-22 22:15:53','Success'),
(197,1,'2023-11-24 02:26:08','Success'),
(198,1,'2023-11-24 03:15:32','Success'),
(199,1,'2023-11-24 04:59:10','Success'),
(200,1,'2023-11-24 05:00:29','Success'),
(201,1,'2023-11-24 05:43:36','Success'),
(202,1,'2023-11-24 05:47:30','Success'),
(203,1,'2023-11-24 05:48:29','Success'),
(204,1,'2023-11-24 05:50:04','Success'),
(205,1,'2023-11-24 05:51:02','Success'),
(206,1,'2023-11-24 05:52:11','Success'),
(207,1,'2023-11-24 05:53:38','Success'),
(208,1,'2023-11-24 05:55:13','Success'),
(209,1,'2023-11-24 13:11:29','Success'),
(210,1,'2023-11-24 21:47:35','Success'),
(211,1,'2023-11-24 23:58:40','Success'),
(212,1,'2023-11-24 23:58:58','Success'),
(213,1,'2023-11-24 23:59:44','Success'),
(214,1,'2023-11-25 00:02:06','Success'),
(215,1,'2023-11-25 00:07:34','Success'),
(216,1,'2023-11-25 00:12:50','Success'),
(217,1,'2023-11-25 01:25:51','Success'),
(218,1,'2023-11-25 01:26:49','Success'),
(219,1,'2023-11-25 01:38:45','Success'),
(220,1,'2023-11-25 04:59:55','Success'),
(221,1,'2023-11-25 05:06:38','Success'),
(222,1,'2023-11-25 05:10:45','Success'),
(223,1,'2023-11-25 05:12:31','Success'),
(224,1,'2023-11-25 05:13:53','Success'),
(225,1,'2023-11-25 05:33:25','Success'),
(226,1,'2023-11-25 05:38:27','Success'),
(227,1,'2023-11-25 05:40:02','Success'),
(228,1,'2023-11-25 05:40:32','Success'),
(229,1,'2023-11-25 05:41:01','Success'),
(230,1,'2023-11-25 05:41:53','Success'),
(231,1,'2023-11-25 05:42:49','Success'),
(232,1,'2023-11-25 05:43:57','Success'),
(233,1,'2023-11-25 05:44:32','Success'),
(234,1,'2023-11-25 05:46:25','Success'),
(235,1,'2023-11-25 06:12:49','Success'),
(236,1,'2023-11-25 06:25:23','Success'),
(237,1,'2023-11-25 06:29:27','Failed'),
(238,1,'2023-11-25 06:29:31','Success'),
(239,1,'2023-11-25 06:44:07','Success'),
(240,1,'2023-11-25 06:50:08','Success'),
(241,1,'2023-11-25 06:55:27','Success'),
(242,1,'2023-11-25 07:24:09','Success'),
(243,1,'2023-11-25 07:28:40','Success'),
(244,1,'2023-11-25 23:51:17','Success'),
(245,1,'2023-11-26 01:25:04','Success'),
(246,1,'2023-11-26 01:47:35','Success'),
(247,1,'2023-11-26 01:52:03','Success'),
(248,1,'2023-11-26 02:02:33','Success'),
(249,1,'2023-11-26 02:06:00','Success'),
(250,1,'2023-11-26 02:08:15','Success'),
(251,1,'2023-11-26 02:10:21','Success'),
(252,1,'2023-11-26 02:12:49','Success'),
(253,1,'2023-11-26 02:16:06','Success'),
(254,1,'2023-11-26 04:00:25','Success'),
(255,1,'2023-11-26 05:40:35','Success'),
(256,1,'2023-11-26 06:30:33','Success'),
(257,1,'2023-11-26 06:31:28','Success'),
(258,1,'2023-11-26 06:32:00','Success'),
(259,1,'2023-11-26 07:11:46','Success'),
(260,1,'2023-11-26 07:13:50','Success'),
(261,1,'2023-11-26 10:32:48','Success'),
(262,1,'2023-11-26 10:34:09','Success'),
(263,1,'2023-11-26 11:02:18','Success'),
(264,1,'2023-11-26 12:07:40','Success'),
(265,1,'2023-11-26 12:11:38','Success'),
(266,1,'2023-11-26 12:12:27','Success'),
(267,1,'2023-11-26 12:15:33','Success'),
(268,1,'2023-11-26 12:16:37','Success'),
(269,1,'2023-11-26 12:16:56','Success'),
(270,1,'2023-11-26 12:17:24','Success'),
(271,1,'2023-11-26 12:17:34','Success'),
(272,1,'2023-11-26 12:23:33','Success'),
(273,1,'2023-11-26 12:24:48','Success'),
(274,1,'2023-11-26 13:18:28','Success'),
(275,1,'2023-11-26 13:18:43','Success'),
(276,1,'2023-11-26 13:18:59','Success'),
(277,1,'2023-11-26 13:19:24','Success'),
(278,1,'2023-11-26 13:19:52','Success'),
(279,1,'2023-11-26 13:20:43','Success'),
(280,1,'2023-11-26 14:17:10','Success'),
(281,1,'2023-11-26 14:18:04','Success'),
(282,1,'2023-11-26 14:18:21','Success'),
(283,1,'2023-11-26 14:19:13','Success'),
(284,1,'2023-11-26 14:19:44','Success'),
(285,1,'2023-11-26 14:20:28','Success'),
(286,1,'2023-11-26 14:21:05','Success'),
(287,1,'2023-11-26 14:36:50','Failed'),
(288,1,'2023-11-26 14:37:07','Failed'),
(289,1,'2023-11-26 14:37:31','Success'),
(290,1,'2023-11-26 14:42:09','Success'),
(291,1,'2023-11-26 14:45:20','Success'),
(292,1,'2023-11-26 14:45:56','Success'),
(293,1,'2023-11-26 14:47:44','Success'),
(294,1,'2023-11-26 14:48:01','Success'),
(295,1,'2023-11-26 14:48:20','Success'),
(296,1,'2023-11-26 14:48:40','Success'),
(297,1,'2023-11-26 14:54:18','Success'),
(298,1,'2023-11-26 14:56:04','Failed'),
(299,1,'2023-11-26 14:57:34','Failed'),
(300,1,'2023-11-26 14:58:09','Failed'),
(301,1,'2023-11-26 15:00:04','Success'),
(302,1,'2023-11-26 15:01:19','Success'),
(303,1,'2023-11-26 15:01:38','Failed'),
(304,1,'2023-11-26 15:01:54','Success'),
(305,1,'2023-11-26 15:02:33','Failed'),
(306,1,'2023-11-26 15:02:38','Success'),
(307,1,'2023-11-26 17:20:38','Success'),
(308,1,'2023-11-26 17:33:56','Success'),
(309,1,'2023-11-26 17:43:00','Success'),
(310,1,'2023-11-26 17:46:01','Success'),
(311,1,'2023-11-26 17:51:31','Success'),
(312,1,'2023-11-26 18:00:47','Success'),
(313,1,'2023-11-26 18:08:12','Success'),
(314,1,'2023-11-26 18:09:42','Success'),
(315,1,'2023-11-26 18:10:50','Failed'),
(316,1,'2023-11-26 18:11:00','Success'),
(317,1,'2023-11-26 18:20:19','Success'),
(318,1,'2023-11-26 18:24:59','Success'),
(319,1,'2023-11-27 00:01:12','Success'),
(320,1,'2023-11-27 00:47:10','Success'),
(321,1,'2023-11-27 00:48:29','Success'),
(322,1,'2023-11-27 00:49:22','Success'),
(323,1,'2023-11-27 00:58:23','Success'),
(324,1,'2023-11-27 01:01:19','Failed'),
(325,1,'2023-11-27 01:01:26','Success'),
(326,1,'2023-11-27 01:12:27','Success'),
(327,1,'2023-11-27 01:16:02','Success'),
(328,1,'2023-11-27 01:18:33','Success'),
(329,1,'2023-11-27 01:23:27','Success'),
(330,1,'2023-11-27 01:25:25','Success'),
(331,1,'2023-11-27 01:28:20','Success'),
(332,1,'2023-11-27 01:29:36','Success'),
(333,1,'2023-11-27 01:34:45','Success'),
(334,1,'2023-11-27 01:37:21','Success'),
(335,1,'2023-11-27 01:38:06','Success'),
(336,1,'2023-11-27 01:43:14','Success'),
(337,1,'2023-11-27 01:44:42','Success'),
(338,1,'2023-11-27 02:01:06','Success'),
(339,1,'2023-11-27 02:03:17','Success'),
(340,1,'2023-11-27 02:07:27','Success'),
(341,1,'2023-11-27 02:11:32','Success'),
(342,1,'2023-11-27 02:12:53','Success'),
(343,1,'2023-11-27 02:17:07','Success'),
(344,1,'2023-11-27 02:19:27','Success'),
(345,1,'2023-11-27 02:33:02','Success'),
(346,1,'2023-11-27 02:38:24','Failed'),
(347,1,'2023-11-27 02:38:33','Success'),
(348,1,'2023-11-27 02:44:42','Success'),
(349,1,'2023-11-27 02:47:47','Success'),
(350,1,'2023-11-27 02:51:26','Success'),
(351,1,'2023-11-27 02:52:05','Success'),
(352,1,'2023-11-27 02:59:51','Success'),
(353,1,'2023-11-27 03:07:55','Success'),
(354,1,'2023-11-27 03:11:38','Success'),
(355,1,'2023-11-27 03:16:25','Success'),
(356,1,'2023-11-27 03:58:37','Success'),
(357,1,'2023-11-27 03:59:43','Success'),
(358,1,'2023-11-28 01:50:19','Success'),
(359,1,'2023-11-28 01:52:16','Success'),
(360,1,'2023-11-28 01:54:29','Failed'),
(361,1,'2023-11-28 01:54:36','Success'),
(362,1,'2023-11-28 02:02:35','Success'),
(363,1,'2023-11-28 02:05:43','Success'),
(364,1,'2023-11-28 02:09:34','Success'),
(365,1,'2023-11-28 02:12:28','Success'),
(366,1,'2023-11-28 02:14:33','Success'),
(367,1,'2023-11-28 02:25:56','Success'),
(368,1,'2023-11-28 02:41:14','Success'),
(369,8,'2023-11-28 03:06:08','Failed'),
(370,8,'2023-11-28 03:06:16','Success'),
(371,1,'2023-11-28 03:14:23','Success'),
(372,1,'2023-11-28 04:28:13','Success'),
(373,1,'2023-11-28 05:19:41','Success'),
(374,1,'2023-11-28 09:33:15','Success'),
(375,1,'2023-11-28 09:34:23','Success'),
(376,1,'2023-11-28 12:25:16','Success'),
(377,1,'2023-11-28 12:26:46','Success'),
(378,1,'2023-11-28 12:40:01','Success'),
(379,1,'2023-11-28 12:45:17','Success'),
(380,1,'2023-11-28 12:49:52','Success'),
(381,1,'2023-11-28 12:56:07','Success'),
(382,1,'2023-11-28 13:01:36','Success'),
(383,1,'2023-11-28 13:13:57','Success'),
(384,1,'2023-11-28 13:57:53','Success'),
(385,1,'2023-11-28 15:53:48','Success'),
(386,1,'2023-11-28 16:01:41','Success'),
(387,1,'2023-11-28 16:33:22','Success'),
(388,1,'2023-11-28 16:59:53','Success'),
(389,1,'2023-11-28 17:17:02','Success'),
(390,1,'2023-11-28 17:21:02','Success'),
(391,1,'2023-11-28 17:31:53','Success'),
(392,1,'2023-11-28 17:34:11','Success'),
(393,1,'2023-11-28 17:36:00','Success'),
(394,1,'2023-11-28 17:38:57','Success'),
(395,1,'2023-11-28 17:40:23','Success'),
(396,1,'2023-11-28 17:45:26','Success'),
(397,1,'2023-11-28 17:55:19','Success'),
(398,1,'2023-11-28 17:59:17','Success'),
(399,1,'2023-11-28 18:16:18','Failed'),
(400,1,'2023-11-28 18:16:25','Success'),
(401,1,'2023-11-28 18:25:14','Success'),
(402,1,'2023-11-28 18:29:17','Success'),
(403,1,'2023-11-28 18:31:14','Success'),
(404,1,'2023-11-28 18:33:11','Success'),
(405,1,'2023-11-28 18:35:15','Failed'),
(406,1,'2023-11-28 18:35:22','Success'),
(407,1,'2023-11-28 18:40:25','Success'),
(408,1,'2023-11-28 18:43:47','Success'),
(409,1,'2023-11-28 19:25:04','Success'),
(410,1,'2023-11-28 19:48:41','Success'),
(411,1,'2023-11-28 19:49:30','Success'),
(412,1,'2023-11-28 19:52:41','Success'),
(413,1,'2023-11-28 19:54:25','Success'),
(414,1,'2023-11-28 19:57:19','Success'),
(415,1,'2023-11-28 20:49:36','Success'),
(416,1,'2023-11-28 21:07:14','Success'),
(417,1,'2023-11-28 21:11:08','Success'),
(418,1,'2023-11-29 00:15:51','Success'),
(419,1,'2023-11-29 07:53:11','Success'),
(420,1,'2023-11-29 08:02:07','Success'),
(421,1,'2023-11-29 08:31:15','Success'),
(422,1,'2023-11-29 13:34:13','Success'),
(423,1,'2023-11-29 13:35:27','Success'),
(424,1,'2023-11-29 14:12:25','Success'),
(425,1,'2023-11-29 14:18:06','Success'),
(426,1,'2023-11-29 14:20:41','Success'),
(427,1,'2023-11-29 14:35:11','Success'),
(428,1,'2023-11-29 17:01:41','Success'),
(429,1,'2023-11-30 01:10:33','Success'),
(430,1,'2023-11-30 01:28:03','Success'),
(431,1,'2023-11-30 01:32:03','Success'),
(432,1,'2023-11-30 02:10:00','Success'),
(433,1,'2023-11-30 02:51:24','Success'),
(434,1,'2023-11-30 03:54:10','Success'),
(435,1,'2023-11-30 05:45:01','Success'),
(436,1,'2023-11-30 14:05:14','Success'),
(437,1,'2023-11-30 14:22:49','Success'),
(438,1,'2023-12-01 01:32:40','Success'),
(439,1,'2023-12-01 03:37:00','Success'),
(440,1,'2023-12-01 03:40:39','Failed'),
(441,1,'2023-12-01 03:40:45','Success'),
(442,1,'2023-12-01 03:42:16','Success'),
(443,1,'2023-12-01 03:44:04','Success'),
(444,1,'2023-12-01 05:40:38','Failed'),
(445,1,'2023-12-01 05:40:44','Success'),
(446,1,'2023-12-01 16:29:05','Success'),
(447,1,'2023-12-02 00:49:54','Success'),
(448,1,'2023-12-02 01:26:41','Success'),
(449,1,'2023-12-02 04:28:43','Success'),
(450,1,'2023-12-02 13:54:22','Success'),
(451,1,'2023-12-02 14:04:08','Success'),
(452,1,'2023-12-02 14:41:51','Success'),
(453,1,'2023-12-02 14:46:13','Success'),
(454,1,'2023-12-02 15:22:54','Success'),
(455,1,'2023-12-02 17:08:47','Success'),
(456,1,'2023-12-02 17:36:06','Success'),
(457,1,'2023-12-03 03:50:44','Success'),
(458,1,'2023-12-03 08:38:44','Success'),
(459,1,'2023-12-03 12:23:59','Success'),
(460,1,'2023-12-04 12:06:48','Success'),
(461,1,'2023-12-05 01:07:31','Success'),
(462,1,'2023-12-05 01:56:44','Success'),
(463,1,'2023-12-09 09:12:49','Success'),
(464,1,'2023-12-10 13:44:56','Success'),
(465,1,'2023-12-12 12:59:36','Success'),
(466,1,'2023-12-14 01:49:15','Success'),
(467,1,'2023-12-14 02:20:36','Success'),
(468,1,'2023-12-14 02:23:17','Success'),
(469,1,'2023-12-14 02:27:54','Success'),
(470,1,'2023-12-14 02:52:29','Success'),
(471,1,'2023-12-14 02:54:06','Success'),
(472,1,'2023-12-15 02:38:26','Success'),
(473,1,'2023-12-15 02:50:57','Success'),
(474,1,'2023-12-15 03:29:57','Success'),
(475,1,'2023-12-15 03:46:53','Success');
/*!40000 ALTER TABLE `librarian_login_logs` ENABLE KEYS */;
UNLOCK TABLES;

--
-- Table structure for table `librarian_notifications`
--

DROP TABLE IF EXISTS `librarian_notifications`;
/*!40101 SET @saved_cs_client     = @@character_set_client */;
/*!40101 SET character_set_client = utf8 */;
CREATE TABLE `librarian_notifications` (
  `notification_id` int(11) NOT NULL AUTO_INCREMENT,
  `user_id` int(11) DEFAULT NULL,
  `message` text NOT NULL,
  `notification_type` enum('Approved','Overdue','Cancelled','Available','Reserved','Checked In','Checked Out','Borrowed','Held','Contribution','Renewal','Removed') DEFAULT NULL,
  `notification_date` datetime NOT NULL,
  `status` enum('unread','read') NOT NULL DEFAULT 'unread',
  PRIMARY KEY (`notification_id`),
  KEY `user_id` (`user_id`),
  CONSTRAINT `librarian_notifications_ibfk_1` FOREIGN KEY (`user_id`) REFERENCES `user_info` (`user_id`)
) ENGINE=InnoDB AUTO_INCREMENT=152 DEFAULT CHARSET=utf8mb4 COLLATE=utf8mb4_unicode_ci;
/*!40101 SET character_set_client = @saved_cs_client */;

--
-- Dumping data for table `librarian_notifications`
--

LOCK TABLES `librarian_notifications` WRITE;
/*!40000 ALTER TABLE `librarian_notifications` DISABLE KEYS */;
INSERT INTO `librarian_notifications` VALUES
(142,21,'An eBook the invisible man contributed by jeffrey c. alerta  on December 14, 2023','Contribution','2023-12-14 09:54:19','read'),
(143,22,'The book philippine history and government has been borrowed on December 14, 2023','Borrowed','2023-12-14 10:20:21','read'),
(144,22,'An eBook lady tanglewood contributed by helena nina t. telin  on December 14, 2023','Contribution','2023-12-14 10:45:43','read'),
(145,21,'The book philippine history and government has been borrowed on December 14, 2023','Borrowed','2023-12-14 10:53:15','read'),
(146,21,'The book philippine history and government has been reserved on December 15, 2023','Reserved','2023-12-15 11:15:24','read'),
(147,21,'The book plane trigonometry: simplified & integrated has been borrowed on December 15, 2023','Borrowed','2023-12-15 11:18:11','read'),
(148,23,'The book applied electromagnetics: using quickfield and matlab has been borrowed on December 15, 2023','Borrowed','2023-12-15 11:41:49','read'),
(149,23,'An eBook the complete works of william shakespeare contributed by sofia elizabeth b. descartin  on December 15, 2023','Contribution','2023-12-15 12:13:22','unread'),
(150,23,'An eBook the hound of the baskervilles contributed by sofia elizabeth b. descartin  on December 15, 2023','Contribution','2023-12-15 12:15:57','unread'),
(151,23,'The book applied electromagnetics: using quickfield and matlab has been held on December 15, 2023','Held','2023-12-15 13:54:13','unread');
/*!40000 ALTER TABLE `librarian_notifications` ENABLE KEYS */;
UNLOCK TABLES;

--
-- Table structure for table `list_contents`
--

DROP TABLE IF EXISTS `list_contents`;
/*!40101 SET @saved_cs_client     = @@character_set_client */;
/*!40101 SET character_set_client = utf8 */;
CREATE TABLE `list_contents` (
  `content_id` int(11) NOT NULL AUTO_INCREMENT,
  `list_id` int(11) NOT NULL,
  `book_id` int(11) NOT NULL,
  `added_at` timestamp NULL DEFAULT current_timestamp(),
  `content_status` tinyint(1) DEFAULT 0,
  PRIMARY KEY (`content_id`),
  KEY `list_id` (`list_id`),
  KEY `book_id` (`book_id`),
  CONSTRAINT `list_contents_ibfk_1` FOREIGN KEY (`list_id`) REFERENCES `user_lists` (`list_id`),
  CONSTRAINT `list_contents_ibfk_2` FOREIGN KEY (`book_id`) REFERENCES `books` (`book_id`)
) ENGINE=InnoDB DEFAULT CHARSET=utf8mb4 COLLATE=utf8mb4_unicode_ci;
/*!40101 SET character_set_client = @saved_cs_client */;

--
-- Dumping data for table `list_contents`
--

LOCK TABLES `list_contents` WRITE;
/*!40000 ALTER TABLE `list_contents` DISABLE KEYS */;
/*!40000 ALTER TABLE `list_contents` ENABLE KEYS */;
UNLOCK TABLES;

--
-- Table structure for table `login_logs`
--

DROP TABLE IF EXISTS `login_logs`;
/*!40101 SET @saved_cs_client     = @@character_set_client */;
/*!40101 SET character_set_client = utf8 */;
CREATE TABLE `login_logs` (
  `log_id` int(11) NOT NULL AUTO_INCREMENT,
  `user_id` int(11) DEFAULT NULL,
  `status` varchar(20) DEFAULT NULL,
  `date_login` timestamp NULL DEFAULT current_timestamp(),
  PRIMARY KEY (`log_id`)
) ENGINE=InnoDB AUTO_INCREMENT=681 DEFAULT CHARSET=utf8mb4 COLLATE=utf8mb4_unicode_ci;
/*!40101 SET character_set_client = @saved_cs_client */;

--
-- Dumping data for table `login_logs`
--

LOCK TABLES `login_logs` WRITE;
/*!40000 ALTER TABLE `login_logs` DISABLE KEYS */;
INSERT INTO `login_logs` VALUES
(1,1,'created','2023-11-09 09:50:57'),
(2,1,'Success','2023-11-09 09:51:05'),
(3,1,'Success','2023-11-09 10:53:24'),
(4,1,'Success','2023-11-10 02:02:47'),
(5,1,'Success','2023-11-10 02:36:00'),
(6,1,'Success','2023-11-10 02:37:53'),
(7,1,'Success','2023-11-10 02:41:28'),
(8,1,'Success','2023-11-10 02:44:33'),
(9,1,'Success','2023-11-10 02:46:15'),
(10,1,'Success','2023-11-10 02:46:30'),
(11,1,'Success','2023-11-10 02:46:44'),
(12,1,'Success','2023-11-10 02:50:14'),
(13,1,'Success','2023-11-10 02:51:49'),
(14,1,'Success','2023-11-10 02:52:17'),
(15,1,'Success','2023-11-10 02:52:44'),
(16,1,'Success','2023-11-10 02:55:06'),
(17,1,'Success','2023-11-10 02:56:52'),
(18,1,'Success','2023-11-10 02:59:45'),
(19,1,'Success','2023-11-10 03:01:45'),
(20,1,'Success','2023-11-10 03:12:57'),
(21,1,'Success','2023-11-10 03:24:32'),
(22,1,'Success','2023-11-10 03:29:48'),
(23,1,'Success','2023-11-10 03:37:28'),
(24,1,'Success','2023-11-10 03:40:41'),
(25,1,'Success','2023-11-10 06:06:02'),
(26,1,'Success','2023-11-10 06:10:47'),
(27,1,'Success','2023-11-10 06:19:27'),
(28,1,'Success','2023-11-10 06:22:36'),
(29,1,'Success','2023-11-10 06:29:20'),
(30,1,'Success','2023-11-10 06:36:18'),
(31,1,'Success','2023-11-10 06:52:23'),
(32,1,'Success','2023-11-10 07:02:57'),
(33,1,'Success','2023-11-10 07:09:00'),
(34,1,'Success','2023-11-10 07:15:17'),
(35,1,'Success','2023-11-10 13:11:28'),
(36,1,'Success','2023-11-10 13:32:45'),
(37,1,'Success','2023-11-10 13:44:54'),
(38,1,'Success','2023-11-10 13:55:02'),
(39,1,'Success','2023-11-10 14:00:09'),
(40,1,'Success','2023-11-10 14:05:47'),
(41,1,'Success','2023-11-10 14:41:37'),
(42,1,'Success','2023-11-10 14:47:34'),
(43,1,'Success','2023-11-10 14:53:45'),
(44,1,'Success','2023-11-10 14:58:57'),
(45,1,'Success','2023-11-10 15:07:05'),
(46,1,'Success','2023-11-10 15:12:17'),
(47,1,'Success','2023-11-10 15:38:30'),
(48,1,'Success','2023-11-10 15:44:04'),
(49,1,'Success','2023-11-10 15:50:23'),
(50,1,'Success','2023-11-10 16:03:26'),
(51,1,'Success','2023-11-10 16:11:17'),
(52,1,'Success','2023-11-10 16:11:58'),
(53,1,'Success','2023-11-10 16:35:43'),
(54,1,'Success','2023-11-10 16:59:22'),
(55,1,'Success','2023-11-10 17:07:23'),
(56,1,'Success','2023-11-10 17:19:09'),
(57,1,'Success','2023-11-10 17:48:38'),
(58,1,'Success','2023-11-10 17:52:54'),
(59,1,'Success','2023-11-10 18:03:02'),
(60,1,'Success','2023-11-10 18:12:14'),
(61,1,'Success','2023-11-10 18:19:42'),
(62,1,'Success','2023-11-10 18:27:27'),
(63,1,'Success','2023-11-10 19:00:29'),
(64,1,'Success','2023-11-10 19:24:57'),
(65,1,'Success','2023-11-11 03:33:54'),
(66,1,'Success','2023-11-11 03:44:31'),
(67,1,'Success','2023-11-11 03:54:46'),
(68,1,'Success','2023-11-11 04:02:15'),
(69,1,'Success','2023-11-11 04:08:16'),
(70,1,'Success','2023-11-11 04:14:10'),
(71,1,'Success','2023-11-11 04:21:43'),
(72,1,'Success','2023-11-11 04:35:36'),
(73,1,'Success','2023-11-11 04:42:31'),
(74,1,'Success','2023-11-11 04:50:09'),
(75,1,'Success','2023-11-11 04:57:59'),
(76,1,'Success','2023-11-11 08:48:40'),
(77,1,'Success','2023-11-11 09:06:42'),
(78,1,'Success','2023-11-11 09:13:48'),
(79,1,'Success','2023-11-11 09:20:59'),
(80,1,'Success','2023-11-12 00:59:06'),
(81,1,'Success','2023-11-14 10:15:15'),
(82,1,'Success','2023-11-14 10:38:45'),
(83,1,'Success','2023-11-14 10:47:05'),
(84,1,'Success','2023-11-14 10:57:12'),
(85,1,'Success','2023-11-14 11:09:15'),
(86,1,'Success','2023-11-14 11:15:52'),
(87,1,'Success','2023-11-14 12:27:22'),
(88,1,'Success','2023-11-14 12:40:25'),
(89,1,'Success','2023-11-14 12:55:16'),
(90,1,'Success','2023-11-14 13:07:50'),
(91,1,'Success','2023-11-14 13:16:02'),
(92,1,'Success','2023-11-14 13:26:20'),
(93,1,'Success','2023-11-14 13:26:31'),
(94,1,'Success','2023-11-14 13:32:37'),
(95,1,'Success','2023-11-14 13:53:55'),
(96,1,'Success','2023-11-14 14:06:28'),
(97,1,'Success','2023-11-14 14:11:40'),
(98,1,'Success','2023-11-15 01:11:22'),
(99,1,'Success','2023-11-15 01:24:35'),
(100,1,'Success','2023-11-15 01:26:42'),
(101,1,'Success','2023-11-15 01:54:49'),
(102,1,'Success','2023-11-15 12:39:21'),
(103,1,'Success','2023-11-15 12:59:37'),
(104,1,'Success','2023-11-15 13:05:12'),
(105,1,'Success','2023-11-15 13:16:40'),
(106,1,'Success','2023-11-15 13:33:54'),
(107,1,'Success','2023-11-15 13:40:59'),
(108,1,'Success','2023-11-15 13:46:17'),
(109,1,'Success','2023-11-15 13:51:40'),
(110,1,'Success','2023-11-15 13:57:17'),
(111,1,'Success','2023-11-15 14:12:03'),
(112,1,'Success','2023-11-15 14:19:24'),
(113,1,'Success','2023-11-15 14:25:12'),
(114,1,'Success','2023-11-15 14:27:49'),
(115,1,'Success','2023-11-15 14:33:00'),
(116,1,'Success','2023-11-15 14:34:31'),
(117,1,'Success','2023-11-15 14:37:35'),
(118,1,'Success','2023-11-15 14:39:45'),
(119,1,'Success','2023-11-15 14:42:18'),
(120,1,'Success','2023-11-15 14:44:50'),
(121,1,'Success','2023-11-15 14:49:56'),
(122,1,'Success','2023-11-15 15:00:39'),
(123,1,'Success','2023-11-15 15:06:40'),
(124,1,'Success','2023-11-15 15:07:49'),
(125,1,'Success','2023-11-15 15:12:07'),
(126,1,'Success','2023-11-15 15:17:46'),
(127,1,'Success','2023-11-15 15:21:37'),
(128,1,'Success','2023-11-15 15:43:51'),
(129,1,'Success','2023-11-15 15:55:44'),
(130,1,'Success','2023-11-15 15:56:48'),
(131,1,'Success','2023-11-15 15:58:27'),
(132,1,'Success','2023-11-15 16:00:19'),
(133,1,'Success','2023-11-16 14:58:13'),
(134,1,'Success','2023-11-16 15:04:10'),
(135,1,'Success','2023-11-16 15:22:56'),
(136,1,'Success','2023-11-16 15:30:18'),
(137,1,'Success','2023-11-16 15:34:05'),
(138,1,'Success','2023-11-16 15:41:53'),
(139,1,'Success','2023-11-16 15:42:56'),
(140,1,'Success','2023-11-16 16:35:14'),
(141,1,'Success','2023-11-16 16:43:14'),
(142,1,'Success','2023-11-16 16:43:31'),
(143,1,'Success','2023-11-16 16:50:39'),
(144,1,'Success','2023-11-16 16:58:49'),
(145,1,'Success','2023-11-17 02:07:29'),
(146,1,'Success','2023-11-17 02:09:07'),
(147,1,'Success','2023-11-17 02:37:34'),
(148,1,'Success','2023-11-17 02:44:05'),
(149,1,'Success','2023-11-17 02:51:36'),
(150,1,'Success','2023-11-17 09:59:36'),
(151,1,'Success','2023-11-18 02:10:41'),
(152,1,'Success','2023-11-18 02:43:15'),
(153,1,'Success','2023-11-18 02:58:59'),
(154,1,'Success','2023-11-18 04:29:49'),
(155,1,'Success','2023-11-18 04:37:41'),
(156,1,'Success','2023-11-18 04:43:58'),
(157,1,'Success','2023-11-18 04:50:51'),
(158,1,'Success','2023-11-18 04:59:09'),
(159,1,'Success','2023-11-18 05:11:24'),
(160,1,'Success','2023-11-18 05:18:58'),
(161,1,'Success','2023-11-18 09:54:51'),
(162,1,'Success','2023-11-18 11:24:27'),
(163,2,'created','2023-11-18 16:57:50'),
(164,2,'Success','2023-11-18 16:57:58'),
(165,1,'Success','2023-11-18 17:14:14'),
(166,1,'Success','2023-11-18 18:00:41'),
(167,1,'Success','2023-11-18 18:02:08'),
(168,2,'Success','2023-11-18 18:02:34'),
(169,1,'Success','2023-11-18 18:15:26'),
(170,1,'Success','2023-11-18 18:19:54'),
(171,1,'Success','2023-11-18 18:32:41'),
(172,1,'Success','2023-11-18 18:37:58'),
(173,1,'Success','2023-11-18 18:41:52'),
(174,1,'Success','2023-11-20 00:02:40'),
(175,1,'Success','2023-11-20 00:06:12'),
(176,1,'Success','2023-11-20 00:42:13'),
(177,1,'Success','2023-11-20 01:04:32'),
(178,1,'Success','2023-11-20 04:29:34'),
(179,1,'Success','2023-11-20 04:39:36'),
(180,1,'Success','2023-11-20 04:42:56'),
(181,1,'Success','2023-11-20 04:44:09'),
(182,1,'Success','2023-11-20 04:47:56'),
(183,1,'Success','2023-11-20 04:59:31'),
(184,1,'Success','2023-11-20 06:03:33'),
(185,1,'Success','2023-11-20 06:04:01'),
(186,1,'Success','2023-11-20 06:05:29'),
(187,1,'Success','2023-11-20 09:36:32'),
(188,1,'Success','2023-11-20 09:57:31'),
(189,1,'Success','2023-11-20 10:11:14'),
(190,1,'Success','2023-11-20 10:21:54'),
(191,1,'Success','2023-11-20 10:36:51'),
(192,1,'Success','2023-11-20 12:45:03'),
(193,1,'Success','2023-11-20 13:03:31'),
(194,3,'created','2023-11-20 13:29:49'),
(195,3,'Success','2023-11-20 13:29:57'),
(196,3,'Success','2023-11-20 13:31:27'),
(197,3,'Success','2023-11-20 13:32:50'),
(198,1,'Success','2023-11-20 13:35:57'),
(199,3,'Success','2023-11-20 13:43:17'),
(200,3,'Success','2023-11-20 13:45:46'),
(201,4,'created','2023-11-20 13:52:55'),
(202,4,'Success','2023-11-20 13:53:03'),
(203,1,'Success','2023-11-21 01:14:36'),
(204,1,'Success','2023-11-21 01:18:35'),
(205,1,'Success','2023-11-21 01:20:29'),
(206,3,'Success','2023-11-21 01:20:42'),
(207,3,'Success','2023-11-21 01:21:05'),
(208,3,'Success','2023-11-21 01:23:26'),
(209,1,'Success','2023-11-21 01:23:32'),
(210,1,'Success','2023-11-21 01:28:12'),
(211,3,'Success','2023-11-21 01:28:40'),
(212,3,'Success','2023-11-21 01:28:59'),
(213,3,'Success','2023-11-21 01:31:37'),
(214,1,'Success','2023-11-21 01:32:47'),
(215,3,'Success','2023-11-21 01:33:17'),
(216,1,'Success','2023-11-21 01:35:48'),
(217,1,'Success','2023-11-21 01:36:55'),
(218,1,'Success','2023-11-21 01:38:01'),
(219,3,'Success','2023-11-21 01:38:45'),
(220,4,'Success','2023-11-21 01:38:58'),
(221,1,'Success','2023-11-21 01:42:26'),
(222,1,'Success','2023-11-21 03:46:20'),
(223,1,'Success','2023-11-21 03:51:50'),
(224,1,'Success','2023-11-21 03:56:53'),
(225,1,'Success','2023-11-21 03:59:03'),
(226,2,'Success','2023-11-21 03:59:29'),
(227,1,'Success','2023-11-21 04:04:23'),
(228,1,'Success','2023-11-21 04:26:12'),
(229,5,'created','2023-11-21 04:51:38'),
(230,5,'Success','2023-11-21 04:51:48'),
(231,1,'Success','2023-11-21 04:52:28'),
(232,1,'Success','2023-11-21 05:17:38'),
(233,1,'Success','2023-11-21 05:20:44'),
(234,1,'Success','2023-11-21 06:46:25'),
(235,1,'Success','2023-11-21 06:49:02'),
(236,1,'Success','2023-11-21 06:57:19'),
(237,1,'Success','2023-11-21 06:57:26'),
(238,1,'Success','2023-11-21 06:57:32'),
(239,1,'Success','2023-11-21 06:59:29'),
(240,1,'Success','2023-11-21 07:00:26'),
(241,1,'Success','2023-11-21 07:06:34'),
(242,1,'Success','2023-11-21 07:06:56'),
(243,1,'Success','2023-11-21 07:10:53'),
(244,1,'Success','2023-11-21 07:12:13'),
(245,1,'Success','2023-11-21 07:14:57'),
(246,1,'Success','2023-11-21 07:16:28'),
(247,1,'Success','2023-11-21 07:19:32'),
(248,1,'Success','2023-11-21 07:26:30'),
(249,1,'Success','2023-11-21 07:28:53'),
(250,1,'Success','2023-11-21 07:30:57'),
(251,1,'Success','2023-11-21 07:33:22'),
(252,1,'Success','2023-11-21 07:36:04'),
(253,1,'Success','2023-11-21 07:37:57'),
(254,1,'Success','2023-11-21 07:43:48'),
(255,1,'Success','2023-11-21 07:44:55'),
(256,1,'Success','2023-11-21 07:50:03'),
(257,1,'Success','2023-11-21 07:56:51'),
(258,1,'Success','2023-11-21 07:58:45'),
(259,1,'Success','2023-11-21 08:55:35'),
(260,1,'Success','2023-11-21 08:59:22'),
(261,1,'Success','2023-11-21 08:59:50'),
(262,1,'Success','2023-11-21 09:00:24'),
(263,2,'Success','2023-11-21 09:00:42'),
(264,1,'Success','2023-11-21 12:10:38'),
(265,1,'Success','2023-11-21 12:21:41'),
(266,1,'Success','2023-11-21 12:26:35'),
(267,1,'Success','2023-11-21 12:28:02'),
(268,1,'Success','2023-11-21 12:29:13'),
(269,1,'Success','2023-11-21 12:32:01'),
(270,1,'Success','2023-11-21 12:40:11'),
(271,1,'Success','2023-11-21 12:46:46'),
(272,1,'Success','2023-11-21 12:50:15'),
(273,1,'Success','2023-11-21 12:58:10'),
(274,1,'Success','2023-11-21 13:04:39'),
(275,1,'Success','2023-11-21 13:10:44'),
(276,1,'Success','2023-11-22 02:35:20'),
(277,1,'Success','2023-11-22 03:03:31'),
(278,1,'Success','2023-11-22 04:03:46'),
(279,2,'Success','2023-11-22 04:13:19'),
(280,1,'Success','2023-11-22 04:52:43'),
(281,2,'Success','2023-11-22 05:03:53'),
(282,2,'Success','2023-11-22 05:49:25'),
(283,2,'Success','2023-11-22 10:00:16'),
(284,1,'Success','2023-11-22 10:06:00'),
(285,2,'Success','2023-11-22 10:06:26'),
(286,2,'Success','2023-11-22 10:13:39'),
(287,1,'Success','2023-11-22 10:15:57'),
(288,2,'Success','2023-11-22 10:16:06'),
(289,2,'Success','2023-11-22 10:19:21'),
(290,1,'Success','2023-11-22 10:36:39'),
(291,1,'Success','2023-11-22 10:37:49'),
(292,1,'Success','2023-11-22 10:40:54'),
(293,2,'Success','2023-11-22 11:12:26'),
(294,2,'Success','2023-11-22 11:39:42'),
(295,2,'Success','2023-11-22 11:41:58'),
(296,2,'Success','2023-11-22 11:55:45'),
(297,2,'Success','2023-11-22 12:27:16'),
(298,2,'Success','2023-11-22 12:32:50'),
(299,1,'Success','2023-11-22 12:41:37'),
(300,1,'Success','2023-11-22 12:47:09'),
(301,1,'Success','2023-11-22 12:55:30'),
(302,1,'Success','2023-11-22 13:00:38'),
(303,1,'Success','2023-11-22 13:07:57'),
(304,1,'Success','2023-11-22 13:09:42'),
(305,1,'Success','2023-11-22 13:10:13'),
(306,1,'Success','2023-11-22 13:12:00'),
(307,1,'Success','2023-11-22 13:18:50'),
(308,1,'Success','2023-11-22 13:23:56'),
(309,1,'Success','2023-11-22 13:31:45'),
(310,1,'Success','2023-11-22 13:37:22'),
(311,1,'Success','2023-11-22 13:43:19'),
(312,1,'Success','2023-11-22 13:43:58'),
(313,1,'Success','2023-11-22 13:47:09'),
(314,1,'Success','2023-11-22 13:52:47'),
(315,1,'Success','2023-11-22 14:01:31'),
(316,1,'Success','2023-11-22 14:06:01'),
(317,1,'Success','2023-11-22 14:14:24'),
(318,1,'Success','2023-11-22 14:14:34'),
(319,1,'Success','2023-11-22 14:15:23'),
(320,1,'Success','2023-11-22 14:15:57'),
(321,2,'Success','2023-11-22 14:19:08'),
(322,1,'Success','2023-11-22 14:30:28'),
(323,1,'Success','2023-11-22 14:31:46'),
(324,1,'Success','2023-11-22 14:34:38'),
(325,1,'Success','2023-11-22 14:44:14'),
(326,1,'Success','2023-11-22 14:45:51'),
(327,1,'Success','2023-11-22 14:46:37'),
(328,1,'Success','2023-11-22 14:48:11'),
(329,1,'Success','2023-11-22 14:51:43'),
(330,1,'Success','2023-11-22 14:53:19'),
(331,1,'Success','2023-11-22 14:56:50'),
(332,1,'Success','2023-11-22 20:46:32'),
(333,1,'Success','2023-11-22 20:47:25'),
(334,1,'Success','2023-11-22 20:50:15'),
(335,1,'Success','2023-11-22 20:51:04'),
(336,1,'Success','2023-11-22 20:52:14'),
(337,1,'Success','2023-11-22 20:53:29'),
(338,1,'Success','2023-11-22 20:54:23'),
(339,1,'Success','2023-11-22 20:58:31'),
(340,1,'Success','2023-11-22 20:59:37'),
(341,1,'Success','2023-11-22 21:00:23'),
(342,1,'Success','2023-11-22 21:01:55'),
(343,1,'Success','2023-11-22 21:04:08'),
(344,1,'Success','2023-11-22 21:07:14'),
(345,1,'Success','2023-11-22 21:12:28'),
(346,1,'Success','2023-11-22 21:13:33'),
(347,1,'Success','2023-11-22 21:14:21'),
(348,1,'Success','2023-11-22 21:21:46'),
(349,1,'Success','2023-11-22 21:23:36'),
(350,1,'Success','2023-11-22 21:25:20'),
(351,1,'Success','2023-11-22 21:30:09'),
(352,1,'Success','2023-11-22 21:30:58'),
(353,2,'Success','2023-11-22 21:32:56'),
(354,1,'Success','2023-11-22 21:43:21'),
(355,2,'Success','2023-11-22 21:43:35'),
(356,1,'Success','2023-11-22 21:44:41'),
(357,1,'Success','2023-11-22 22:12:00'),
(358,1,'Success','2023-11-22 22:17:38'),
(359,1,'Success','2023-11-22 22:23:08'),
(360,1,'Success','2023-11-23 14:55:12'),
(361,2,'Success','2023-11-24 02:06:56'),
(362,1,'Success','2023-11-24 02:07:46'),
(363,1,'Success','2023-11-24 02:13:53'),
(364,1,'Success','2023-11-24 03:05:43'),
(365,1,'Success','2023-11-24 03:37:08'),
(366,1,'Success','2023-11-24 03:43:47'),
(367,1,'Success','2023-11-24 03:59:13'),
(368,1,'Success','2023-11-24 04:00:49'),
(369,1,'Success','2023-11-24 04:04:25'),
(370,1,'Success','2023-11-24 05:00:22'),
(371,2,'Success','2023-11-24 05:39:51'),
(372,1,'Success','2023-11-24 05:41:33'),
(373,1,'Success','2023-11-24 05:44:10'),
(374,1,'Success','2023-11-24 05:45:45'),
(375,1,'Success','2023-11-24 05:55:45'),
(376,1,'Success','2023-11-24 05:59:11'),
(377,1,'Success','2023-11-24 06:01:15'),
(378,1,'Success','2023-11-24 12:33:18'),
(379,1,'Success','2023-11-24 12:35:22'),
(380,1,'Success','2023-11-24 12:56:57'),
(381,1,'Success','2023-11-24 13:10:38'),
(382,1,'Success','2023-11-24 13:12:34'),
(383,1,'Success','2023-11-24 13:17:18'),
(384,1,'Success','2023-11-24 13:22:01'),
(385,1,'Success','2023-11-24 13:31:35'),
(386,1,'Success','2023-11-24 13:36:08'),
(387,1,'Success','2023-11-24 13:42:39'),
(388,1,'Success','2023-11-24 13:49:46'),
(389,1,'Success','2023-11-25 00:49:57'),
(390,1,'Success','2023-11-25 00:50:18'),
(391,1,'Success','2023-11-25 00:56:04'),
(392,1,'Success','2023-11-25 00:57:10'),
(393,1,'Success','2023-11-25 01:06:02'),
(394,1,'Success','2023-11-25 01:06:28'),
(395,1,'Success','2023-11-25 01:07:51'),
(396,1,'Success','2023-11-25 23:25:06'),
(397,1,'Success','2023-11-26 03:15:16'),
(398,1,'Success','2023-11-26 03:28:03'),
(399,1,'Success','2023-11-26 03:55:02'),
(400,1,'Success','2023-11-26 03:59:42'),
(401,1,'Success','2023-11-26 04:02:08'),
(402,1,'Success','2023-11-26 04:45:22'),
(403,1,'Success','2023-11-26 04:49:37'),
(404,1,'Success','2023-11-26 04:54:19'),
(405,1,'Success','2023-11-26 05:09:11'),
(406,1,'Success','2023-11-26 05:15:06'),
(407,1,'Success','2023-11-26 05:18:00'),
(408,1,'Success','2023-11-26 06:32:37'),
(409,1,'Success','2023-11-26 06:34:16'),
(410,1,'Success','2023-11-26 07:09:12'),
(411,1,'Success','2023-11-26 10:15:40'),
(412,1,'Success','2023-11-26 10:27:19'),
(413,1,'Success','2023-11-26 10:29:48'),
(414,1,'Success','2023-11-26 10:31:50'),
(415,1,'Success','2023-11-26 10:32:11'),
(416,1,'Success','2023-11-26 10:32:23'),
(417,1,'Success','2023-11-26 12:18:03'),
(418,1,'Success','2023-11-26 12:21:06'),
(419,1,'Success','2023-11-26 12:25:24'),
(420,1,'Success','2023-11-26 12:31:45'),
(421,1,'Success','2023-11-26 12:35:22'),
(422,1,'Success','2023-11-26 12:43:37'),
(423,1,'Success','2023-11-26 12:50:22'),
(424,1,'Success','2023-11-26 12:55:54'),
(425,1,'Success','2023-11-26 13:01:30'),
(426,1,'Success','2023-11-26 13:03:00'),
(427,1,'Success','2023-11-26 13:05:19'),
(428,1,'Success','2023-11-26 13:17:28'),
(429,1,'Success','2023-11-26 13:17:51'),
(430,1,'Success','2023-11-26 13:21:20'),
(431,1,'Success','2023-11-26 14:01:23'),
(432,1,'Success','2023-11-26 14:01:39'),
(433,1,'Success','2023-11-26 14:07:09'),
(434,1,'Success','2023-11-26 15:29:04'),
(435,1,'Success','2023-11-26 15:30:10'),
(436,1,'Success','2023-11-26 15:30:30'),
(437,1,'Success','2023-11-26 16:12:34'),
(438,1,'Success','2023-11-26 16:19:32'),
(439,1,'Success','2023-11-26 16:23:44'),
(440,1,'Success','2023-11-26 16:26:25'),
(441,1,'Success','2023-11-26 16:31:17'),
(442,1,'Success','2023-11-26 16:32:30'),
(443,1,'Success','2023-11-26 16:35:03'),
(444,1,'Success','2023-11-26 16:36:50'),
(445,1,'Success','2023-11-26 16:43:12'),
(446,1,'Success','2023-11-26 16:46:44'),
(447,1,'Success','2023-11-26 16:47:48'),
(448,1,'Success','2023-11-26 16:52:20'),
(449,1,'Success','2023-11-26 17:01:27'),
(450,1,'Success','2023-11-26 17:06:23'),
(451,1,'Success','2023-11-26 17:58:42'),
(452,1,'Success','2023-11-26 17:59:50'),
(453,1,'Success','2023-11-26 18:08:45'),
(454,2,'Success','2023-11-26 18:21:41'),
(455,3,'Success','2023-11-26 18:26:54'),
(456,3,'Success','2023-11-26 18:28:00'),
(457,1,'Success','2023-11-26 18:35:20'),
(458,3,'Success','2023-11-26 18:35:54'),
(459,1,'Success','2023-11-26 18:40:31'),
(460,3,'Success','2023-11-26 18:40:45'),
(461,1,'Success','2023-11-26 18:41:15'),
(462,2,'Success','2023-11-26 18:41:29'),
(463,3,'Success','2023-11-26 18:42:38'),
(464,2,'Success','2023-11-26 18:44:04'),
(465,2,'Success','2023-11-26 18:44:32'),
(466,1,'Success','2023-11-26 18:47:27'),
(467,1,'Success','2023-11-26 23:59:57'),
(468,3,'Success','2023-11-27 00:00:17'),
(469,3,'Success','2023-11-27 00:00:47'),
(470,2,'Success','2023-11-27 00:02:14'),
(471,1,'Success','2023-11-27 00:07:47'),
(472,2,'Success','2023-11-27 00:08:18'),
(473,2,'Success','2023-11-27 00:09:55'),
(474,1,'Success','2023-11-27 00:17:20'),
(475,1,'Success','2023-11-27 00:20:43'),
(476,1,'Success','2023-11-27 00:21:37'),
(477,2,'Success','2023-11-27 00:22:16'),
(478,1,'Success','2023-11-27 00:25:10'),
(479,2,'Success','2023-11-27 00:25:32'),
(480,1,'Success','2023-11-27 00:27:25'),
(481,2,'Success','2023-11-27 00:27:42'),
(482,3,'Success','2023-11-27 00:29:47'),
(483,1,'Success','2023-11-27 01:21:12'),
(484,1,'Success','2023-11-27 01:27:22'),
(485,1,'Success','2023-11-27 01:45:17'),
(486,1,'Success','2023-11-27 01:47:30'),
(487,1,'Success','2023-11-27 01:53:54'),
(488,2,'Success','2023-11-27 01:59:18'),
(489,1,'Success','2023-11-27 02:20:29'),
(490,1,'Success','2023-11-27 02:31:28'),
(491,1,'Success','2023-11-27 02:34:35'),
(492,1,'Success','2023-11-27 02:36:56'),
(493,2,'Success','2023-11-27 02:44:01'),
(494,2,'Success','2023-11-27 02:44:21'),
(495,2,'Success','2023-11-27 02:46:56'),
(496,3,'Success','2023-11-27 02:51:43'),
(497,3,'Success','2023-11-27 02:58:59'),
(498,2,'Success','2023-11-27 03:07:28'),
(499,2,'Success','2023-11-27 03:13:28'),
(500,2,'Success','2023-11-27 03:16:44'),
(501,2,'Success','2023-11-27 03:20:25'),
(502,2,'Success','2023-11-27 03:23:50'),
(503,2,'Success','2023-11-27 03:26:15'),
(504,2,'Success','2023-11-27 03:26:37'),
(505,2,'Success','2023-11-27 03:38:38'),
(506,2,'Success','2023-11-27 03:41:20'),
(507,2,'Success','2023-11-27 03:52:28'),
(508,2,'Success','2023-11-27 03:55:39'),
(509,1,'Success','2023-11-27 03:58:04'),
(510,1,'Success','2023-11-27 03:59:06'),
(511,1,'Success','2023-11-27 04:02:34'),
(512,1,'Success','2023-11-27 06:57:50'),
(513,1,'Success','2023-11-28 01:52:24'),
(514,1,'Success','2023-11-28 01:53:46'),
(515,1,'Success','2023-11-28 01:55:24'),
(516,1,'Success','2023-11-28 01:59:46'),
(517,1,'Success','2023-11-28 02:02:17'),
(518,1,'Success','2023-11-28 02:03:13'),
(519,1,'Success','2023-11-28 02:04:43'),
(520,1,'Success','2023-11-28 02:06:38'),
(521,1,'Success','2023-11-28 02:12:14'),
(522,1,'Success','2023-11-28 02:19:30'),
(523,1,'Success','2023-11-28 02:22:35'),
(524,1,'Success','2023-11-28 02:24:13'),
(525,1,'Success','2023-11-28 02:26:38'),
(526,1,'Success','2023-11-28 02:40:57'),
(527,1,'Success','2023-11-28 03:06:20'),
(528,1,'Success','2023-11-28 03:13:17'),
(529,1,'Success','2023-11-28 03:19:21'),
(530,1,'Success','2023-11-28 03:21:39'),
(531,1,'Success','2023-11-28 03:23:03'),
(532,6,'created','2023-11-28 12:23:12'),
(533,6,'Success','2023-11-28 12:23:26'),
(534,6,'Success','2023-11-28 12:26:35'),
(535,7,'created','2023-11-28 12:31:22'),
(536,7,'Success','2023-11-28 12:31:37'),
(537,8,'created','2023-11-28 12:37:34'),
(538,9,'created','2023-11-28 12:38:17'),
(539,10,'created','2023-11-28 12:39:07'),
(540,11,'created','2023-11-28 12:39:45'),
(541,6,'Success','2023-11-28 12:49:41'),
(542,6,'Success','2023-11-28 14:10:35'),
(543,6,'Success','2023-11-28 14:38:36'),
(544,6,'Success','2023-11-28 15:47:26'),
(545,6,'Success','2023-11-28 16:04:20'),
(546,6,'Success','2023-11-28 16:28:02'),
(547,6,'Success','2023-11-28 16:34:15'),
(548,6,'Success','2023-11-28 19:22:13'),
(549,7,'Success','2023-11-28 19:22:25'),
(550,7,'Success','2023-11-28 19:28:37'),
(551,7,'Success','2023-11-28 19:42:07'),
(552,7,'Success','2023-11-28 19:49:05'),
(553,7,'Success','2023-11-28 19:52:14'),
(554,7,'Success','2023-11-28 19:53:54'),
(555,6,'Success','2023-11-28 19:56:48'),
(556,8,'Failed','2023-11-28 21:05:42'),
(557,8,'Failed','2023-11-28 21:05:54'),
(558,8,'Failed','2023-11-28 21:06:00'),
(559,8,'Success','2023-11-28 21:06:08'),
(560,9,'Failed','2023-11-28 21:07:56'),
(561,9,'Success','2023-11-28 21:08:03'),
(562,7,'Success','2023-11-28 21:22:44'),
(563,7,'Success','2023-11-28 21:43:20'),
(564,7,'Success','2023-11-28 21:44:23'),
(565,7,'Success','2023-11-28 21:50:58'),
(566,7,'Success','2023-11-28 21:51:37'),
(567,6,'Success','2023-11-28 22:23:08'),
(568,7,'Success','2023-11-28 22:25:40'),
(569,6,'Success','2023-11-28 23:08:34'),
(570,7,'Success','2023-11-28 23:09:11'),
(571,7,'Success','2023-11-28 23:28:46'),
(572,7,'Success','2023-11-28 23:34:13'),
(573,7,'Success','2023-11-28 23:40:46'),
(574,9,'Success','2023-11-29 00:16:53'),
(575,7,'Success','2023-11-29 13:40:02'),
(576,7,'Success','2023-11-29 13:43:46'),
(577,7,'Success','2023-11-29 13:49:33'),
(578,7,'Success','2023-11-29 15:43:30'),
(579,7,'Success','2023-11-29 16:10:21'),
(580,7,'Success','2023-11-29 16:13:42'),
(581,7,'Success','2023-11-29 16:14:27'),
(582,7,'Success','2023-11-29 16:18:17'),
(583,7,'Success','2023-11-29 16:29:50'),
(584,7,'Success','2023-11-29 16:40:36'),
(585,7,'Success','2023-11-29 16:42:27'),
(586,7,'Success','2023-11-29 16:44:58'),
(587,7,'Success','2023-11-29 16:45:25'),
(588,7,'Success','2023-11-29 16:46:12'),
(589,7,'Success','2023-11-29 17:33:49'),
(590,7,'Success','2023-11-30 04:10:29'),
(591,6,'Success','2023-11-30 06:33:22'),
(592,7,'Success','2023-11-30 06:34:06'),
(593,9,'Success','2023-11-30 06:39:53'),
(594,6,'Success','2023-11-30 06:40:03'),
(595,8,'Success','2023-11-30 08:55:27'),
(596,9,'Success','2023-11-30 10:07:57'),
(597,6,'recover','2023-12-01 01:14:54'),
(598,6,'recover','2023-12-01 01:15:21'),
(599,6,'recover','2023-12-01 01:15:51'),
(600,6,'recover','2023-12-01 01:17:20'),
(601,6,'recover','2023-12-01 01:22:14'),
(602,6,'Failed','2023-12-01 01:23:23'),
(603,6,'Success','2023-12-01 01:23:29'),
(604,7,'Success','2023-12-01 02:08:27'),
(605,9,'Success','2023-12-01 03:37:43'),
(606,8,'Success','2023-12-01 04:04:12'),
(607,9,'Success','2023-12-01 05:32:28'),
(608,8,'Success','2023-12-01 06:52:21'),
(609,8,'Success','2023-12-01 06:52:51'),
(610,9,'Success','2023-12-01 06:53:09'),
(611,9,'Success','2023-12-01 06:54:22'),
(612,6,'recover','2023-12-01 14:12:43'),
(613,6,'Success','2023-12-01 14:12:57'),
(614,6,'Success','2023-12-01 15:02:07'),
(615,8,'Failed','2023-12-01 16:27:32'),
(616,6,'Success','2023-12-02 04:43:14'),
(617,8,'Success','2023-12-02 11:48:44'),
(618,8,'Success','2023-12-02 13:27:48'),
(619,8,'Success','2023-12-02 13:55:13'),
(620,6,'Success','2023-12-02 15:02:39'),
(621,9,'Success','2023-12-02 15:10:12'),
(622,7,'Success','2023-12-02 18:11:49'),
(623,8,'Failed','2023-12-03 03:50:10'),
(624,8,'Failed','2023-12-03 03:50:15'),
(625,8,'Success','2023-12-03 03:50:22'),
(626,6,'Success','2023-12-03 08:43:18'),
(627,7,'Success','2023-12-03 12:20:08'),
(628,6,'Success','2023-12-04 01:03:45'),
(629,6,'Success','2023-12-04 11:34:51'),
(630,8,'Success','2023-12-04 15:41:01'),
(631,7,'Success','2023-12-04 15:41:25'),
(632,6,'Success','2023-12-04 15:46:18'),
(633,7,'Success','2023-12-04 15:46:56'),
(634,6,'Success','2023-12-04 15:47:10'),
(635,7,'Success','2023-12-04 15:53:12'),
(636,6,'Success','2023-12-04 15:53:45'),
(637,7,'Success','2023-12-04 16:05:51'),
(638,9,'Success','2023-12-05 01:01:22'),
(639,9,'Success','2023-12-05 01:21:23'),
(640,9,'Success','2023-12-05 01:21:32'),
(641,8,'Success','2023-12-05 01:25:08'),
(642,8,'Success','2023-12-05 02:50:22'),
(643,9,'Success','2023-12-05 02:50:41'),
(644,6,'Success','2023-12-10 13:45:42'),
(645,12,'created','2023-12-11 14:55:35'),
(646,13,'created','2023-12-11 14:57:04'),
(647,14,'created','2023-12-11 14:58:50'),
(648,15,'created','2023-12-11 15:00:31'),
(649,16,'created','2023-12-11 15:01:59'),
(650,17,'created','2023-12-11 15:02:50'),
(651,18,'created','2023-12-11 15:03:43'),
(652,19,'created','2023-12-11 15:05:37'),
(653,19,'Success','2023-12-11 15:05:38'),
(654,20,'created','2023-12-11 15:06:39'),
(655,20,'Success','2023-12-11 15:06:41'),
(656,21,'created','2023-12-11 15:07:52'),
(657,21,'Success','2023-12-11 15:07:54'),
(658,21,'Success','2023-12-14 01:51:25'),
(659,22,'created','2023-12-14 02:19:17'),
(660,22,'Success','2023-12-14 02:19:19'),
(661,22,'Success','2023-12-14 02:24:40'),
(662,22,'Success','2023-12-14 02:51:30'),
(663,21,'Success','2023-12-14 02:52:00'),
(664,22,'Success','2023-12-14 03:10:45'),
(665,22,'Success','2023-12-14 11:10:06'),
(666,21,'Success','2023-12-15 03:01:55'),
(667,23,'created','2023-12-15 03:39:35'),
(668,23,'Success','2023-12-15 03:39:37'),
(669,21,'Success','2023-12-15 03:42:38'),
(670,23,'Success','2023-12-15 03:43:54'),
(671,21,'Success','2023-12-15 03:44:45'),
(672,23,'Success','2023-12-15 04:14:37'),
(673,21,'Success','2023-12-15 04:21:13'),
(674,22,'Success','2023-12-15 04:21:48'),
(675,21,'Success','2023-12-15 04:22:44'),
(676,22,'Success','2023-12-15 04:24:58'),
(677,21,'Success','2023-12-15 04:25:45'),
(678,23,'Success','2023-12-15 05:15:46'),
(679,21,'Success','2023-12-15 05:21:20'),
(680,23,'Success','2023-12-15 05:52:56');
/*!40000 ALTER TABLE `login_logs` ENABLE KEYS */;
UNLOCK TABLES;

--
-- Temporary table structure for view `notification_librarian`
--

DROP TABLE IF EXISTS `notification_librarian`;
/*!50001 DROP VIEW IF EXISTS `notification_librarian`*/;
SET @saved_cs_client     = @@character_set_client;
SET character_set_client = utf8;
/*!50001 CREATE VIEW `notification_librarian` AS SELECT
 1 AS `notification_id`,
  1 AS `fullname`,
  1 AS `message`,
  1 AS `notification_type`,
  1 AS `notification_date`,
  1 AS `status` */;
SET character_set_client = @saved_cs_client;

--
-- Table structure for table `notifications`
--

DROP TABLE IF EXISTS `notifications`;
/*!40101 SET @saved_cs_client     = @@character_set_client */;
/*!40101 SET character_set_client = utf8 */;
CREATE TABLE `notifications` (
  `notification_id` int(11) NOT NULL AUTO_INCREMENT,
  `user_id` int(11) NOT NULL,
  `message` text NOT NULL,
  `notification_type` enum('Approved','Overdue','Cancelled','Held','Available','Check Out','Borrowed','Contribution','Renewal') DEFAULT NULL,
  `creation_date` datetime NOT NULL,
  `status` enum('unread','read') DEFAULT 'unread',
  PRIMARY KEY (`notification_id`),
  KEY `user_id` (`user_id`),
  CONSTRAINT `notifications_ibfk_1` FOREIGN KEY (`user_id`) REFERENCES `user_info` (`user_id`)
) ENGINE=InnoDB AUTO_INCREMENT=118 DEFAULT CHARSET=utf8mb4 COLLATE=utf8mb4_unicode_ci;
/*!40101 SET character_set_client = @saved_cs_client */;

--
-- Dumping data for table `notifications`
--

LOCK TABLES `notifications` WRITE;
/*!40000 ALTER TABLE `notifications` DISABLE KEYS */;
INSERT INTO `notifications` VALUES
(109,21,'The book the invisible man you contributed has been approved on December 14, 2023','Contribution','2023-12-14 09:55:44','read'),
(110,22,'The book philippine history and government you borrowed has been approved on December 14, 2023','Approved','2023-12-14 10:21:00','read'),
(111,22,'The book philippine history and government you held on December 14, 2023 is available for checked out on this day December 14, 2023','Held','2023-12-14 10:24:02','read'),
(112,22,'The book lady tanglewood you contributed has been approved on December 14, 2023','Contribution','2023-12-14 10:48:23','read'),
(113,21,'The book philippine history and government you borrowed has been approved on December 14, 2023','Approved','2023-12-14 10:53:31','read'),
(114,21,'The book plane trigonometry: simplified & integrated you borrowed has been approved on December 15, 2023','Approved','2023-12-15 11:36:36','read'),
(115,23,'The book the complete works of william shakespeare you contributed has been approved on December 15, 2023','Contribution','2023-12-15 12:19:33','read'),
(116,23,'The book applied electromagnetics: using quickfield and matlab you borrowed has been approved on December 15, 2023','Approved','2023-12-15 13:53:08','unread'),
(117,23,'Your book applied electromagnetics: using quickfield and matlab that you held has been accepted on December 15, 2023','Held','2023-12-15 13:54:51','unread');
/*!40000 ALTER TABLE `notifications` ENABLE KEYS */;
UNLOCK TABLES;

--
-- Temporary table structure for view `online_department`
--

DROP TABLE IF EXISTS `online_department`;
/*!50001 DROP VIEW IF EXISTS `online_department`*/;
SET @saved_cs_client     = @@character_set_client;
SET character_set_client = utf8;
/*!50001 CREATE VIEW `online_department` AS SELECT
 1 AS `department`,
  1 AS `status`,
  1 AS `date_login` */;
SET character_set_client = @saved_cs_client;

--
-- Table structure for table `pending_transactions`
--

DROP TABLE IF EXISTS `pending_transactions`;
/*!40101 SET @saved_cs_client     = @@character_set_client */;
/*!40101 SET character_set_client = utf8 */;
CREATE TABLE `pending_transactions` (
  `pending_transaction_id` int(11) NOT NULL AUTO_INCREMENT,
  `book_id` int(11) NOT NULL,
  `user_id` int(11) NOT NULL,
  `transaction_type` enum('Borrowed','Held','Reserved','Renewal') DEFAULT NULL,
  `status` enum('Pending','Approved','Cancelled') NOT NULL,
  `request_date` timestamp NOT NULL DEFAULT current_timestamp(),
  `approve_date` timestamp NULL DEFAULT NULL,
  PRIMARY KEY (`pending_transaction_id`),
  KEY `book_id` (`book_id`),
  KEY `user_id` (`user_id`),
  CONSTRAINT `pending_transactions_ibfk_1` FOREIGN KEY (`book_id`) REFERENCES `books` (`book_id`),
  CONSTRAINT `pending_transactions_ibfk_2` FOREIGN KEY (`user_id`) REFERENCES `user_info` (`user_id`)
) ENGINE=InnoDB AUTO_INCREMENT=121 DEFAULT CHARSET=utf8mb4 COLLATE=utf8mb4_unicode_ci;
/*!40101 SET character_set_client = @saved_cs_client */;

--
-- Dumping data for table `pending_transactions`
--

LOCK TABLES `pending_transactions` WRITE;
/*!40000 ALTER TABLE `pending_transactions` DISABLE KEYS */;
INSERT INTO `pending_transactions` VALUES
(115,4927,22,'Borrowed','Approved','2023-12-14 02:20:21','2023-12-14 02:21:00'),
(116,4927,21,'Borrowed','Approved','2023-12-14 02:53:15','2023-12-14 02:53:31'),
(117,4927,21,'Reserved','Pending','2023-12-15 03:15:24',NULL),
(118,4935,21,'Borrowed','Approved','2023-12-15 03:18:11','2023-12-15 03:36:36'),
(119,5021,23,'Borrowed','Approved','2023-12-15 03:41:49','2023-12-15 05:53:08'),
(120,5021,23,'Held','Approved','2023-12-15 05:54:13','2023-12-15 05:54:51');
/*!40000 ALTER TABLE `pending_transactions` ENABLE KEYS */;
UNLOCK TABLES;

--
-- Table structure for table `personal_recommendations`
--

DROP TABLE IF EXISTS `personal_recommendations`;
/*!40101 SET @saved_cs_client     = @@character_set_client */;
/*!40101 SET character_set_client = utf8 */;
CREATE TABLE `personal_recommendations` (
  `recommendation_id` int(11) NOT NULL AUTO_INCREMENT,
  `user_id` int(11) NOT NULL,
  `recommended_book_id` int(11) NOT NULL,
  `recommendation_date` datetime NOT NULL DEFAULT current_timestamp(),
  `recommendation_status` enum('active','removed') DEFAULT 'active',
  PRIMARY KEY (`recommendation_id`),
  KEY `user_id` (`user_id`),
  CONSTRAINT `personal_recommendations_ibfk_1` FOREIGN KEY (`user_id`) REFERENCES `user_info` (`user_id`)
) ENGINE=InnoDB AUTO_INCREMENT=14 DEFAULT CHARSET=utf8mb4 COLLATE=utf8mb4_unicode_ci;
/*!40101 SET character_set_client = @saved_cs_client */;

--
-- Dumping data for table `personal_recommendations`
--

LOCK TABLES `personal_recommendations` WRITE;
/*!40000 ALTER TABLE `personal_recommendations` DISABLE KEYS */;
INSERT INTO `personal_recommendations` VALUES
(12,22,4927,'2023-12-14 10:21:23','active'),
(13,23,5021,'2023-12-15 13:53:24','active');
/*!40000 ALTER TABLE `personal_recommendations` ENABLE KEYS */;
UNLOCK TABLES;

--
-- Temporary table structure for view `presonalize_recomendations_details`
--

DROP TABLE IF EXISTS `presonalize_recomendations_details`;
/*!50001 DROP VIEW IF EXISTS `presonalize_recomendations_details`*/;
SET @saved_cs_client     = @@character_set_client;
SET character_set_client = utf8;
/*!50001 CREATE VIEW `presonalize_recomendations_details` AS SELECT
 1 AS `recommendation_id`,
  1 AS `user_id`,
  1 AS `book_id`,
  1 AS `fullname`,
  1 AS `department`,
  1 AS `img_path`,
  1 AS `title`,
  1 AS `author_name`,
  1 AS `total_checkedout`,
  1 AS `recommendation_status` */;
SET character_set_client = @saved_cs_client;

--
-- Table structure for table `publishers`
--

DROP TABLE IF EXISTS `publishers`;
/*!40101 SET @saved_cs_client     = @@character_set_client */;
/*!40101 SET character_set_client = utf8 */;
CREATE TABLE `publishers` (
  `publisher_id` int(11) NOT NULL AUTO_INCREMENT,
  `publisher_name` varchar(100) NOT NULL,
  `created_at` timestamp NULL DEFAULT current_timestamp(),
  PRIMARY KEY (`publisher_id`)
) ENGINE=InnoDB AUTO_INCREMENT=1897 DEFAULT CHARSET=utf8mb4 COLLATE=utf8mb4_unicode_ci;
/*!40101 SET character_set_client = @saved_cs_client */;

--
-- Dumping data for table `publishers`
--

LOCK TABLES `publishers` WRITE;
/*!40000 ALTER TABLE `publishers` DISABLE KEYS */;
INSERT INTO `publishers` VALUES
(1604,'all nations publishing, inc','2023-11-28 18:43:24'),
(1605,'lacsamana press ','2023-11-28 18:43:24'),
(1606,'great books publishing','2023-11-28 18:43:24'),
(1607,'all nations publishing, inc','2023-11-28 18:43:24'),
(1608,'rex book store inc.','2023-11-28 18:43:24'),
(1609,'rex book store inc.','2023-11-28 18:43:24'),
(1610,'national book store','2023-11-28 18:43:24'),
(1611,'rex book store inc.','2023-11-28 18:43:24'),
(1612,'national book store','2023-11-28 18:43:24'),
(1613,'katha publishing co., inc.','2023-11-28 18:43:24'),
(1614,'katha publishing co., inc.','2023-11-28 18:43:24'),
(1615,'katha publishing co., inc.','2023-11-28 18:43:24'),
(1616,'katha publishing co., inc.','2023-12-14 02:28:51'),
(1617,'lorimar publishing inc. ','2023-12-14 02:28:51'),
(1618,'lorimar publishing inc. ','2023-12-14 02:28:51'),
(1619,'lorimar publishing inc.','2023-12-14 02:28:51'),
(1620,'lorimar publishing inc.','2023-12-14 02:28:51'),
(1621,'lorimar publishing inc.','2023-12-14 02:28:51'),
(1622,'lorimar publishing inc.','2023-12-14 02:28:51'),
(1623,'garotech publishing','2023-12-14 02:28:51'),
(1624,'c&e publishing inc.','2023-12-14 02:28:51'),
(1625,'john wiley & sons inc.','2023-12-14 02:28:51'),
(1626,'lorimar publishing inc.','2023-12-14 02:28:51'),
(1627,'katha publishing co., inc.','2023-12-14 02:28:51'),
(1628,'lorimar publishing inc.','2023-12-14 02:28:51'),
(1629,'lorimar publishing inc.','2023-12-14 02:28:51'),
(1630,'lorimar publishing inc.','2023-12-14 02:28:51'),
(1631,'lorimar publishing inc.','2023-12-14 02:28:52'),
(1632,'lorimar publishing inc.','2023-12-14 02:28:52'),
(1633,'lorimar publishing inc.','2023-12-14 02:28:52'),
(1634,'lorimar publishing inc.','2023-12-14 02:28:52'),
(1635,'lorimar publishing inc.','2023-12-14 02:28:52'),
(1636,'lorimar publishing inc.','2023-12-14 02:28:52'),
(1637,'lorimar publishing inc.','2023-12-14 02:28:52'),
(1638,'lorimar publishing inc.','2023-12-14 02:28:52'),
(1639,'lorimar publishing inc.','2023-12-14 02:28:52'),
(1640,'c&e publishing inc.','2023-12-14 02:28:52'),
(1641,'c&e publishing inc.','2023-12-14 02:28:52'),
(1642,'lorimar publishing inc.','2023-12-14 02:28:52'),
(1643,'katha publishing co., inc.','2023-12-14 02:28:52'),
(1644,'lorimar publishing inc.','2023-12-14 02:28:52'),
(1645,'lorimar publishing inc.','2023-12-14 02:28:52'),
(1646,'lorimar publishing inc.','2023-12-14 02:28:52'),
(1647,'c&e publishing inc.','2023-12-14 02:28:53'),
(1648,'katha publishing co., inc.','2023-12-14 02:28:53'),
(1649,'lorimar publishing co., inc','2023-12-14 02:28:53'),
(1650,'lorimar publishing co., inc','2023-12-14 02:28:53'),
(1651,'katha publishing co., inc.','2023-12-14 02:28:53'),
(1652,'lorimar publishing co., inc.','2023-12-14 02:28:53'),
(1653,'lorimar publishing co., inc.','2023-12-14 02:28:53'),
(1654,'c&e publishing inc.','2023-12-14 02:28:53'),
(1655,'lorimar publishing co., inc.','2023-12-14 02:28:53'),
(1656,'c & e publishing inc.','2023-12-14 02:28:53'),
(1657,'lorimar publishing co., inc.','2023-12-14 02:28:53'),
(1658,'lorimar publishing co., inc.','2023-12-14 02:28:53'),
(1659,'lorimar publishing co., inc.','2023-12-14 02:28:53'),
(1660,'lorimar publishing co., inc.','2023-12-14 02:28:53'),
(1661,'lorimar publishing co., inc.','2023-12-14 02:28:53'),
(1662,'academic publishing corporation','2023-12-14 02:28:53'),
(1663,'c&e publishing inc.','2023-12-14 02:28:53'),
(1664,'rex bookstore inc.','2023-12-14 02:28:53'),
(1665,'c&e publishing inc.','2023-12-14 02:28:53'),
(1666,'c&e publishing inc.','2023-12-14 02:28:53'),
(1667,'','2023-12-14 02:28:53'),
(1668,'national book store','2023-12-14 02:28:53'),
(1669,'national book store','2023-12-14 02:28:53'),
(1670,'lorimar publishing inc.','2023-12-14 02:28:53'),
(1671,'katha publishing co. inc.','2023-12-14 02:28:53'),
(1672,'goodwill bookstore','2023-12-14 02:28:53'),
(1673,'pearson education inc.','2023-12-14 02:28:53'),
(1674,'c&e publishing inc.','2023-12-14 02:28:53'),
(1675,'jmc press, inc.','2023-12-14 02:28:53'),
(1676,'katha publishing co. inc.','2023-12-14 02:28:53'),
(1677,'katha publishing co. inc.','2023-12-14 02:28:54'),
(1678,'katha publishing co. inc.','2023-12-14 02:28:54'),
(1679,'c&e publishing inc.','2023-12-14 02:28:54'),
(1680,'pearson education inc.','2023-12-14 02:28:54'),
(1681,'national bookstore','2023-12-14 02:28:54'),
(1682,'','2023-12-14 02:28:54'),
(1683,'national bookstore','2023-12-14 02:28:54'),
(1684,'national bookstore','2023-12-14 02:28:54'),
(1685,'national bookstore','2023-12-14 02:28:54'),
(1686,'national bookstore','2023-12-14 02:28:54'),
(1687,'national bookstore','2023-12-14 02:28:54'),
(1688,'national bookstore','2023-12-14 02:28:54'),
(1689,'national bookstore','2023-12-14 02:28:54'),
(1690,'national bookstore','2023-12-14 02:28:54'),
(1691,'national bookstore','2023-12-14 02:28:54'),
(1692,'national bookstore','2023-12-14 02:28:54'),
(1693,'national bookstore','2023-12-14 02:28:54'),
(1694,'national bookstore','2023-12-14 02:28:54'),
(1695,'national bookstore','2023-12-14 02:28:54'),
(1696,'national bookstore','2023-12-14 02:28:55'),
(1697,'mcgraw-hill, co.','2023-12-14 02:28:55'),
(1698,'infinity science press llc','2023-12-14 02:28:55'),
(1699,'john wiley & sons inc.','2023-12-14 02:28:55'),
(1700,'american management ass.','2023-12-14 02:28:55'),
(1701,'mcgraw-hill, co.','2023-12-14 02:28:55'),
(1702,'mcgraw-hill, co.','2023-12-14 02:28:55'),
(1703,'mcgraw-hill, co.','2023-12-14 02:28:55'),
(1704,'mcgraw-hill, co.','2023-12-14 02:28:55'),
(1705,'john wiley & sons inc.','2023-12-14 02:28:55'),
(1706,'mcgraw-hill, co.','2023-12-14 02:28:55'),
(1707,'watson-guptill publications','2023-12-14 02:28:55'),
(1708,'sweet & maxwell','2023-12-14 02:28:55'),
(1709,'mcgraw-hill, co.','2023-12-14 02:28:55'),
(1710,'mcgraw-hill, co.','2023-12-14 02:28:55'),
(1711,'mcgraw-hill, co.','2023-12-14 02:28:55'),
(1712,'mcgraw-hill, co.','2023-12-14 02:28:55'),
(1713,'mcgraw-hill, co.','2023-12-14 02:28:55'),
(1714,'mcgraw-hill, co.','2023-12-14 02:28:55'),
(1715,'mcgraw-hill, co.','2023-12-14 02:28:55'),
(1716,'thomson learning','2023-12-14 02:28:55'),
(1717,'cengage learning','2023-12-14 02:28:55'),
(1718,'vikas publishing','2023-12-14 02:28:55'),
(1719,'national bookstore','2023-12-14 02:28:55'),
(1720,'national bookstore','2023-12-14 02:28:55'),
(1721,'mcgraw-hill, co.','2023-12-14 02:28:55'),
(1722,'mcgraw-hill, co.','2023-12-14 02:28:55'),
(1723,'mcgraw-hill, co./osborne','2023-12-14 02:28:55'),
(1724,'mcgraw-hill co.','2023-12-14 02:28:55'),
(1725,'mcgraw-hill co.','2023-12-14 02:28:55'),
(1726,'the boston consulting group inc.','2023-12-14 02:28:55'),
(1727,'mcgraw-hill/ irwin co.','2023-12-14 02:28:55'),
(1728,'mcgraw-hill/ irwin co.','2023-12-14 02:28:55'),
(1729,'books atbp. publishing corp.','2023-12-14 02:28:55'),
(1730,'rex bookstore','2023-12-14 02:28:55'),
(1731,'c&e publishing inc.','2023-12-14 02:28:55'),
(1732,'books atbp. publishing corp.','2023-12-14 02:28:55'),
(1733,'books atbp. publishing corp.','2023-12-14 02:28:55'),
(1734,'books atbp. publishing corp.','2023-12-14 02:28:56'),
(1735,'books atbp. publishing corp.','2023-12-14 02:28:56'),
(1736,'books atbp. publishing corp.','2023-12-14 02:28:56'),
(1737,'ascent commu. sol.& publishing inc.','2023-12-14 02:28:56'),
(1738,'accumicro i.t solutions','2023-12-14 02:28:56'),
(1739,'rex bookstore','2023-12-14 02:28:56'),
(1740,'rex bookstore','2023-12-14 02:28:56'),
(1741,'anvil publishing inc.','2023-12-14 02:28:56'),
(1742,'rex bookstore','2023-12-14 02:28:56'),
(1743,'accumicro i.t solutions','2023-12-14 02:28:56'),
(1744,'books atbp. publishing corp.','2023-12-14 02:28:56'),
(1745,'king\'s vision printing and publishing inc.','2023-12-14 02:28:56'),
(1746,'books atbp. publishing corp.','2023-12-14 02:28:56'),
(1747,'books atbp. publishing corp.','2023-12-14 02:28:56'),
(1748,'books atbp. publishing corp.','2023-12-14 02:28:56'),
(1749,'cambridge university press','2023-12-14 02:28:56'),
(1750,'pearson education inc.','2023-12-14 02:28:56'),
(1751,'pearson education inc.','2023-12-14 02:28:56'),
(1752,'hachette uk company','2023-12-14 02:28:56'),
(1753,'cengage learning','2023-12-14 02:28:56'),
(1754,'books atbp. publishing corp.','2023-12-14 02:28:56'),
(1755,'thomson delmar learning','2023-12-14 02:28:56'),
(1756,'tata mcgraw-hill publishing com.','2023-12-14 02:28:56'),
(1757,'ar skills dev. & management services','2023-12-14 02:28:56'),
(1758,'rex bookstore','2023-12-14 02:28:57'),
(1759,'pearson education inc.','2023-12-14 02:28:57'),
(1760,'ascent publishing emterprise','2023-12-14 02:28:57'),
(1761,'cengage learning asia','2023-12-14 02:28:57'),
(1762,'pearson education inc.','2023-12-14 02:28:57'),
(1763,'butterworth-heinemann','2023-12-14 02:28:57'),
(1764,'pearson education inc.','2023-12-14 02:28:57'),
(1765,'butterworth-heinemann','2023-12-14 02:28:57'),
(1766,'ar sdms, inc.','2023-12-14 02:28:57'),
(1767,'pearson education inc.','2023-12-14 02:28:57'),
(1768,'books atbp publishing corp.','2023-12-14 02:28:57'),
(1769,'pearson education inc.','2023-12-14 02:28:57'),
(1770,'rex bookstore, inc.','2023-12-14 02:28:57'),
(1771,'national bookstore','2023-12-14 02:28:57'),
(1772,'pearson education inc.','2023-12-14 02:28:57'),
(1773,'john wiley & sons, inc.','2023-12-14 02:28:57'),
(1774,'hachette uk company','2023-12-14 02:28:57'),
(1775,'pearson education inc.','2023-12-14 02:28:57'),
(1776,'lotus press publishers & distributors','2023-12-14 02:28:57'),
(1777,'hanns seidel','2023-12-14 02:28:57'),
(1778,'pearson education inc.','2023-12-14 02:28:57'),
(1779,'mcgraw-hill comp. inc.','2023-12-14 02:28:57'),
(1780,'cengage learning','2023-12-14 02:28:57'),
(1781,'ibook publishing','2023-12-14 02:28:57'),
(1782,'jemma inc.','2023-12-14 02:28:57'),
(1783,'pearson education inc.','2023-12-14 02:28:57'),
(1784,'jemma inc.','2023-12-14 02:28:57'),
(1785,'anvil publishing, inc.','2023-12-14 02:28:57'),
(1786,'cengage learning','2023-12-14 02:28:57'),
(1787,'anvil publishing, inc.','2023-12-14 02:28:57'),
(1788,'jemma inc.','2023-12-14 02:28:57'),
(1789,'cengage learning','2023-12-14 02:28:58'),
(1790,'pearson education inc.','2023-12-14 02:28:58'),
(1791,'cengage learning','2023-12-14 02:28:58'),
(1792,'thomson learning asia','2023-12-14 02:28:58'),
(1793,'cengage learning','2023-12-14 02:28:58'),
(1794,'c&e publishing inc.','2023-12-14 02:28:58'),
(1795,'cengage learning','2023-12-14 02:28:58'),
(1796,'mindshapers co., inc.','2023-12-14 02:28:58'),
(1797,'national bookstore','2023-12-14 02:28:58'),
(1798,'cengage learning','2023-12-14 02:28:58'),
(1799,'national bookstore','2023-12-14 02:28:58'),
(1800,'national bookstore','2023-12-14 02:28:58'),
(1801,'rex bookstore, inc.','2023-12-14 02:28:58'),
(1802,'great books publishing','2023-12-14 02:28:58'),
(1803,'rex bookstore, inc.','2023-12-14 02:28:58'),
(1804,'rex bookstore, inc.','2023-12-14 02:28:58'),
(1805,'rex bookstore, inc.','2023-12-14 02:28:58'),
(1806,'hachette book group','2023-12-14 02:28:58'),
(1807,'pearson education inc.','2023-12-14 02:28:58'),
(1808,'jemma inc.','2023-12-14 02:28:58'),
(1809,'jemma inc.','2023-12-14 02:28:58'),
(1810,'jemma inc.','2023-12-14 02:28:58'),
(1811,'pearson education inc.','2023-12-14 02:28:58'),
(1812,'cengage learning','2023-12-14 02:28:58'),
(1813,'cengage learning','2023-12-14 02:28:58'),
(1814,'jemma inc.','2023-12-14 02:28:58'),
(1815,'cengage learning','2023-12-14 02:28:58'),
(1816,'jemma inc.','2023-12-14 02:28:58'),
(1817,'jemma inc.','2023-12-14 02:28:58'),
(1818,'jemma inc.','2023-12-14 02:28:58'),
(1819,'rmc publishing hous','2023-12-14 02:28:59'),
(1820,'pearson education inc.','2023-12-14 02:28:59'),
(1821,'anvil publishing, inc.','2023-12-14 02:28:59'),
(1822,'c & e publishing, inc.','2023-12-14 02:28:59'),
(1823,'cengage learning','2023-12-14 02:28:59'),
(1824,'cengage learning','2023-12-14 02:28:59'),
(1825,'cengage learning','2023-12-14 02:28:59'),
(1826,'cengage learning','2023-12-14 02:28:59'),
(1827,'pearson education inc.','2023-12-14 02:28:59'),
(1828,'pearson education inc.','2023-12-14 02:28:59'),
(1829,'great books publishing','2023-12-14 02:28:59'),
(1830,'rex bookstore, inc.','2023-12-14 02:28:59'),
(1831,'lorimar publishing inc.','2023-12-14 02:28:59'),
(1832,'john wiley & sons, inc.','2023-12-14 02:28:59'),
(1833,'john wiley & sons, inc.','2023-12-14 02:28:59'),
(1834,'john wiley & sons, inc.','2023-12-14 02:28:59'),
(1835,'john wiley & sons, inc.','2023-12-14 02:28:59'),
(1836,'3g e learning','2023-12-14 02:28:59'),
(1837,'3g e learning','2023-12-14 02:28:59'),
(1838,'3g e learning','2023-12-14 02:28:59'),
(1839,'3g e learning','2023-12-14 02:28:59'),
(1840,'3g e learning','2023-12-14 02:28:59'),
(1841,'john wiley & sons, inc.','2023-12-14 02:28:59'),
(1842,'lorimar publishing inc.','2023-12-14 02:28:59'),
(1843,'anvil publishing, inc.','2023-12-14 02:28:59'),
(1844,'pearson education inc.','2023-12-14 02:28:59'),
(1845,'mcgraw-hill','2023-12-14 02:28:59'),
(1846,'john wiley & sons, inc.','2023-12-14 02:28:59'),
(1847,'course technology','2023-12-14 02:28:59'),
(1848,'delmar publisher inc.','2023-12-14 02:28:59'),
(1849,'national bookstore','2023-12-14 02:28:59'),
(1850,'lorimar publishing inc.','2023-12-14 02:28:59'),
(1851,'great books publishing','2023-12-14 02:28:59'),
(1852,'rex printing company, inc.','2023-12-14 02:28:59'),
(1853,'d.c. health and company','2023-12-14 02:28:59'),
(1854,'lorimar publishing inc.','2023-12-14 02:28:59'),
(1855,'lorimar publishing inc.','2023-12-14 02:28:59'),
(1856,'lorimar publishing inc.','2023-12-14 02:29:00'),
(1857,'c & e publishing, inc.','2023-12-14 02:29:00'),
(1858,'rex bookstore, inc.','2023-12-14 02:29:00'),
(1859,'rex bookstore, inc.','2023-12-14 02:29:00'),
(1860,'lorimar publishing inc.','2023-12-14 02:29:00'),
(1861,'msa publishing house','2023-12-14 02:29:00'),
(1862,'lorimar publishing inc.','2023-12-14 02:29:00'),
(1863,'lorimar publishing inc.','2023-12-14 02:29:00'),
(1864,'rex bookstore, inc.','2023-12-14 02:29:00'),
(1865,'rex bookstore, inc.','2023-12-14 02:29:00'),
(1866,'prerna prakashan','2023-12-14 02:29:00'),
(1867,'prerna prakashan','2023-12-14 02:29:00'),
(1868,'prerna prakashan','2023-12-14 02:29:00'),
(1869,'prerna prakashan','2023-12-14 02:29:00'),
(1870,'prerna prakashan','2023-12-14 02:29:00'),
(1871,'prerna prakashan','2023-12-14 02:29:00'),
(1872,'prerna prakashan','2023-12-14 02:29:00'),
(1873,'prerna prakashan','2023-12-14 02:29:00'),
(1874,'prerna prakashan','2023-12-14 02:29:00'),
(1875,'national bookstore','2023-12-14 02:29:00'),
(1876,'jones and bartlett publishers','2023-12-14 02:29:00'),
(1877,'jones and bartlett publishers','2023-12-14 02:29:00'),
(1878,'mcgraw-hill','2023-12-14 02:29:00'),
(1879,'mcgraw-hill','2023-12-14 02:29:00'),
(1880,' sage publicvations','2023-12-14 02:29:00'),
(1881,'rex bookstore','2023-12-14 02:29:00'),
(1882,'rex bookstore','2023-12-14 02:29:00'),
(1883,'rex bookstore','2023-12-14 02:29:01'),
(1884,'rex bookstore','2023-12-14 02:29:01'),
(1885,'rex bookstore','2023-12-14 02:29:01'),
(1886,'rex bookstore','2023-12-14 02:29:01'),
(1887,'rex bookstore','2023-12-14 02:29:01'),
(1888,'rex bookstore','2023-12-14 02:29:01'),
(1889,'rex bookstore','2023-12-14 02:29:01'),
(1890,'rex bookstore','2023-12-14 02:29:01'),
(1891,'rex bookstore','2023-12-14 02:29:01'),
(1892,'rex bookstore','2023-12-14 02:29:01'),
(1893,'rex bookstore','2023-12-14 02:29:01'),
(1894,'rex bookstore','2023-12-14 02:29:01'),
(1895,'rex bookstore','2023-12-14 02:29:01'),
(1896,'rex bookstore','2023-12-14 02:29:01');
/*!40000 ALTER TABLE `publishers` ENABLE KEYS */;
UNLOCK TABLES;

--
-- Temporary table structure for view `recomendations_details`
--

DROP TABLE IF EXISTS `recomendations_details`;
/*!50001 DROP VIEW IF EXISTS `recomendations_details`*/;
SET @saved_cs_client     = @@character_set_client;
SET character_set_client = utf8;
/*!50001 CREATE VIEW `recomendations_details` AS SELECT
 1 AS `recommendation_id`,
  1 AS `fullname`,
  1 AS `department`,
  1 AS `title`,
  1 AS `total_checkedout`,
  1 AS `recommendation_status`,
  1 AS `visibility` */;
SET character_set_client = @saved_cs_client;

--
-- Table structure for table `refresh_token`
--

DROP TABLE IF EXISTS `refresh_token`;
/*!40101 SET @saved_cs_client     = @@character_set_client */;
/*!40101 SET character_set_client = utf8 */;
CREATE TABLE `refresh_token` (
  `refresh_token_id` int(11) NOT NULL AUTO_INCREMENT,
  `username` varchar(255) NOT NULL,
  `refresh_token` varchar(255) DEFAULT NULL,
  `created_at` timestamp NULL DEFAULT current_timestamp(),
  PRIMARY KEY (`refresh_token_id`)
) ENGINE=InnoDB AUTO_INCREMENT=1548 DEFAULT CHARSET=utf8mb4 COLLATE=utf8mb4_unicode_ci;
/*!40101 SET character_set_client = @saved_cs_client */;

--
-- Dumping data for table `refresh_token`
--

LOCK TABLES `refresh_token` WRITE;
/*!40000 ALTER TABLE `refresh_token` DISABLE KEYS */;
INSERT INTO `refresh_token` VALUES
(1096,'rachel.admin','eyJhbGciOiJIUzI1NiIsInR5cCI6IkpXVCJ9.eyJ1c2VybmFtZSI6InJhY2hlbC5hZG1pbiIsInVzZXJfaWQiOjEsInByaXZpbGVnZSI6ImFkbWluIiwiaWF0IjoxNzAxMzE2NDUwLCJpc3MiOiJNSVQifQ.umubdWgBOVrU4lZDlD_H2Z2u22q0a9Rkrn7KeWJRmB4','2023-11-30 03:54:10'),
(1097,'rachel.admin','eyJhbGciOiJIUzI1NiIsInR5cCI6IkpXVCJ9.eyJ1c2VybmFtZSI6InJhY2hlbC5hZG1pbiIsInVzZXJfaWQiOjEsInByaXZpbGVnZSI6ImFkbWluIiwiaWF0IjoxNzAxMzE3MDEyLCJleHAiOjE3MDEzMTczMTIsImlzcyI6Ik1JVCJ9.Ao846kAS9IuSQRP6wuwT-Ogqb1Xdj5paYsyZ2CCE3Dc','2023-11-30 04:03:32'),
(1099,'rachel.admin','eyJhbGciOiJIUzI1NiIsInR5cCI6IkpXVCJ9.eyJ1c2VybmFtZSI6InJhY2hlbC5hZG1pbiIsInVzZXJfaWQiOjEsInByaXZpbGVnZSI6ImFkbWluIiwiaWF0IjoxNzAxMzIwNjgwLCJleHAiOjE3MDEzMjA5ODAsImlzcyI6Ik1JVCJ9.7SIym3sZ86yPJfVkyZxbawL9kVJ_0DWiQctBiTPLc-s','2023-11-30 05:04:40'),
(1100,'rachel.admin','eyJhbGciOiJIUzI1NiIsInR5cCI6IkpXVCJ9.eyJ1c2VybmFtZSI6InJhY2hlbC5hZG1pbiIsInVzZXJfaWQiOjEsInByaXZpbGVnZSI6ImFkbWluIiwiaWF0IjoxNzAxMzIzMTAxLCJpc3MiOiJNSVQifQ.NoN9AVVpBWsl-_zQF6n3DkjHVKFhYkB7SVFmr7zcwKo','2023-11-30 05:45:01'),
(1101,'rachel.admin','eyJhbGciOiJIUzI1NiIsInR5cCI6IkpXVCJ9.eyJ1c2VybmFtZSI6InJhY2hlbC5hZG1pbiIsInVzZXJfaWQiOjEsInByaXZpbGVnZSI6ImFkbWluIiwiaWF0IjoxNzAxMzIzNTI5LCJleHAiOjE3MDEzMjM4MjksImlzcyI6Ik1JVCJ9.thjyErfQAsTiTfEKXrogTIHtfula65hfm8EFmEiWLQA','2023-11-30 05:52:09'),
(1102,'rachel.admin','eyJhbGciOiJIUzI1NiIsInR5cCI6IkpXVCJ9.eyJ1c2VybmFtZSI6InJhY2hlbC5hZG1pbiIsInVzZXJfaWQiOjEsInByaXZpbGVnZSI6ImFkbWluIiwiaWF0IjoxNzAxMzI1NDMwLCJleHAiOjE3MDEzMjU3MzAsImlzcyI6Ik1JVCJ9.96ju2zLGkoyxX3SOpsruM0ihXF_fgQ4V188yXi_srF4','2023-11-30 06:23:50'),
(1103,'rachel.admin','eyJhbGciOiJIUzI1NiIsInR5cCI6IkpXVCJ9.eyJ1c2VybmFtZSI6InJhY2hlbC5hZG1pbiIsInVzZXJfaWQiOjEsInByaXZpbGVnZSI6ImFkbWluIiwiaWF0IjoxNzAxMzI1NDUxLCJleHAiOjE3MDEzMjU3NTEsImlzcyI6Ik1JVCJ9.qkutUaeyMqrOqAaOZhfyhuqD_bt89ijnMjUQPvfCZok','2023-11-30 06:24:11'),
(1104,'rachel.admin','eyJhbGciOiJIUzI1NiIsInR5cCI6IkpXVCJ9.eyJ1c2VybmFtZSI6InJhY2hlbC5hZG1pbiIsInVzZXJfaWQiOjEsInByaXZpbGVnZSI6ImFkbWluIiwiaWF0IjoxNzAxMzI1NzAzLCJleHAiOjE3MDEzMjYwMDMsImlzcyI6Ik1JVCJ9.N_vRkWBSFbCG4zJcr_lGHXHWuNg6GvM7Wp6yjRR2PT4','2023-11-30 06:28:23'),
(1105,'rachel.admin','eyJhbGciOiJIUzI1NiIsInR5cCI6IkpXVCJ9.eyJ1c2VybmFtZSI6InJhY2hlbC5hZG1pbiIsInVzZXJfaWQiOjEsInByaXZpbGVnZSI6ImFkbWluIiwiaWF0IjoxNzAxMzI1NzMyLCJleHAiOjE3MDEzMjYwMzIsImlzcyI6Ik1JVCJ9.u8A0vCJs4hYegRJ5AoprepPXsLjz8-M-pCxPpFDlzXE','2023-11-30 06:28:52'),
(1113,'rachel.admin','eyJhbGciOiJIUzI1NiIsInR5cCI6IkpXVCJ9.eyJ1c2VybmFtZSI6InJhY2hlbC5hZG1pbiIsInVzZXJfaWQiOjEsInByaXZpbGVnZSI6ImFkbWluIiwiaWF0IjoxNzAxMzI1OTgyLCJleHAiOjE3MDEzMjYyODIsImlzcyI6Ik1JVCJ9.0LzmRQKpTo3VamUkSuVP4ANHHmiYOP4IaWaLW_FW5mU','2023-11-30 06:33:02'),
(1115,'rachel.admin','eyJhbGciOiJIUzI1NiIsInR5cCI6IkpXVCJ9.eyJ1c2VybmFtZSI6InJhY2hlbC5hZG1pbiIsInVzZXJfaWQiOjEsInByaXZpbGVnZSI6ImFkbWluIiwiaWF0IjoxNzAxMzI2MDMzLCJleHAiOjE3MDEzMjYzMzMsImlzcyI6Ik1JVCJ9.Ij0dMgZArefsBlDI_T5FsTXQGCp9U9HRbrgQW4Wfs9A','2023-11-30 06:33:53'),
(1119,'rachel.admin','eyJhbGciOiJIUzI1NiIsInR5cCI6IkpXVCJ9.eyJ1c2VybmFtZSI6InJhY2hlbC5hZG1pbiIsInVzZXJfaWQiOjEsInByaXZpbGVnZSI6ImFkbWluIiwiaWF0IjoxNzAxMzI2NTIwLCJleHAiOjE3MDEzMjY4MjAsImlzcyI6Ik1JVCJ9.yGTvOv9dXJHjNjTMSPvk5-ul0cf4EqOwc1oK_vddueI','2023-11-30 06:42:00'),
(1120,'rachel.admin','eyJhbGciOiJIUzI1NiIsInR5cCI6IkpXVCJ9.eyJ1c2VybmFtZSI6InJhY2hlbC5hZG1pbiIsInVzZXJfaWQiOjEsInByaXZpbGVnZSI6ImFkbWluIiwiaWF0IjoxNzAxMzI2NTIxLCJleHAiOjE3MDEzMjY4MjEsImlzcyI6Ik1JVCJ9.2VNiRDaBS3xN5dvJQrsZ-eGblE82UoAMCQvjh3Z1tPQ','2023-11-30 06:42:01'),
(1121,'rachel.admin','eyJhbGciOiJIUzI1NiIsInR5cCI6IkpXVCJ9.eyJ1c2VybmFtZSI6InJhY2hlbC5hZG1pbiIsInVzZXJfaWQiOjEsInByaXZpbGVnZSI6ImFkbWluIiwiaWF0IjoxNzAxMzI2NTIxLCJleHAiOjE3MDEzMjY4MjEsImlzcyI6Ik1JVCJ9.2VNiRDaBS3xN5dvJQrsZ-eGblE82UoAMCQvjh3Z1tPQ','2023-11-30 06:42:01'),
(1122,'rachel.admin','eyJhbGciOiJIUzI1NiIsInR5cCI6IkpXVCJ9.eyJ1c2VybmFtZSI6InJhY2hlbC5hZG1pbiIsInVzZXJfaWQiOjEsInByaXZpbGVnZSI6ImFkbWluIiwiaWF0IjoxNzAxMzI2OTYxLCJleHAiOjE3MDEzMjcyNjEsImlzcyI6Ik1JVCJ9.r83405IAi6wHezPWUl7opBsX4knWm9W05XMEOamDTGs','2023-11-30 06:49:21'),
(1123,'rachel.admin','eyJhbGciOiJIUzI1NiIsInR5cCI6IkpXVCJ9.eyJ1c2VybmFtZSI6InJhY2hlbC5hZG1pbiIsInVzZXJfaWQiOjEsInByaXZpbGVnZSI6ImFkbWluIiwiaWF0IjoxNzAxMzI2OTYyLCJleHAiOjE3MDEzMjcyNjIsImlzcyI6Ik1JVCJ9.3L-VDByD8mSRwTkVCeHdFgW6jL5DYZsTUuLeRsw8j0o','2023-11-30 06:49:22'),
(1124,'rachel.admin','eyJhbGciOiJIUzI1NiIsInR5cCI6IkpXVCJ9.eyJ1c2VybmFtZSI6InJhY2hlbC5hZG1pbiIsInVzZXJfaWQiOjEsInByaXZpbGVnZSI6ImFkbWluIiwiaWF0IjoxNzAxMzI2OTYyLCJleHAiOjE3MDEzMjcyNjIsImlzcyI6Ik1JVCJ9.3L-VDByD8mSRwTkVCeHdFgW6jL5DYZsTUuLeRsw8j0o','2023-11-30 06:49:22'),
(1125,'rachel.admin','eyJhbGciOiJIUzI1NiIsInR5cCI6IkpXVCJ9.eyJ1c2VybmFtZSI6InJhY2hlbC5hZG1pbiIsInVzZXJfaWQiOjEsInByaXZpbGVnZSI6ImFkbWluIiwiaWF0IjoxNzAxMzI3MDkxLCJleHAiOjE3MDEzMjczOTEsImlzcyI6Ik1JVCJ9.5IHle5Co_daHWK1lge7MaTZP9h4e5CWS5j-kjWCCbOo','2023-11-30 06:51:31'),
(1126,'rachel.admin','eyJhbGciOiJIUzI1NiIsInR5cCI6IkpXVCJ9.eyJ1c2VybmFtZSI6InJhY2hlbC5hZG1pbiIsInVzZXJfaWQiOjEsInByaXZpbGVnZSI6ImFkbWluIiwiaWF0IjoxNzAxMzI3MDkyLCJleHAiOjE3MDEzMjczOTIsImlzcyI6Ik1JVCJ9.umnEqNV-s_nzzE0nwt0XXtYb0_8ULs25U2KQubn0Cac','2023-11-30 06:51:32'),
(1127,'rachel.admin','eyJhbGciOiJIUzI1NiIsInR5cCI6IkpXVCJ9.eyJ1c2VybmFtZSI6InJhY2hlbC5hZG1pbiIsInVzZXJfaWQiOjEsInByaXZpbGVnZSI6ImFkbWluIiwiaWF0IjoxNzAxMzI3MDkyLCJleHAiOjE3MDEzMjczOTIsImlzcyI6Ik1JVCJ9.umnEqNV-s_nzzE0nwt0XXtYb0_8ULs25U2KQubn0Cac','2023-11-30 06:51:32'),
(1128,'rachel.admin','eyJhbGciOiJIUzI1NiIsInR5cCI6IkpXVCJ9.eyJ1c2VybmFtZSI6InJhY2hlbC5hZG1pbiIsInVzZXJfaWQiOjEsInByaXZpbGVnZSI6ImFkbWluIiwiaWF0IjoxNzAxMzI3MTI0LCJleHAiOjE3MDEzMjc0MjQsImlzcyI6Ik1JVCJ9.14BAz4kh69YuC1kyQZn2VPnVMYpwdsR09MQHnRt5538','2023-11-30 06:52:04'),
(1129,'rachel.admin','eyJhbGciOiJIUzI1NiIsInR5cCI6IkpXVCJ9.eyJ1c2VybmFtZSI6InJhY2hlbC5hZG1pbiIsInVzZXJfaWQiOjEsInByaXZpbGVnZSI6ImFkbWluIiwiaWF0IjoxNzAxMzI3MTI1LCJleHAiOjE3MDEzMjc0MjUsImlzcyI6Ik1JVCJ9.ffifKOqaZRAuQXwMHkF6qV6KMBrD5PMKCInp2758eTA','2023-11-30 06:52:05'),
(1130,'rachel.admin','eyJhbGciOiJIUzI1NiIsInR5cCI6IkpXVCJ9.eyJ1c2VybmFtZSI6InJhY2hlbC5hZG1pbiIsInVzZXJfaWQiOjEsInByaXZpbGVnZSI6ImFkbWluIiwiaWF0IjoxNzAxMzI3MTI1LCJleHAiOjE3MDEzMjc0MjUsImlzcyI6Ik1JVCJ9.ffifKOqaZRAuQXwMHkF6qV6KMBrD5PMKCInp2758eTA','2023-11-30 06:52:05'),
(1131,'rachel.admin','eyJhbGciOiJIUzI1NiIsInR5cCI6IkpXVCJ9.eyJ1c2VybmFtZSI6InJhY2hlbC5hZG1pbiIsInVzZXJfaWQiOjEsInByaXZpbGVnZSI6ImFkbWluIiwiaWF0IjoxNzAxMzI3MTcwLCJleHAiOjE3MDEzMjc0NzAsImlzcyI6Ik1JVCJ9.NidLN4VHvcsHKIhQsdEQKY3p7fZu1xzDHuLY_n7cGaA','2023-11-30 06:52:50'),
(1132,'rachel.admin','eyJhbGciOiJIUzI1NiIsInR5cCI6IkpXVCJ9.eyJ1c2VybmFtZSI6InJhY2hlbC5hZG1pbiIsInVzZXJfaWQiOjEsInByaXZpbGVnZSI6ImFkbWluIiwiaWF0IjoxNzAxMzI3MTcxLCJleHAiOjE3MDEzMjc0NzEsImlzcyI6Ik1JVCJ9.EPSaiTDc26afw6bkxcelJeVcdo7iBVC-WOp5EQdzpCo','2023-11-30 06:52:51'),
(1133,'rachel.admin','eyJhbGciOiJIUzI1NiIsInR5cCI6IkpXVCJ9.eyJ1c2VybmFtZSI6InJhY2hlbC5hZG1pbiIsInVzZXJfaWQiOjEsInByaXZpbGVnZSI6ImFkbWluIiwiaWF0IjoxNzAxMzI3MTcxLCJleHAiOjE3MDEzMjc0NzEsImlzcyI6Ik1JVCJ9.EPSaiTDc26afw6bkxcelJeVcdo7iBVC-WOp5EQdzpCo','2023-11-30 06:52:51'),
(1134,'rachel.admin','eyJhbGciOiJIUzI1NiIsInR5cCI6IkpXVCJ9.eyJ1c2VybmFtZSI6InJhY2hlbC5hZG1pbiIsInVzZXJfaWQiOjEsInByaXZpbGVnZSI6ImFkbWluIiwiaWF0IjoxNzAxMzI3MjY4LCJleHAiOjE3MDEzMjc1NjgsImlzcyI6Ik1JVCJ9.BAePdPHHYLk0vA5JKdQxg7_hn21E0iLn3bfvkLwKJjo','2023-11-30 06:54:28'),
(1135,'rachel.admin','eyJhbGciOiJIUzI1NiIsInR5cCI6IkpXVCJ9.eyJ1c2VybmFtZSI6InJhY2hlbC5hZG1pbiIsInVzZXJfaWQiOjEsInByaXZpbGVnZSI6ImFkbWluIiwiaWF0IjoxNzAxMzI3Mjg1LCJleHAiOjE3MDEzMjc1ODUsImlzcyI6Ik1JVCJ9.hNFrpFT0eTjhNQ6avHk7eyIvls4yo9P4zwCvCb2Z9CI','2023-11-30 06:54:45'),
(1136,'rachel.admin','eyJhbGciOiJIUzI1NiIsInR5cCI6IkpXVCJ9.eyJ1c2VybmFtZSI6InJhY2hlbC5hZG1pbiIsInVzZXJfaWQiOjEsInByaXZpbGVnZSI6ImFkbWluIiwiaWF0IjoxNzAxMzI3Mjg5LCJleHAiOjE3MDEzMjc1ODksImlzcyI6Ik1JVCJ9.nVdBjL6g1-DT6dAgu_dtdHOsONo6zaMOLh4VmTvbo2c','2023-11-30 06:54:49'),
(1137,'rachel.admin','eyJhbGciOiJIUzI1NiIsInR5cCI6IkpXVCJ9.eyJ1c2VybmFtZSI6InJhY2hlbC5hZG1pbiIsInVzZXJfaWQiOjEsInByaXZpbGVnZSI6ImFkbWluIiwiaWF0IjoxNzAxMzI3MjkwLCJleHAiOjE3MDEzMjc1OTAsImlzcyI6Ik1JVCJ9.b1fbNPg3j_Uis65enoYB25x92CqMJywSRrXbTulfZFU','2023-11-30 06:54:50'),
(1138,'rachel.admin','eyJhbGciOiJIUzI1NiIsInR5cCI6IkpXVCJ9.eyJ1c2VybmFtZSI6InJhY2hlbC5hZG1pbiIsInVzZXJfaWQiOjEsInByaXZpbGVnZSI6ImFkbWluIiwiaWF0IjoxNzAxMzI3MjkwLCJleHAiOjE3MDEzMjc1OTAsImlzcyI6Ik1JVCJ9.b1fbNPg3j_Uis65enoYB25x92CqMJywSRrXbTulfZFU','2023-11-30 06:54:50'),
(1139,'rachel.admin','eyJhbGciOiJIUzI1NiIsInR5cCI6IkpXVCJ9.eyJ1c2VybmFtZSI6InJhY2hlbC5hZG1pbiIsInVzZXJfaWQiOjEsInByaXZpbGVnZSI6ImFkbWluIiwiaWF0IjoxNzAxMzI3Mzk2LCJleHAiOjE3MDEzMjc2OTYsImlzcyI6Ik1JVCJ9.LST95SRNdtGvlFTrt7IrL5mUBpaBFCBL5lGs1qehyPs','2023-11-30 06:56:36'),
(1140,'rachel.admin','eyJhbGciOiJIUzI1NiIsInR5cCI6IkpXVCJ9.eyJ1c2VybmFtZSI6InJhY2hlbC5hZG1pbiIsInVzZXJfaWQiOjEsInByaXZpbGVnZSI6ImFkbWluIiwiaWF0IjoxNzAxMzI3NDA1LCJleHAiOjE3MDEzMjc3MDUsImlzcyI6Ik1JVCJ9.XSKxfFwKoK1s8QfTc86TcBvNY6qaM6QMZ6lPJ3NLqFc','2023-11-30 06:56:45'),
(1141,'rachel.admin','eyJhbGciOiJIUzI1NiIsInR5cCI6IkpXVCJ9.eyJ1c2VybmFtZSI6InJhY2hlbC5hZG1pbiIsInVzZXJfaWQiOjEsInByaXZpbGVnZSI6ImFkbWluIiwiaWF0IjoxNzAxMzI3NDA2LCJleHAiOjE3MDEzMjc3MDYsImlzcyI6Ik1JVCJ9.pPpXeCCiz5XcyB99ijkcNRwpYrcIi473DKP_fpkQUB0','2023-11-30 06:56:46'),
(1142,'rachel.admin','eyJhbGciOiJIUzI1NiIsInR5cCI6IkpXVCJ9.eyJ1c2VybmFtZSI6InJhY2hlbC5hZG1pbiIsInVzZXJfaWQiOjEsInByaXZpbGVnZSI6ImFkbWluIiwiaWF0IjoxNzAxMzI3NDA2LCJleHAiOjE3MDEzMjc3MDYsImlzcyI6Ik1JVCJ9.pPpXeCCiz5XcyB99ijkcNRwpYrcIi473DKP_fpkQUB0','2023-11-30 06:56:46'),
(1143,'rachel.admin','eyJhbGciOiJIUzI1NiIsInR5cCI6IkpXVCJ9.eyJ1c2VybmFtZSI6InJhY2hlbC5hZG1pbiIsInVzZXJfaWQiOjEsInByaXZpbGVnZSI6ImFkbWluIiwiaWF0IjoxNzAxMzI3NDE5LCJleHAiOjE3MDEzMjc3MTksImlzcyI6Ik1JVCJ9.z1uusNDAVKQvBQ6OJiR2Z0A8jNpJ4-Qg-aGReYoWNoI','2023-11-30 06:56:59'),
(1150,'rachel.admin','eyJhbGciOiJIUzI1NiIsInR5cCI6IkpXVCJ9.eyJ1c2VybmFtZSI6InJhY2hlbC5hZG1pbiIsInVzZXJfaWQiOjEsInByaXZpbGVnZSI6ImFkbWluIiwiaWF0IjoxNzAxMzI3NTA1LCJleHAiOjE3MDEzMjc4MDUsImlzcyI6Ik1JVCJ9.I1GLOqY2X_Kf6_MAuZFKbj_F3-42xVVWjjkyLMqBVsI','2023-11-30 06:58:25'),
(1151,'rachel.admin','eyJhbGciOiJIUzI1NiIsInR5cCI6IkpXVCJ9.eyJ1c2VybmFtZSI6InJhY2hlbC5hZG1pbiIsInVzZXJfaWQiOjEsInByaXZpbGVnZSI6ImFkbWluIiwiaWF0IjoxNzAxMzI3NTM5LCJleHAiOjE3MDEzMjc4MzksImlzcyI6Ik1JVCJ9.1DJsKHlMVeP4LWaWWAHvqn6PxztgVgTSDREbvbyTSfI','2023-11-30 06:58:59'),
(1152,'rachel.admin','eyJhbGciOiJIUzI1NiIsInR5cCI6IkpXVCJ9.eyJ1c2VybmFtZSI6InJhY2hlbC5hZG1pbiIsInVzZXJfaWQiOjEsInByaXZpbGVnZSI6ImFkbWluIiwiaWF0IjoxNzAxMzI3NTQ1LCJleHAiOjE3MDEzMjc4NDUsImlzcyI6Ik1JVCJ9.0LLDbYy8IE9b_mfeJBgU7yxavET_s4bIRNpvKj5_jxI','2023-11-30 06:59:05'),
(1153,'rachel.admin','eyJhbGciOiJIUzI1NiIsInR5cCI6IkpXVCJ9.eyJ1c2VybmFtZSI6InJhY2hlbC5hZG1pbiIsInVzZXJfaWQiOjEsInByaXZpbGVnZSI6ImFkbWluIiwiaWF0IjoxNzAxMzI3NTQ2LCJleHAiOjE3MDEzMjc4NDYsImlzcyI6Ik1JVCJ9.0al2HNM4fhnJTFoNNdwqFwXg3RHwGZS4Fyv0pmK0G8c','2023-11-30 06:59:06'),
(1154,'rachel.admin','eyJhbGciOiJIUzI1NiIsInR5cCI6IkpXVCJ9.eyJ1c2VybmFtZSI6InJhY2hlbC5hZG1pbiIsInVzZXJfaWQiOjEsInByaXZpbGVnZSI6ImFkbWluIiwiaWF0IjoxNzAxMzI3NTQ3LCJleHAiOjE3MDEzMjc4NDcsImlzcyI6Ik1JVCJ9.cvXCsDbcTVEp3vjGeYrDuybpOqxMeiQ629IBUZzOc-M','2023-11-30 06:59:07'),
(1155,'rachel.admin','eyJhbGciOiJIUzI1NiIsInR5cCI6IkpXVCJ9.eyJ1c2VybmFtZSI6InJhY2hlbC5hZG1pbiIsInVzZXJfaWQiOjEsInByaXZpbGVnZSI6ImFkbWluIiwiaWF0IjoxNzAxMzI3NTc3LCJleHAiOjE3MDEzMjc4NzcsImlzcyI6Ik1JVCJ9.QpkCw_nYiJ7_LwEtD6XJ6-dMEUOEhjf32wcPo1HJ5Oc','2023-11-30 06:59:37'),
(1156,'rachel.admin','eyJhbGciOiJIUzI1NiIsInR5cCI6IkpXVCJ9.eyJ1c2VybmFtZSI6InJhY2hlbC5hZG1pbiIsInVzZXJfaWQiOjEsInByaXZpbGVnZSI6ImFkbWluIiwiaWF0IjoxNzAxMzI3NTg3LCJleHAiOjE3MDEzMjc4ODcsImlzcyI6Ik1JVCJ9.pPBPM2F6pUoQ98B5Xpu4hcExFGNnmUwA_un3_Xir2QM','2023-11-30 06:59:47'),
(1157,'rachel.admin','eyJhbGciOiJIUzI1NiIsInR5cCI6IkpXVCJ9.eyJ1c2VybmFtZSI6InJhY2hlbC5hZG1pbiIsInVzZXJfaWQiOjEsInByaXZpbGVnZSI6ImFkbWluIiwiaWF0IjoxNzAxMzI3NTg4LCJleHAiOjE3MDEzMjc4ODgsImlzcyI6Ik1JVCJ9.LfR9gqczadKsfEgXWGB2j_GiCjmSAHJX074u8CvMJGQ','2023-11-30 06:59:48'),
(1158,'rachel.admin','eyJhbGciOiJIUzI1NiIsInR5cCI6IkpXVCJ9.eyJ1c2VybmFtZSI6InJhY2hlbC5hZG1pbiIsInVzZXJfaWQiOjEsInByaXZpbGVnZSI6ImFkbWluIiwiaWF0IjoxNzAxMzI3NTg5LCJleHAiOjE3MDEzMjc4ODksImlzcyI6Ik1JVCJ9.GyLUIuCMzkOD9SlYfPEV91azUkQ9KFmtDJySwbGPCwc','2023-11-30 06:59:49'),
(1159,'rachel.admin','eyJhbGciOiJIUzI1NiIsInR5cCI6IkpXVCJ9.eyJ1c2VybmFtZSI6InJhY2hlbC5hZG1pbiIsInVzZXJfaWQiOjEsInByaXZpbGVnZSI6ImFkbWluIiwiaWF0IjoxNzAxMzI3NjA0LCJleHAiOjE3MDEzMjc5MDQsImlzcyI6Ik1JVCJ9.L2n571-S7COb7HDp0ncTRaKDVt63eayDdPSxJnjQrSs','2023-11-30 07:00:04'),
(1160,'rachel.admin','eyJhbGciOiJIUzI1NiIsInR5cCI6IkpXVCJ9.eyJ1c2VybmFtZSI6InJhY2hlbC5hZG1pbiIsInVzZXJfaWQiOjEsInByaXZpbGVnZSI6ImFkbWluIiwiaWF0IjoxNzAxMzI3NjIxLCJleHAiOjE3MDEzMjc5MjEsImlzcyI6Ik1JVCJ9.vyXqvYsiFQOywbB1pzjyWof7gNUBhuyjizDSgIoV-98','2023-11-30 07:00:21'),
(1161,'rachel.admin','eyJhbGciOiJIUzI1NiIsInR5cCI6IkpXVCJ9.eyJ1c2VybmFtZSI6InJhY2hlbC5hZG1pbiIsInVzZXJfaWQiOjEsInByaXZpbGVnZSI6ImFkbWluIiwiaWF0IjoxNzAxMzI3NjIyLCJleHAiOjE3MDEzMjc5MjIsImlzcyI6Ik1JVCJ9.NTM9baJn65Es9ZIykvoW3Q1D-9Owcrz9lSwMFGnxV98','2023-11-30 07:00:22'),
(1162,'rachel.admin','eyJhbGciOiJIUzI1NiIsInR5cCI6IkpXVCJ9.eyJ1c2VybmFtZSI6InJhY2hlbC5hZG1pbiIsInVzZXJfaWQiOjEsInByaXZpbGVnZSI6ImFkbWluIiwiaWF0IjoxNzAxMzI3NjIzLCJleHAiOjE3MDEzMjc5MjMsImlzcyI6Ik1JVCJ9.n4OFhEQSCmoFOz-eJicbap3k6jNBUn_8gS-VSJcgjZE','2023-11-30 07:00:23'),
(1163,'rachel.admin','eyJhbGciOiJIUzI1NiIsInR5cCI6IkpXVCJ9.eyJ1c2VybmFtZSI6InJhY2hlbC5hZG1pbiIsInVzZXJfaWQiOjEsInByaXZpbGVnZSI6ImFkbWluIiwiaWF0IjoxNzAxMzI3NjcxLCJleHAiOjE3MDEzMjc5NzEsImlzcyI6Ik1JVCJ9.JbDWNiJwplHHI2azv7PNfVnPyRgV2TKlmk9yC4rycXk','2023-11-30 07:01:11'),
(1164,'rachel.admin','eyJhbGciOiJIUzI1NiIsInR5cCI6IkpXVCJ9.eyJ1c2VybmFtZSI6InJhY2hlbC5hZG1pbiIsInVzZXJfaWQiOjEsInByaXZpbGVnZSI6ImFkbWluIiwiaWF0IjoxNzAxMzI3NjcxLCJleHAiOjE3MDEzMjc5NzEsImlzcyI6Ik1JVCJ9.JbDWNiJwplHHI2azv7PNfVnPyRgV2TKlmk9yC4rycXk','2023-11-30 07:01:11'),
(1165,'rachel.admin','eyJhbGciOiJIUzI1NiIsInR5cCI6IkpXVCJ9.eyJ1c2VybmFtZSI6InJhY2hlbC5hZG1pbiIsInVzZXJfaWQiOjEsInByaXZpbGVnZSI6ImFkbWluIiwiaWF0IjoxNzAxMzI3NjcyLCJleHAiOjE3MDEzMjc5NzIsImlzcyI6Ik1JVCJ9.TuQ51XB5I11y3ZVKQvBQJcrKBnW2icvtF5WweeMllR8','2023-11-30 07:01:12'),
(1166,'rachel.admin','eyJhbGciOiJIUzI1NiIsInR5cCI6IkpXVCJ9.eyJ1c2VybmFtZSI6InJhY2hlbC5hZG1pbiIsInVzZXJfaWQiOjEsInByaXZpbGVnZSI6ImFkbWluIiwiaWF0IjoxNzAxMzI3NzI3LCJleHAiOjE3MDEzMjgwMjcsImlzcyI6Ik1JVCJ9.jKCJHN3Q0tdyVtWjfY-3UPFvhHBz2RySnEwtxM1_fOI','2023-11-30 07:02:07'),
(1167,'rachel.admin','eyJhbGciOiJIUzI1NiIsInR5cCI6IkpXVCJ9.eyJ1c2VybmFtZSI6InJhY2hlbC5hZG1pbiIsInVzZXJfaWQiOjEsInByaXZpbGVnZSI6ImFkbWluIiwiaWF0IjoxNzAxMzI3NzI4LCJleHAiOjE3MDEzMjgwMjgsImlzcyI6Ik1JVCJ9.-TfKgVrbHiXabhE2tmx29QAHAqKcbx0v5Ni0KxUMLMI','2023-11-30 07:02:08'),
(1168,'rachel.admin','eyJhbGciOiJIUzI1NiIsInR5cCI6IkpXVCJ9.eyJ1c2VybmFtZSI6InJhY2hlbC5hZG1pbiIsInVzZXJfaWQiOjEsInByaXZpbGVnZSI6ImFkbWluIiwiaWF0IjoxNzAxMzI3NzI5LCJleHAiOjE3MDEzMjgwMjksImlzcyI6Ik1JVCJ9.erjYBOeykK_qty4683BUl4a-hGdXvgJAYTxTlMgt-f8','2023-11-30 07:02:09'),
(1169,'rachel.admin','eyJhbGciOiJIUzI1NiIsInR5cCI6IkpXVCJ9.eyJ1c2VybmFtZSI6InJhY2hlbC5hZG1pbiIsInVzZXJfaWQiOjEsInByaXZpbGVnZSI6ImFkbWluIiwiaWF0IjoxNzAxMzI3OTM0LCJleHAiOjE3MDEzMjgyMzQsImlzcyI6Ik1JVCJ9.q_tEHys3uTd0rPQwkQPX8IBxJuF0L9-PAiwn51jR6FM','2023-11-30 07:05:34'),
(1170,'rachel.admin','eyJhbGciOiJIUzI1NiIsInR5cCI6IkpXVCJ9.eyJ1c2VybmFtZSI6InJhY2hlbC5hZG1pbiIsInVzZXJfaWQiOjEsInByaXZpbGVnZSI6ImFkbWluIiwiaWF0IjoxNzAxMzI3OTM0LCJleHAiOjE3MDEzMjgyMzQsImlzcyI6Ik1JVCJ9.q_tEHys3uTd0rPQwkQPX8IBxJuF0L9-PAiwn51jR6FM','2023-11-30 07:05:34'),
(1171,'rachel.admin','eyJhbGciOiJIUzI1NiIsInR5cCI6IkpXVCJ9.eyJ1c2VybmFtZSI6InJhY2hlbC5hZG1pbiIsInVzZXJfaWQiOjEsInByaXZpbGVnZSI6ImFkbWluIiwiaWF0IjoxNzAxMzI3OTM1LCJleHAiOjE3MDEzMjgyMzUsImlzcyI6Ik1JVCJ9.W2zSMogrHcA-UR7RXFhhu1vmkvoVhzZBsJPnDiz1uug','2023-11-30 07:05:35'),
(1172,'rachel.admin','eyJhbGciOiJIUzI1NiIsInR5cCI6IkpXVCJ9.eyJ1c2VybmFtZSI6InJhY2hlbC5hZG1pbiIsInVzZXJfaWQiOjEsInByaXZpbGVnZSI6ImFkbWluIiwiaWF0IjoxNzAxMzI3OTUyLCJleHAiOjE3MDEzMjgyNTIsImlzcyI6Ik1JVCJ9.82OZ_SyYN0_0zqir6sL3dUoWakOYmya3XMLb7IUqQS4','2023-11-30 07:05:52'),
(1173,'rachel.admin','eyJhbGciOiJIUzI1NiIsInR5cCI6IkpXVCJ9.eyJ1c2VybmFtZSI6InJhY2hlbC5hZG1pbiIsInVzZXJfaWQiOjEsInByaXZpbGVnZSI6ImFkbWluIiwiaWF0IjoxNzAxMzI4MDE0LCJleHAiOjE3MDEzMjgzMTQsImlzcyI6Ik1JVCJ9.yuwWOpsUnm-MgHMtyBS8eQaC3q6LqNg8YCIMV4Zm9qg','2023-11-30 07:06:54'),
(1174,'rachel.admin','eyJhbGciOiJIUzI1NiIsInR5cCI6IkpXVCJ9.eyJ1c2VybmFtZSI6InJhY2hlbC5hZG1pbiIsInVzZXJfaWQiOjEsInByaXZpbGVnZSI6ImFkbWluIiwiaWF0IjoxNzAxMzI4MDE1LCJleHAiOjE3MDEzMjgzMTUsImlzcyI6Ik1JVCJ9.u0aQ_nmayp2s7g8bHfHJV-2DD4sz8i4617N7-Rl0Y30','2023-11-30 07:06:55'),
(1175,'rachel.admin','eyJhbGciOiJIUzI1NiIsInR5cCI6IkpXVCJ9.eyJ1c2VybmFtZSI6InJhY2hlbC5hZG1pbiIsInVzZXJfaWQiOjEsInByaXZpbGVnZSI6ImFkbWluIiwiaWF0IjoxNzAxMzI4MDE2LCJleHAiOjE3MDEzMjgzMTYsImlzcyI6Ik1JVCJ9.o8s02NAU2h2tcnezcgueEhT_z2vu6M5iONG5qdC0D-c','2023-11-30 07:06:56'),
(1176,'rachel.admin','eyJhbGciOiJIUzI1NiIsInR5cCI6IkpXVCJ9.eyJ1c2VybmFtZSI6InJhY2hlbC5hZG1pbiIsInVzZXJfaWQiOjEsInByaXZpbGVnZSI6ImFkbWluIiwiaWF0IjoxNzAxMzI4MDMyLCJleHAiOjE3MDEzMjgzMzIsImlzcyI6Ik1JVCJ9.M0aej_KUjOmjuqHVy_Vw_Dmu5Fm7DXKWoZqA2Mj5w88','2023-11-30 07:07:12'),
(1177,'rachel.admin','eyJhbGciOiJIUzI1NiIsInR5cCI6IkpXVCJ9.eyJ1c2VybmFtZSI6InJhY2hlbC5hZG1pbiIsInVzZXJfaWQiOjEsInByaXZpbGVnZSI6ImFkbWluIiwiaWF0IjoxNzAxMzI4MDMzLCJleHAiOjE3MDEzMjgzMzMsImlzcyI6Ik1JVCJ9.gAAdPhceL8uVZKp2L_AyJxbcSiYv2rBLujOoFWF6v60','2023-11-30 07:07:13'),
(1178,'rachel.admin','eyJhbGciOiJIUzI1NiIsInR5cCI6IkpXVCJ9.eyJ1c2VybmFtZSI6InJhY2hlbC5hZG1pbiIsInVzZXJfaWQiOjEsInByaXZpbGVnZSI6ImFkbWluIiwiaWF0IjoxNzAxMzI4MDMzLCJleHAiOjE3MDEzMjgzMzMsImlzcyI6Ik1JVCJ9.gAAdPhceL8uVZKp2L_AyJxbcSiYv2rBLujOoFWF6v60','2023-11-30 07:07:13'),
(1179,'rachel.admin','eyJhbGciOiJIUzI1NiIsInR5cCI6IkpXVCJ9.eyJ1c2VybmFtZSI6InJhY2hlbC5hZG1pbiIsInVzZXJfaWQiOjEsInByaXZpbGVnZSI6ImFkbWluIiwiaWF0IjoxNzAxMzI4MjE3LCJleHAiOjE3MDEzMjg1MTcsImlzcyI6Ik1JVCJ9.7Yl7N4yNvhFC3FAgrZjGzlElspGfFwue_iVT4SRbOa4','2023-11-30 07:10:17'),
(1180,'rachel.admin','eyJhbGciOiJIUzI1NiIsInR5cCI6IkpXVCJ9.eyJ1c2VybmFtZSI6InJhY2hlbC5hZG1pbiIsInVzZXJfaWQiOjEsInByaXZpbGVnZSI6ImFkbWluIiwiaWF0IjoxNzAxMzI4MjE4LCJleHAiOjE3MDEzMjg1MTgsImlzcyI6Ik1JVCJ9.XFxx25boRnWLgbb1xcnFGc1U_mOYgdvrCf2VlBiI-uU','2023-11-30 07:10:18'),
(1181,'rachel.admin','eyJhbGciOiJIUzI1NiIsInR5cCI6IkpXVCJ9.eyJ1c2VybmFtZSI6InJhY2hlbC5hZG1pbiIsInVzZXJfaWQiOjEsInByaXZpbGVnZSI6ImFkbWluIiwiaWF0IjoxNzAxMzI4MjE5LCJleHAiOjE3MDEzMjg1MTksImlzcyI6Ik1JVCJ9.0CULh4dwcSSjyyvqUnlGLD2Ztehrhf2OkW2485Unj5g','2023-11-30 07:10:19'),
(1182,'rachel.admin','eyJhbGciOiJIUzI1NiIsInR5cCI6IkpXVCJ9.eyJ1c2VybmFtZSI6InJhY2hlbC5hZG1pbiIsInVzZXJfaWQiOjEsInByaXZpbGVnZSI6ImFkbWluIiwiaWF0IjoxNzAxMzI4MzYzLCJleHAiOjE3MDEzMjg2NjMsImlzcyI6Ik1JVCJ9.G6idrYBZfL93uI4VQxXAJqQ6k8oiPfV13WYE9yPZR2E','2023-11-30 07:12:43'),
(1186,'rachel.admin','eyJhbGciOiJIUzI1NiIsInR5cCI6IkpXVCJ9.eyJ1c2VybmFtZSI6InJhY2hlbC5hZG1pbiIsInVzZXJfaWQiOjEsInByaXZpbGVnZSI6ImFkbWluIiwiaWF0IjoxNzAxMzI4NzUwLCJleHAiOjE3MDEzMjkwNTAsImlzcyI6Ik1JVCJ9.UQFPlng3yhiAfLYMDLCCeXsQmnfiRNx4Bu9tCRpB87Q','2023-11-30 07:19:10'),
(1187,'rachel.admin','eyJhbGciOiJIUzI1NiIsInR5cCI6IkpXVCJ9.eyJ1c2VybmFtZSI6InJhY2hlbC5hZG1pbiIsInVzZXJfaWQiOjEsInByaXZpbGVnZSI6ImFkbWluIiwiaWF0IjoxNzAxMzI5MjI2LCJleHAiOjE3MDEzMjk1MjYsImlzcyI6Ik1JVCJ9.72KShLF_BYDMPI4r-e4A9MmlBJa_KgejEolEZU7VCEc','2023-11-30 07:27:06'),
(1188,'rachel.admin','eyJhbGciOiJIUzI1NiIsInR5cCI6IkpXVCJ9.eyJ1c2VybmFtZSI6InJhY2hlbC5hZG1pbiIsInVzZXJfaWQiOjEsInByaXZpbGVnZSI6ImFkbWluIiwiaWF0IjoxNzAxMzI5NTU4LCJleHAiOjE3MDEzMjk4NTgsImlzcyI6Ik1JVCJ9.SkitH0c80mk2LmmLENUZPlbMSx_zE8Kf3mbZYuUuMmI','2023-11-30 07:32:38'),
(1189,'rachel.admin','eyJhbGciOiJIUzI1NiIsInR5cCI6IkpXVCJ9.eyJ1c2VybmFtZSI6InJhY2hlbC5hZG1pbiIsInVzZXJfaWQiOjEsInByaXZpbGVnZSI6ImFkbWluIiwiaWF0IjoxNzAxMzMwMTM4LCJleHAiOjE3MDEzMzA0MzgsImlzcyI6Ik1JVCJ9.eUQ76Hw2Seux_Ixqy-2XpJwJ4zr91ddTIk7X3TaXLeY','2023-11-30 07:42:18'),
(1190,'rachel.admin','eyJhbGciOiJIUzI1NiIsInR5cCI6IkpXVCJ9.eyJ1c2VybmFtZSI6InJhY2hlbC5hZG1pbiIsInVzZXJfaWQiOjEsInByaXZpbGVnZSI6ImFkbWluIiwiaWF0IjoxNzAxMzMwNDc3LCJleHAiOjE3MDEzMzA3NzcsImlzcyI6Ik1JVCJ9.Samu3b8lyv1nOgwgTmlbN19ulk5E8WdoiJ5jpBdA5cI','2023-11-30 07:47:57'),
(1191,'rachel.admin','eyJhbGciOiJIUzI1NiIsInR5cCI6IkpXVCJ9.eyJ1c2VybmFtZSI6InJhY2hlbC5hZG1pbiIsInVzZXJfaWQiOjEsInByaXZpbGVnZSI6ImFkbWluIiwiaWF0IjoxNzAxMzMyMjYzLCJleHAiOjE3MDEzMzI1NjMsImlzcyI6Ik1JVCJ9.NEx5wFYw8nEchPJfbahOcFdbz412RedwDwOXWn_CaAo','2023-11-30 08:17:43'),
(1192,'rachel.admin','eyJhbGciOiJIUzI1NiIsInR5cCI6IkpXVCJ9.eyJ1c2VybmFtZSI6InJhY2hlbC5hZG1pbiIsInVzZXJfaWQiOjEsInByaXZpbGVnZSI6ImFkbWluIiwiaWF0IjoxNzAxMzMyNjY0LCJleHAiOjE3MDEzMzI5NjQsImlzcyI6Ik1JVCJ9.uz_ZlLqc8FQcvQnBSR3g6QXgM4Vqee67kl3Ys_kdMlE','2023-11-30 08:24:24'),
(1193,'rachel.admin','eyJhbGciOiJIUzI1NiIsInR5cCI6IkpXVCJ9.eyJ1c2VybmFtZSI6InJhY2hlbC5hZG1pbiIsInVzZXJfaWQiOjEsInByaXZpbGVnZSI6ImFkbWluIiwiaWF0IjoxNzAxMzMzNTQ1LCJleHAiOjE3MDEzMzM4NDUsImlzcyI6Ik1JVCJ9.FiMfXqzP4rUIvZ0tUCjhELfcJtl0GrinB_l4NHxTtXM','2023-11-30 08:39:05'),
(1194,'rachel.admin','eyJhbGciOiJIUzI1NiIsInR5cCI6IkpXVCJ9.eyJ1c2VybmFtZSI6InJhY2hlbC5hZG1pbiIsInVzZXJfaWQiOjEsInByaXZpbGVnZSI6ImFkbWluIiwiaWF0IjoxNzAxMzM0MTIzLCJleHAiOjE3MDEzMzQ0MjMsImlzcyI6Ik1JVCJ9.HmCweYewQ5LMss9UxU-NjBE76uF4FsayxLjXbgOQWLA','2023-11-30 08:48:43'),
(1198,'rachel.admin','eyJhbGciOiJIUzI1NiIsInR5cCI6IkpXVCJ9.eyJ1c2VybmFtZSI6InJhY2hlbC5hZG1pbiIsInVzZXJfaWQiOjEsInByaXZpbGVnZSI6ImFkbWluIiwiaWF0IjoxNzAxMzM0NTM4LCJleHAiOjE3MDEzMzQ4MzgsImlzcyI6Ik1JVCJ9.fADaRAIQhVuCO-FlaWjz4tyw_CDMbY3GEF4YI8EdYx0','2023-11-30 08:55:38'),
(1199,'rachel.admin','eyJhbGciOiJIUzI1NiIsInR5cCI6IkpXVCJ9.eyJ1c2VybmFtZSI6InJhY2hlbC5hZG1pbiIsInVzZXJfaWQiOjEsInByaXZpbGVnZSI6ImFkbWluIiwiaWF0IjoxNzAxMzM0ODY1LCJleHAiOjE3MDEzMzUxNjUsImlzcyI6Ik1JVCJ9.OJATzRWeT7cfpcz0BgX0qZpz72hAXy93IEiStfOk1qI','2023-11-30 09:01:05'),
(1200,'rachel.admin','eyJhbGciOiJIUzI1NiIsInR5cCI6IkpXVCJ9.eyJ1c2VybmFtZSI6InJhY2hlbC5hZG1pbiIsInVzZXJfaWQiOjEsInByaXZpbGVnZSI6ImFkbWluIiwiaWF0IjoxNzAxMzM1Njg3LCJleHAiOjE3MDEzMzU5ODcsImlzcyI6Ik1JVCJ9._ImrBwuawOL6_zVrqRs2p1L8a2zP9tODHZzHG31lu0s','2023-11-30 09:14:47'),
(1201,'rachel.admin','eyJhbGciOiJIUzI1NiIsInR5cCI6IkpXVCJ9.eyJ1c2VybmFtZSI6InJhY2hlbC5hZG1pbiIsInVzZXJfaWQiOjEsInByaXZpbGVnZSI6ImFkbWluIiwiaWF0IjoxNzAxMzM2NTYyLCJleHAiOjE3MDEzMzY4NjIsImlzcyI6Ik1JVCJ9.3q1W4jOhSyKPvurGFnZ2SldhLdVs1L2-z5chERJ7bEc','2023-11-30 09:29:22'),
(1202,'rachel.admin','eyJhbGciOiJIUzI1NiIsInR5cCI6IkpXVCJ9.eyJ1c2VybmFtZSI6InJhY2hlbC5hZG1pbiIsInVzZXJfaWQiOjEsInByaXZpbGVnZSI6ImFkbWluIiwiaWF0IjoxNzAxMzM4MzE0LCJleHAiOjE3MDEzMzg2MTQsImlzcyI6Ik1JVCJ9.IEZiGnKDDBRos7Mv4v-68F8s9ISCy_ldPS0oI1e3ZBM','2023-11-30 09:58:34'),
(1203,'rachel.admin','eyJhbGciOiJIUzI1NiIsInR5cCI6IkpXVCJ9.eyJ1c2VybmFtZSI6InJhY2hlbC5hZG1pbiIsInVzZXJfaWQiOjEsInByaXZpbGVnZSI6ImFkbWluIiwiaWF0IjoxNzAxMzM4NjIxLCJleHAiOjE3MDEzMzg5MjEsImlzcyI6Ik1JVCJ9.q6NGIt6gr4DQy-FL5e_7Oqeo50cXLG-oA0-_hUoAkn8','2023-11-30 10:03:41'),
(1206,'rachel.admin','eyJhbGciOiJIUzI1NiIsInR5cCI6IkpXVCJ9.eyJ1c2VybmFtZSI6InJhY2hlbC5hZG1pbiIsInVzZXJfaWQiOjEsInByaXZpbGVnZSI6ImFkbWluIiwiaWF0IjoxNzAxMzM4OTgxLCJleHAiOjE3MDEzMzkyODEsImlzcyI6Ik1JVCJ9.XzAg-eobCAWKiPwP05x4owhxe-ZhRQFNmJYgk4MsChs','2023-11-30 10:09:41'),
(1207,'rachel.admin','eyJhbGciOiJIUzI1NiIsInR5cCI6IkpXVCJ9.eyJ1c2VybmFtZSI6InJhY2hlbC5hZG1pbiIsInVzZXJfaWQiOjEsInByaXZpbGVnZSI6ImFkbWluIiwiaWF0IjoxNzAxMzM5MzIyLCJleHAiOjE3MDEzMzk2MjIsImlzcyI6Ik1JVCJ9.8axL669Asw0-dNBI350JhAp7WB9tOxOmGyLUBysMRyg','2023-11-30 10:15:22'),
(1208,'rachel.admin','eyJhbGciOiJIUzI1NiIsInR5cCI6IkpXVCJ9.eyJ1c2VybmFtZSI6InJhY2hlbC5hZG1pbiIsInVzZXJfaWQiOjEsInByaXZpbGVnZSI6ImFkbWluIiwiaWF0IjoxNzAxMzM5NjMyLCJleHAiOjE3MDEzMzk5MzIsImlzcyI6Ik1JVCJ9.KpXjZ5dW8Xw0NnPmEQINHskiJ1gC4fTDfzSgJlpJcyI','2023-11-30 10:20:32'),
(1209,'rachel.admin','eyJhbGciOiJIUzI1NiIsInR5cCI6IkpXVCJ9.eyJ1c2VybmFtZSI6InJhY2hlbC5hZG1pbiIsInVzZXJfaWQiOjEsInByaXZpbGVnZSI6ImFkbWluIiwiaWF0IjoxNzAxMzQwMDMxLCJleHAiOjE3MDEzNDAzMzEsImlzcyI6Ik1JVCJ9.WebFs6TggaGkHTpovBBaYj6zvo3Uh9QH5xqwG3eK6Bc','2023-11-30 10:27:11'),
(1210,'rachel.admin','eyJhbGciOiJIUzI1NiIsInR5cCI6IkpXVCJ9.eyJ1c2VybmFtZSI6InJhY2hlbC5hZG1pbiIsInVzZXJfaWQiOjEsInByaXZpbGVnZSI6ImFkbWluIiwiaWF0IjoxNzAxMzQwMzc2LCJleHAiOjE3MDEzNDA2NzYsImlzcyI6Ik1JVCJ9.9u9dAbEc0uwrXmls8Qd8dgrYiNht6xpUPmBaDBmEFas','2023-11-30 10:32:56'),
(1215,'rachel.admin','eyJhbGciOiJIUzI1NiIsInR5cCI6IkpXVCJ9.eyJ1c2VybmFtZSI6InJhY2hlbC5hZG1pbiIsInVzZXJfaWQiOjEsInByaXZpbGVnZSI6ImFkbWluIiwiaWF0IjoxNzAxMzQxMTUzLCJleHAiOjE3MDEzNDE0NTMsImlzcyI6Ik1JVCJ9.I5bMWMaEU8zO4qM_j1wa8JAhe4llog9T_kJDUdQ2QQQ','2023-11-30 10:45:53'),
(1216,'rachel.admin','eyJhbGciOiJIUzI1NiIsInR5cCI6IkpXVCJ9.eyJ1c2VybmFtZSI6InJhY2hlbC5hZG1pbiIsInVzZXJfaWQiOjEsInByaXZpbGVnZSI6ImFkbWluIiwiaWF0IjoxNzAxMzQxNjUzLCJleHAiOjE3MDEzNDE5NTMsImlzcyI6Ik1JVCJ9.mAr7S_7p9XRPTS4R6kkqfaobq1e6k1i3FZE3G6njxjk','2023-11-30 10:54:13'),
(1217,'rachel.admin','eyJhbGciOiJIUzI1NiIsInR5cCI6IkpXVCJ9.eyJ1c2VybmFtZSI6InJhY2hlbC5hZG1pbiIsInVzZXJfaWQiOjEsInByaXZpbGVnZSI6ImFkbWluIiwiaWF0IjoxNzAxMzQxOTkwLCJleHAiOjE3MDEzNDIyOTAsImlzcyI6Ik1JVCJ9.--ZNwhfdqftj5MWvmbhvlnG71gIrL0kzTOkNOE2rwa4','2023-11-30 10:59:50'),
(1218,'rachel.admin','eyJhbGciOiJIUzI1NiIsInR5cCI6IkpXVCJ9.eyJ1c2VybmFtZSI6InJhY2hlbC5hZG1pbiIsInVzZXJfaWQiOjEsInByaXZpbGVnZSI6ImFkbWluIiwiaWF0IjoxNzAxMzQyNTgwLCJleHAiOjE3MDEzNDI4ODAsImlzcyI6Ik1JVCJ9.fnpOyvAqlLKXvaItJhkxSv4nI4VSD8lV-UUZKVASmkQ','2023-11-30 11:09:40'),
(1219,'rachel.admin','eyJhbGciOiJIUzI1NiIsInR5cCI6IkpXVCJ9.eyJ1c2VybmFtZSI6InJhY2hlbC5hZG1pbiIsInVzZXJfaWQiOjEsInByaXZpbGVnZSI6ImFkbWluIiwiaWF0IjoxNzAxMzQzMDU2LCJleHAiOjE3MDEzNDMzNTYsImlzcyI6Ik1JVCJ9.HyXg4PSAeokppPow6m4W90JQjZ_JwseZZ5rnYnJQV4g','2023-11-30 11:17:36'),
(1224,'rachel.admin','eyJhbGciOiJIUzI1NiIsInR5cCI6IkpXVCJ9.eyJ1c2VybmFtZSI6InJhY2hlbC5hZG1pbiIsInVzZXJfaWQiOjEsInByaXZpbGVnZSI6ImFkbWluIiwiaWF0IjoxNzAxMzUzMTE0LCJpc3MiOiJNSVQifQ.UPZ75IuWvQO2kpS8-zIgmetAIDJ5t-IcoeeFlyGtRpA','2023-11-30 14:05:14'),
(1225,'rachel.admin','eyJhbGciOiJIUzI1NiIsInR5cCI6IkpXVCJ9.eyJ1c2VybmFtZSI6InJhY2hlbC5hZG1pbiIsInVzZXJfaWQiOjEsInByaXZpbGVnZSI6ImFkbWluIiwiaWF0IjoxNzAxMzU0MTY5LCJpc3MiOiJNSVQifQ.QqtK-4LNbJQcw-_wwUSUkdpKoVlfxVhkdZnDjTNq0xc','2023-11-30 14:22:49'),
(1232,'rachel.admin','eyJhbGciOiJIUzI1NiIsInR5cCI6IkpXVCJ9.eyJ1c2VybmFtZSI6InJhY2hlbC5hZG1pbiIsInVzZXJfaWQiOjEsInByaXZpbGVnZSI6ImFkbWluIiwiaWF0IjoxNzAxMzk1NDA3LCJleHAiOjE3MDEzOTU3MDcsImlzcyI6Ik1JVCJ9.bQYIENmV_FWqC4uEqcL4Gii409wQjmnBsCc4EC-noBY','2023-12-01 01:50:07'),
(1235,'rachel.admin','eyJhbGciOiJIUzI1NiIsInR5cCI6IkpXVCJ9.eyJ1c2VybmFtZSI6InJhY2hlbC5hZG1pbiIsInVzZXJfaWQiOjEsInByaXZpbGVnZSI6ImFkbWluIiwiaWF0IjoxNzAxMzk2NDg5LCJleHAiOjE3MDEzOTY3ODksImlzcyI6Ik1JVCJ9.jSkT6ZKvVKQYt42at7iq60AtJ3ck8KknPl0hO_OZufA','2023-12-01 02:08:09'),
(1240,'rachel.admin','eyJhbGciOiJIUzI1NiIsInR5cCI6IkpXVCJ9.eyJ1c2VybmFtZSI6InJhY2hlbC5hZG1pbiIsInVzZXJfaWQiOjEsInByaXZpbGVnZSI6ImFkbWluIiwiaWF0IjoxNzAxMzk3MzY3LCJleHAiOjE3MDEzOTc2NjcsImlzcyI6Ik1JVCJ9.0HqupD0iPwciyq7AO05X9j96Ub4ZiOgWgwuAVNhJ-M8','2023-12-01 02:22:47'),
(1241,'rachel.admin','eyJhbGciOiJIUzI1NiIsInR5cCI6IkpXVCJ9.eyJ1c2VybmFtZSI6InJhY2hlbC5hZG1pbiIsInVzZXJfaWQiOjEsInByaXZpbGVnZSI6ImFkbWluIiwiaWF0IjoxNzAxMzk3NzAyLCJleHAiOjE3MDEzOTgwMDIsImlzcyI6Ik1JVCJ9.1RrIKsqARazIbZyisllLbG2vnKP97Oojjv-1TyYifTc','2023-12-01 02:28:22'),
(1242,'rachel.admin','eyJhbGciOiJIUzI1NiIsInR5cCI6IkpXVCJ9.eyJ1c2VybmFtZSI6InJhY2hlbC5hZG1pbiIsInVzZXJfaWQiOjEsInByaXZpbGVnZSI6ImFkbWluIiwiaWF0IjoxNzAxMzk4MjM4LCJleHAiOjE3MDEzOTg1MzgsImlzcyI6Ik1JVCJ9.KR2x-6EKoludu0aN4odnDbLr6fTlkxRVgu4COrql2QE','2023-12-01 02:37:18'),
(1243,'rachel.admin','eyJhbGciOiJIUzI1NiIsInR5cCI6IkpXVCJ9.eyJ1c2VybmFtZSI6InJhY2hlbC5hZG1pbiIsInVzZXJfaWQiOjEsInByaXZpbGVnZSI6ImFkbWluIiwiaWF0IjoxNzAxMzk4NTQ4LCJleHAiOjE3MDEzOTg4NDgsImlzcyI6Ik1JVCJ9.aGuritKogPLpuU6ROSPn6uYaKSJqpeluXrOwlegbJU4','2023-12-01 02:42:28'),
(1244,'rachel.admin','eyJhbGciOiJIUzI1NiIsInR5cCI6IkpXVCJ9.eyJ1c2VybmFtZSI6InJhY2hlbC5hZG1pbiIsInVzZXJfaWQiOjEsInByaXZpbGVnZSI6ImFkbWluIiwiaWF0IjoxNzAxMzk4ODY2LCJleHAiOjE3MDEzOTkxNjYsImlzcyI6Ik1JVCJ9.dLbOzTfs2mvUx7XCdFBiYHGp316Ad51zK-m3x_d_kvs','2023-12-01 02:47:46'),
(1246,'rachel.admin','eyJhbGciOiJIUzI1NiIsInR5cCI6IkpXVCJ9.eyJ1c2VybmFtZSI6InJhY2hlbC5hZG1pbiIsInVzZXJfaWQiOjEsInByaXZpbGVnZSI6ImFkbWluIiwiaWF0IjoxNzAxMzk5MTc5LCJleHAiOjE3MDEzOTk0NzksImlzcyI6Ik1JVCJ9.aTnCY2CwQZhfc-wogEw9cRXbGJl9MBh4OgiUnrJ0Ln0','2023-12-01 02:52:59'),
(1247,'rachel.admin','eyJhbGciOiJIUzI1NiIsInR5cCI6IkpXVCJ9.eyJ1c2VybmFtZSI6InJhY2hlbC5hZG1pbiIsInVzZXJfaWQiOjEsInByaXZpbGVnZSI6ImFkbWluIiwiaWF0IjoxNzAxMzk5NzYwLCJleHAiOjE3MDE0MDAwNjAsImlzcyI6Ik1JVCJ9.BPCu4-GAUL8OSGcdmqk_-8KVlRAx6emdWtxVKBakVxk','2023-12-01 03:02:40'),
(1248,'rachel.admin','eyJhbGciOiJIUzI1NiIsInR5cCI6IkpXVCJ9.eyJ1c2VybmFtZSI6InJhY2hlbC5hZG1pbiIsInVzZXJfaWQiOjEsInByaXZpbGVnZSI6ImFkbWluIiwiaWF0IjoxNzAxNDAwNjY0LCJleHAiOjE3MDE0MDA5NjQsImlzcyI6Ik1JVCJ9.6VrHJL27IDvPX39o2oFIBHjMFeLDM4yOSZv7wd_Psss','2023-12-01 03:17:44'),
(1249,'rachel.admin','eyJhbGciOiJIUzI1NiIsInR5cCI6IkpXVCJ9.eyJ1c2VybmFtZSI6InJhY2hlbC5hZG1pbiIsInVzZXJfaWQiOjEsInByaXZpbGVnZSI6ImFkbWluIiwiaWF0IjoxNzAxNDAxODE0LCJleHAiOjE3MDE0MDIxMTQsImlzcyI6Ik1JVCJ9._2HQdGBXos7zUWihvQ4K2j2O6hPgaTvAabEn99U_98E','2023-12-01 03:36:54'),
(1255,'rachel.admin','eyJhbGciOiJIUzI1NiIsInR5cCI6IkpXVCJ9.eyJ1c2VybmFtZSI6InJhY2hlbC5hZG1pbiIsInVzZXJfaWQiOjEsInByaXZpbGVnZSI6ImFkbWluIiwiaWF0IjoxNzAxNDAyNTYzLCJleHAiOjE3MDE0MDI4NjMsImlzcyI6Ik1JVCJ9.tBqbkDVA6FD_mWvCqsk4shxXgFfb2fkZw8gfL8d6vmY','2023-12-01 03:49:23'),
(1256,'rachel.admin','eyJhbGciOiJIUzI1NiIsInR5cCI6IkpXVCJ9.eyJ1c2VybmFtZSI6InJhY2hlbC5hZG1pbiIsInVzZXJfaWQiOjEsInByaXZpbGVnZSI6ImFkbWluIiwiaWF0IjoxNzAxNDAyODk4LCJleHAiOjE3MDE0MDMxOTgsImlzcyI6Ik1JVCJ9.kP4XynDZcwxkOMCMqWqy0cLuNGm7-vS-5UN5BVcCrX4','2023-12-01 03:54:58'),
(1258,'rachel.admin','eyJhbGciOiJIUzI1NiIsInR5cCI6IkpXVCJ9.eyJ1c2VybmFtZSI6InJhY2hlbC5hZG1pbiIsInVzZXJfaWQiOjEsInByaXZpbGVnZSI6ImFkbWluIiwiaWF0IjoxNzAxNDAzNDYyLCJleHAiOjE3MDE0MDM3NjIsImlzcyI6Ik1JVCJ9.1hzj3nGngDhgGm80MJyCRd79XXgr66rIyhOLLNK4qRw','2023-12-01 04:04:22'),
(1277,'rachel.admin','eyJhbGciOiJIUzI1NiIsInR5cCI6IkpXVCJ9.eyJ1c2VybmFtZSI6InJhY2hlbC5hZG1pbiIsInVzZXJfaWQiOjEsInByaXZpbGVnZSI6ImFkbWluIiwiaWF0IjoxNzAxNDA5MjAzLCJleHAiOjE3MDE0MDk1MDMsImlzcyI6Ik1JVCJ9.5-gIcHZCv3GoRMFxS7jPsA_3QzmeA2BJUxM4ZhrB0P4','2023-12-01 05:40:03'),
(1278,'rachel.admin','eyJhbGciOiJIUzI1NiIsInR5cCI6IkpXVCJ9.eyJ1c2VybmFtZSI6InJhY2hlbC5hZG1pbiIsInVzZXJfaWQiOjEsInByaXZpbGVnZSI6ImFkbWluIiwiaWF0IjoxNzAxNDA5MjQ0LCJpc3MiOiJNSVQifQ.mKv0l5p_d6HBAxuCLQ9fxuSg0poSZzbbaPIMbUIDAa0','2023-12-01 05:40:44'),
(1279,'rachel.admin','eyJhbGciOiJIUzI1NiIsInR5cCI6IkpXVCJ9.eyJ1c2VybmFtZSI6InJhY2hlbC5hZG1pbiIsInVzZXJfaWQiOjEsInByaXZpbGVnZSI6ImFkbWluIiwiaWF0IjoxNzAxNDEwMDE2LCJleHAiOjE3MDE0MTAzMTYsImlzcyI6Ik1JVCJ9.Oj467hveH1t9YzPUKmr2GkMG80tEzwcSDNvebf9nW6k','2023-12-01 05:53:36'),
(1280,'rachel.admin','eyJhbGciOiJIUzI1NiIsInR5cCI6IkpXVCJ9.eyJ1c2VybmFtZSI6InJhY2hlbC5hZG1pbiIsInVzZXJfaWQiOjEsInByaXZpbGVnZSI6ImFkbWluIiwiaWF0IjoxNzAxNDEyOTMzLCJleHAiOjE3MDE0MTMyMzMsImlzcyI6Ik1JVCJ9.31R3xxnwzeR2r2EVrD-DJVgAnzIC9i0zYjiGQVH5iAg','2023-12-01 06:42:13'),
(1281,'rachel.admin','eyJhbGciOiJIUzI1NiIsInR5cCI6IkpXVCJ9.eyJ1c2VybmFtZSI6InJhY2hlbC5hZG1pbiIsInVzZXJfaWQiOjEsInByaXZpbGVnZSI6ImFkbWluIiwiaWF0IjoxNzAxNDEzMjQ5LCJleHAiOjE3MDE0MTM1NDksImlzcyI6Ik1JVCJ9.7Fyx1zg7azgCw3kyaAqQiYdx19B-VxGNnDnvDTr72yI','2023-12-01 06:47:29'),
(1285,'rachel.admin','eyJhbGciOiJIUzI1NiIsInR5cCI6IkpXVCJ9.eyJ1c2VybmFtZSI6InJhY2hlbC5hZG1pbiIsInVzZXJfaWQiOjEsInByaXZpbGVnZSI6ImFkbWluIiwiaWF0IjoxNzAxNDEzNTc4LCJleHAiOjE3MDE0MTM4NzgsImlzcyI6Ik1JVCJ9.finaNnQsHDSHK2HfYlVsERh4CtmaLEhJysBuq0fhDjE','2023-12-01 06:52:58'),
(1293,'rachel.admin','eyJhbGciOiJIUzI1NiIsInR5cCI6IkpXVCJ9.eyJ1c2VybmFtZSI6InJhY2hlbC5hZG1pbiIsInVzZXJfaWQiOjEsInByaXZpbGVnZSI6ImFkbWluIiwiaWF0IjoxNzAxNDE0OTI0LCJleHAiOjE3MDE0MTUyMjQsImlzcyI6Ik1JVCJ9.Nc4gB83LcgaILsRLYy9SEZQVNux9Z3ifdi4tZ_XBwjE','2023-12-01 07:15:24'),
(1303,'rachel.admin','eyJhbGciOiJIUzI1NiIsInR5cCI6IkpXVCJ9.eyJ1c2VybmFtZSI6InJhY2hlbC5hZG1pbiIsInVzZXJfaWQiOjEsInByaXZpbGVnZSI6ImFkbWluIiwiaWF0IjoxNzAxNDQ4MTQ1LCJpc3MiOiJNSVQifQ.kCpdyGh3ZJ8v8TVm8axCXxfGI58U94rD9z7bTlkwRpw','2023-12-01 16:29:05'),
(1304,'rachel.admin','eyJhbGciOiJIUzI1NiIsInR5cCI6IkpXVCJ9.eyJ1c2VybmFtZSI6InJhY2hlbC5hZG1pbiIsInVzZXJfaWQiOjEsInByaXZpbGVnZSI6ImFkbWluIiwiaWF0IjoxNzAxNDQ5MjM5LCJleHAiOjE3MDE0NDk1MzksImlzcyI6Ik1JVCJ9.fGuhMt7ME_8UtUus4f1TW17WSGoiqCQ3ZggvWLhQAXY','2023-12-01 16:47:19'),
(1305,'rachel.admin','eyJhbGciOiJIUzI1NiIsInR5cCI6IkpXVCJ9.eyJ1c2VybmFtZSI6InJhY2hlbC5hZG1pbiIsInVzZXJfaWQiOjEsInByaXZpbGVnZSI6ImFkbWluIiwiaWF0IjoxNzAxNDQ5NTYzLCJleHAiOjE3MDE0NDk4NjMsImlzcyI6Ik1JVCJ9.9oQobCU7vadQPjVXHEiaeUOHQE_v3twyVq_NNPwI16E','2023-12-01 16:52:43'),
(1306,'rachel.admin','eyJhbGciOiJIUzI1NiIsInR5cCI6IkpXVCJ9.eyJ1c2VybmFtZSI6InJhY2hlbC5hZG1pbiIsInVzZXJfaWQiOjEsInByaXZpbGVnZSI6ImFkbWluIiwiaWF0IjoxNzAxNDQ5ODcwLCJleHAiOjE3MDE0NTAxNzAsImlzcyI6Ik1JVCJ9.q9sT6wXJBKQfW9KSVPI4Ksbt3mMZ-drYm7Nq5enHa-g','2023-12-01 16:57:50'),
(1307,'rachel.admin','eyJhbGciOiJIUzI1NiIsInR5cCI6IkpXVCJ9.eyJ1c2VybmFtZSI6InJhY2hlbC5hZG1pbiIsInVzZXJfaWQiOjEsInByaXZpbGVnZSI6ImFkbWluIiwiaWF0IjoxNzAxNDUxNjQyLCJleHAiOjE3MDE0NTE5NDIsImlzcyI6Ik1JVCJ9.1qESZskT3FbwlnN03UwFaoyU3c-3BGJp64_IpeH7sgA','2023-12-01 17:27:22'),
(1309,'rachel.admin','eyJhbGciOiJIUzI1NiIsInR5cCI6IkpXVCJ9.eyJ1c2VybmFtZSI6InJhY2hlbC5hZG1pbiIsInVzZXJfaWQiOjEsInByaXZpbGVnZSI6ImFkbWluIiwiaWF0IjoxNzAxNDc4ODM3LCJleHAiOjE3MDE0NzkxMzcsImlzcyI6Ik1JVCJ9.4SiCkBJ_oc2qA_obYfDmJIM95QmlSMcBjahAQnNi3K0','2023-12-02 01:00:37'),
(1310,'rachel.admin','eyJhbGciOiJIUzI1NiIsInR5cCI6IkpXVCJ9.eyJ1c2VybmFtZSI6InJhY2hlbC5hZG1pbiIsInVzZXJfaWQiOjEsInByaXZpbGVnZSI6ImFkbWluIiwiaWF0IjoxNzAxNDc5MzEzLCJleHAiOjE3MDE0Nzk2MTMsImlzcyI6Ik1JVCJ9.0d5q5UjT7xrvfCnGKevsWzMyr4ynHTNeGSs0pnM4ofQ','2023-12-02 01:08:33'),
(1311,'rachel.admin','eyJhbGciOiJIUzI1NiIsInR5cCI6IkpXVCJ9.eyJ1c2VybmFtZSI6InJhY2hlbC5hZG1pbiIsInVzZXJfaWQiOjEsInByaXZpbGVnZSI6ImFkbWluIiwiaWF0IjoxNzAxNDgwMzExLCJleHAiOjE3MDE0ODA2MTEsImlzcyI6Ik1JVCJ9.l7hWxCuto813XBDCGqpOBx9ioq509IjHYbBWNRETayU','2023-12-02 01:25:11'),
(1312,'rachel.admin','eyJhbGciOiJIUzI1NiIsInR5cCI6IkpXVCJ9.eyJ1c2VybmFtZSI6InJhY2hlbC5hZG1pbiIsInVzZXJfaWQiOjEsInByaXZpbGVnZSI6ImFkbWluIiwiaWF0IjoxNzAxNDgwNDAxLCJpc3MiOiJNSVQifQ.mbGkyu8S3UTG-BTE0fLm-efarfCeHLdsg7KT11FN-i4','2023-12-02 01:26:41'),
(1313,'rachel.admin','eyJhbGciOiJIUzI1NiIsInR5cCI6IkpXVCJ9.eyJ1c2VybmFtZSI6InJhY2hlbC5hZG1pbiIsInVzZXJfaWQiOjEsInByaXZpbGVnZSI6ImFkbWluIiwiaWF0IjoxNzAxNDgwNzY4LCJleHAiOjE3MDE0ODEwNjgsImlzcyI6Ik1JVCJ9.ezrKVPWvYMB00hszepKkJJId6BCESxNRNRxMBON-a1w','2023-12-02 01:32:48'),
(1317,'rachel.admin','eyJhbGciOiJIUzI1NiIsInR5cCI6IkpXVCJ9.eyJ1c2VybmFtZSI6InJhY2hlbC5hZG1pbiIsInVzZXJfaWQiOjEsInByaXZpbGVnZSI6ImFkbWluIiwiaWF0IjoxNzAxNDk0MDUwLCJleHAiOjE3MDE0OTQzNTAsImlzcyI6Ik1JVCJ9.jKI9GWJg45uWcT0R95-3p7lJRNxCVif9ZXNrTyxZW40','2023-12-02 05:14:10'),
(1318,'rachel.admin','eyJhbGciOiJIUzI1NiIsInR5cCI6IkpXVCJ9.eyJ1c2VybmFtZSI6InJhY2hlbC5hZG1pbiIsInVzZXJfaWQiOjEsInByaXZpbGVnZSI6ImFkbWluIiwiaWF0IjoxNzAxNTAyNjcxLCJleHAiOjE3MDE1MDI5NzEsImlzcyI6Ik1JVCJ9.WHbBtg-2zNUUjJfQJcz7KVSdiMAuET3tN4r4DtNXuv4','2023-12-02 07:37:51'),
(1320,'rachel.admin','eyJhbGciOiJIUzI1NiIsInR5cCI6IkpXVCJ9.eyJ1c2VybmFtZSI6InJhY2hlbC5hZG1pbiIsInVzZXJfaWQiOjEsInByaXZpbGVnZSI6ImFkbWluIiwiaWF0IjoxNzAxNTE5MjM2LCJleHAiOjE3MDE1MTk1MzYsImlzcyI6Ik1JVCJ9.Iz76YFyWB4K_b7GjgksnMY6OhbrM1xyLlAGe_Inq268','2023-12-02 12:13:56'),
(1321,'rachel.admin','eyJhbGciOiJIUzI1NiIsInR5cCI6IkpXVCJ9.eyJ1c2VybmFtZSI6InJhY2hlbC5hZG1pbiIsInVzZXJfaWQiOjEsInByaXZpbGVnZSI6ImFkbWluIiwiaWF0IjoxNzAxNTE5ODIzLCJleHAiOjE3MDE1MjAxMjMsImlzcyI6Ik1JVCJ9.WUPs8tq72ObRSMl4-G3JNJ-w3v8_7bXl3PQ1bD0O9E8','2023-12-02 12:23:43'),
(1322,'rachel.admin','eyJhbGciOiJIUzI1NiIsInR5cCI6IkpXVCJ9.eyJ1c2VybmFtZSI6InJhY2hlbC5hZG1pbiIsInVzZXJfaWQiOjEsInByaXZpbGVnZSI6ImFkbWluIiwiaWF0IjoxNzAxNTIwMTM5LCJleHAiOjE3MDE1MjA0MzksImlzcyI6Ik1JVCJ9.uDePSo3IzwIzZCkQkG1tRs26kIRpb3Ado1cUIiaAVHI','2023-12-02 12:28:59'),
(1323,'rachel.admin','eyJhbGciOiJIUzI1NiIsInR5cCI6IkpXVCJ9.eyJ1c2VybmFtZSI6InJhY2hlbC5hZG1pbiIsInVzZXJfaWQiOjEsInByaXZpbGVnZSI6ImFkbWluIiwiaWF0IjoxNzAxNTIwNTIzLCJleHAiOjE3MDE1MjA4MjMsImlzcyI6Ik1JVCJ9.Q2PPiSdRJEEuF9EoUUtr-IRHInrvp6hqhCjVBzkTBVc','2023-12-02 12:35:23'),
(1324,'rachel.admin','eyJhbGciOiJIUzI1NiIsInR5cCI6IkpXVCJ9.eyJ1c2VybmFtZSI6InJhY2hlbC5hZG1pbiIsInVzZXJfaWQiOjEsInByaXZpbGVnZSI6ImFkbWluIiwiaWF0IjoxNzAxNTIxMDE1LCJleHAiOjE3MDE1MjEzMTUsImlzcyI6Ik1JVCJ9.WoQd9SRsf7s-puEhce3X-tQqbxgYoT-HHKDzlWIox5U','2023-12-02 12:43:35'),
(1325,'rachel.admin','eyJhbGciOiJIUzI1NiIsInR5cCI6IkpXVCJ9.eyJ1c2VybmFtZSI6InJhY2hlbC5hZG1pbiIsInVzZXJfaWQiOjEsInByaXZpbGVnZSI6ImFkbWluIiwiaWF0IjoxNzAxNTIxOTQzLCJleHAiOjE3MDE1MjIyNDMsImlzcyI6Ik1JVCJ9.vjpwr36tNzzPWKn8WLzKii4DTQF9AQZutXc2vHoU_SQ','2023-12-02 12:59:03'),
(1326,'rachel.admin','eyJhbGciOiJIUzI1NiIsInR5cCI6IkpXVCJ9.eyJ1c2VybmFtZSI6InJhY2hlbC5hZG1pbiIsInVzZXJfaWQiOjEsInByaXZpbGVnZSI6ImFkbWluIiwiaWF0IjoxNzAxNTIyMzE3LCJleHAiOjE3MDE1MjI2MTcsImlzcyI6Ik1JVCJ9.djxaQaXXQhwZPMRJ63f7nX-J-y9A7ENSwt6zfLWD_5I','2023-12-02 13:05:17'),
(1327,'rachel.admin','eyJhbGciOiJIUzI1NiIsInR5cCI6IkpXVCJ9.eyJ1c2VybmFtZSI6InJhY2hlbC5hZG1pbiIsInVzZXJfaWQiOjEsInByaXZpbGVnZSI6ImFkbWluIiwiaWF0IjoxNzAxNTIzMTcxLCJleHAiOjE3MDE1MjM0NzEsImlzcyI6Ik1JVCJ9.skWS4qefMVFiAhnsTY8kUXkJzOqbAk_zrCE6umee8ro','2023-12-02 13:19:31'),
(1329,'rachel.admin','eyJhbGciOiJIUzI1NiIsInR5cCI6IkpXVCJ9.eyJ1c2VybmFtZSI6InJhY2hlbC5hZG1pbiIsInVzZXJfaWQiOjEsInByaXZpbGVnZSI6ImFkbWluIiwiaWF0IjoxNzAxNTIzNjc3LCJleHAiOjE3MDE1MjM5NzcsImlzcyI6Ik1JVCJ9.DME28Csiug_kjQvxagrDT2UBrZy0SXIlx-x0OpkvfA8','2023-12-02 13:27:57'),
(1337,'rachel.admin','eyJhbGciOiJIUzI1NiIsInR5cCI6IkpXVCJ9.eyJ1c2VybmFtZSI6InJhY2hlbC5hZG1pbiIsInVzZXJfaWQiOjEsInByaXZpbGVnZSI6ImFkbWluIiwiaWF0IjoxNzAxNTI1MjU0LCJleHAiOjE3MDE1MjU1NTQsImlzcyI6Ik1JVCJ9.53wLWcqkbdamFpcO_WFknfIfil6LTVKd8y3_cJAx2TM','2023-12-02 13:54:14'),
(1341,'rachel.admin','eyJhbGciOiJIUzI1NiIsInR5cCI6IkpXVCJ9.eyJ1c2VybmFtZSI6InJhY2hlbC5hZG1pbiIsInVzZXJfaWQiOjEsInByaXZpbGVnZSI6ImFkbWluIiwiaWF0IjoxNzAxNTI1NzAzLCJleHAiOjE3MDE1MjYwMDMsImlzcyI6Ik1JVCJ9.dD2iTQwtmrk7v2q6h8J-7QsOYxyoDXjitxFD2Pqv1-4','2023-12-02 14:01:43'),
(1342,'rachel.admin','eyJhbGciOiJIUzI1NiIsInR5cCI6IkpXVCJ9.eyJ1c2VybmFtZSI6InJhY2hlbC5hZG1pbiIsInVzZXJfaWQiOjEsInByaXZpbGVnZSI6ImFkbWluIiwiaWF0IjoxNzAxNTI1ODQ4LCJpc3MiOiJNSVQifQ.9haAXXycQdSZu-DxTUFMR_3K33SlRsmHprwEFmgUnng','2023-12-02 14:04:08'),
(1343,'rachel.admin','eyJhbGciOiJIUzI1NiIsInR5cCI6IkpXVCJ9.eyJ1c2VybmFtZSI6InJhY2hlbC5hZG1pbiIsInVzZXJfaWQiOjEsInByaXZpbGVnZSI6ImFkbWluIiwiaWF0IjoxNzAxNTI2MTYxLCJleHAiOjE3MDE1MjY0NjEsImlzcyI6Ik1JVCJ9.NhG3_JHx9T-fZi8gaiR868pUD-GDL3VtJkvJys2_Fvo','2023-12-02 14:09:21'),
(1344,'rachel.admin','eyJhbGciOiJIUzI1NiIsInR5cCI6IkpXVCJ9.eyJ1c2VybmFtZSI6InJhY2hlbC5hZG1pbiIsInVzZXJfaWQiOjEsInByaXZpbGVnZSI6ImFkbWluIiwiaWF0IjoxNzAxNTI3MDI3LCJleHAiOjE3MDE1MjczMjcsImlzcyI6Ik1JVCJ9.WD0f-vhGhAxIU4cHmhf9OmbL6HbhvczCymf8LvfJKaQ','2023-12-02 14:23:47'),
(1345,'rachel.admin','eyJhbGciOiJIUzI1NiIsInR5cCI6IkpXVCJ9.eyJ1c2VybmFtZSI6InJhY2hlbC5hZG1pbiIsInVzZXJfaWQiOjEsInByaXZpbGVnZSI6ImFkbWluIiwiaWF0IjoxNzAxNTI4MDA5LCJleHAiOjE3MDE1MjgzMDksImlzcyI6Ik1JVCJ9.iSPeVOKRayCdpup5sLw7RXynonnIfxZ09fPW8ffNqDI','2023-12-02 14:40:09'),
(1346,'rachel.admin','eyJhbGciOiJIUzI1NiIsInR5cCI6IkpXVCJ9.eyJ1c2VybmFtZSI6InJhY2hlbC5hZG1pbiIsInVzZXJfaWQiOjEsInByaXZpbGVnZSI6ImFkbWluIiwiaWF0IjoxNzAxNTI4MTExLCJpc3MiOiJNSVQifQ.R5pYap9lXGjyBQSIeWqAAYgUuv6M3KtV1EeJLxt0TM8','2023-12-02 14:41:51'),
(1348,'rachel.admin','eyJhbGciOiJIUzI1NiIsInR5cCI6IkpXVCJ9.eyJ1c2VybmFtZSI6InJhY2hlbC5hZG1pbiIsInVzZXJfaWQiOjEsInByaXZpbGVnZSI6ImFkbWluIiwiaWF0IjoxNzAxNTI4OTMxLCJleHAiOjE3MDE1MjkyMzEsImlzcyI6Ik1JVCJ9.reQ4HlYRzafZ9Ao02ZkByN-k84VnM7T_EIgI9LTY-4I','2023-12-02 14:55:31'),
(1349,'rachel.admin','eyJhbGciOiJIUzI1NiIsInR5cCI6IkpXVCJ9.eyJ1c2VybmFtZSI6InJhY2hlbC5hZG1pbiIsInVzZXJfaWQiOjEsInByaXZpbGVnZSI6ImFkbWluIiwiaWF0IjoxNzAxNTI5MzM1LCJleHAiOjE3MDE1Mjk2MzUsImlzcyI6Ik1JVCJ9.KdLmyZI7JItkMnR-dh9ucIMFeyzwnzuu7lung6SbCj4','2023-12-02 15:02:15'),
(1351,'rachel.admin','eyJhbGciOiJIUzI1NiIsInR5cCI6IkpXVCJ9.eyJ1c2VybmFtZSI6InJhY2hlbC5hZG1pbiIsInVzZXJfaWQiOjEsInByaXZpbGVnZSI6ImFkbWluIiwiaWF0IjoxNzAxNTI5ODA2LCJleHAiOjE3MDE1MzAxMDYsImlzcyI6Ik1JVCJ9.sx2n1vm1RCp9pKWZwxePCtjl2l21ZUpqrLIYioxcf2g','2023-12-02 15:10:06'),
(1353,'rachel.admin','eyJhbGciOiJIUzI1NiIsInR5cCI6IkpXVCJ9.eyJ1c2VybmFtZSI6InJhY2hlbC5hZG1pbiIsInVzZXJfaWQiOjEsInByaXZpbGVnZSI6ImFkbWluIiwiaWF0IjoxNzAxNTMwMTE2LCJleHAiOjE3MDE1MzA0MTYsImlzcyI6Ik1JVCJ9.C7IzCItBL6E_1qG5PrBDATlST1q61phuC9_Kdxz_zo4','2023-12-02 15:15:16'),
(1354,'rachel.admin','eyJhbGciOiJIUzI1NiIsInR5cCI6IkpXVCJ9.eyJ1c2VybmFtZSI6InJhY2hlbC5hZG1pbiIsInVzZXJfaWQiOjEsInByaXZpbGVnZSI6ImFkbWluIiwiaWF0IjoxNzAxNTMwNTAxLCJleHAiOjE3MDE1MzA4MDEsImlzcyI6Ik1JVCJ9.u6CBU9xfde90wf0t5d9Jswqitqc08pG7rD3XnHL-W_M','2023-12-02 15:21:41'),
(1356,'rachel.admin','eyJhbGciOiJIUzI1NiIsInR5cCI6IkpXVCJ9.eyJ1c2VybmFtZSI6InJhY2hlbC5hZG1pbiIsInVzZXJfaWQiOjEsInByaXZpbGVnZSI6ImFkbWluIiwiaWF0IjoxNzAxNTMwOTA0LCJleHAiOjE3MDE1MzEyMDQsImlzcyI6Ik1JVCJ9.8dXtEauX_DUFGvOjHtGroAzW40-PiWHaZKbqDHrfZ38','2023-12-02 15:28:24'),
(1357,'rachel.admin','eyJhbGciOiJIUzI1NiIsInR5cCI6IkpXVCJ9.eyJ1c2VybmFtZSI6InJhY2hlbC5hZG1pbiIsInVzZXJfaWQiOjEsInByaXZpbGVnZSI6ImFkbWluIiwiaWF0IjoxNzAxNTMxNjkzLCJleHAiOjE3MDE1MzE5OTMsImlzcyI6Ik1JVCJ9.7wPxKMQmnrmV56YN0-9ZwF9sszyNFGWtAZ5Gt-JpJk0','2023-12-02 15:41:33'),
(1358,'rachel.admin','eyJhbGciOiJIUzI1NiIsInR5cCI6IkpXVCJ9.eyJ1c2VybmFtZSI6InJhY2hlbC5hZG1pbiIsInVzZXJfaWQiOjEsInByaXZpbGVnZSI6ImFkbWluIiwiaWF0IjoxNzAxNTMyMTEzLCJleHAiOjE3MDE1MzI0MTMsImlzcyI6Ik1JVCJ9.nTbcfb5YT8cMGBw-CmQGsrGmxsoiNGiowLChz4Quiz4','2023-12-02 15:48:33'),
(1359,'rachel.admin','eyJhbGciOiJIUzI1NiIsInR5cCI6IkpXVCJ9.eyJ1c2VybmFtZSI6InJhY2hlbC5hZG1pbiIsInVzZXJfaWQiOjEsInByaXZpbGVnZSI6ImFkbWluIiwiaWF0IjoxNzAxNTMyNTcwLCJleHAiOjE3MDE1MzI4NzAsImlzcyI6Ik1JVCJ9.XXKvjE_a5EC07y9tRpvUW0Zd-w8nGSQdx8MFAJ6p8BI','2023-12-02 15:56:10'),
(1360,'rachel.admin','eyJhbGciOiJIUzI1NiIsInR5cCI6IkpXVCJ9.eyJ1c2VybmFtZSI6InJhY2hlbC5hZG1pbiIsInVzZXJfaWQiOjEsInByaXZpbGVnZSI6ImFkbWluIiwiaWF0IjoxNzAxNTMyODgzLCJleHAiOjE3MDE1MzMxODMsImlzcyI6Ik1JVCJ9.UTa0zyYKNT4l4QiAo7t88ZIkVrvwx_fB5-coxUiSD1Y','2023-12-02 16:01:23'),
(1361,'rachel.admin','eyJhbGciOiJIUzI1NiIsInR5cCI6IkpXVCJ9.eyJ1c2VybmFtZSI6InJhY2hlbC5hZG1pbiIsInVzZXJfaWQiOjEsInByaXZpbGVnZSI6ImFkbWluIiwiaWF0IjoxNzAxNTMzMjUxLCJleHAiOjE3MDE1MzM1NTEsImlzcyI6Ik1JVCJ9.ChMnRRPKwCozLM5QxPtaMM4No3c_-dZn6FmsyKW0QyQ','2023-12-02 16:07:31'),
(1362,'rachel.admin','eyJhbGciOiJIUzI1NiIsInR5cCI6IkpXVCJ9.eyJ1c2VybmFtZSI6InJhY2hlbC5hZG1pbiIsInVzZXJfaWQiOjEsInByaXZpbGVnZSI6ImFkbWluIiwiaWF0IjoxNzAxNTM0NjUyLCJleHAiOjE3MDE1MzQ5NTIsImlzcyI6Ik1JVCJ9.Ut6RJnwO8EFlUAcl81dG2FLnI9-NMvkjfckzybcHox0','2023-12-02 16:30:52'),
(1363,'rachel.admin','eyJhbGciOiJIUzI1NiIsInR5cCI6IkpXVCJ9.eyJ1c2VybmFtZSI6InJhY2hlbC5hZG1pbiIsInVzZXJfaWQiOjEsInByaXZpbGVnZSI6ImFkbWluIiwiaWF0IjoxNzAxNTM0OTc2LCJleHAiOjE3MDE1MzUyNzYsImlzcyI6Ik1JVCJ9.CHxubTXH9QTRihQgUp--3BhTdcaewf0bE8Mg6MPMi_k','2023-12-02 16:36:16'),
(1364,'rachel.admin','eyJhbGciOiJIUzI1NiIsInR5cCI6IkpXVCJ9.eyJ1c2VybmFtZSI6InJhY2hlbC5hZG1pbiIsInVzZXJfaWQiOjEsInByaXZpbGVnZSI6ImFkbWluIiwiaWF0IjoxNzAxNTM2NDU4LCJleHAiOjE3MDE1MzY3NTgsImlzcyI6Ik1JVCJ9.AiFGt84V1yCs4u9LmkiRjWey_jv87O1ikL1yAm7v7vw','2023-12-02 17:00:59'),
(1365,'rachel.admin','eyJhbGciOiJIUzI1NiIsInR5cCI6IkpXVCJ9.eyJ1c2VybmFtZSI6InJhY2hlbC5hZG1pbiIsInVzZXJfaWQiOjEsInByaXZpbGVnZSI6ImFkbWluIiwiaWF0IjoxNzAxNTM2OTA1LCJleHAiOjE3MDE1MzcyMDUsImlzcyI6Ik1JVCJ9.ECM-DBIdSzxWkFm0iE1N2sdPSACXYMByXLGb1KKwrms','2023-12-02 17:08:25'),
(1367,'rachel.admin','eyJhbGciOiJIUzI1NiIsInR5cCI6IkpXVCJ9.eyJ1c2VybmFtZSI6InJhY2hlbC5hZG1pbiIsInVzZXJfaWQiOjEsInByaXZpbGVnZSI6ImFkbWluIiwiaWF0IjoxNzAxNTM3OTg1LCJleHAiOjE3MDE1MzgyODUsImlzcyI6Ik1JVCJ9.YGuKnh8W11-q1nZjLJHkEsTCQDBAl2TW9hVdF3vHhJM','2023-12-02 17:26:25'),
(1368,'rachel.admin','eyJhbGciOiJIUzI1NiIsInR5cCI6IkpXVCJ9.eyJ1c2VybmFtZSI6InJhY2hlbC5hZG1pbiIsInVzZXJfaWQiOjEsInByaXZpbGVnZSI6ImFkbWluIiwiaWF0IjoxNzAxNTM4MzA2LCJleHAiOjE3MDE1Mzg2MDYsImlzcyI6Ik1JVCJ9.wAMSKcJzHEUfoacKSq8kNWhkeyqGyh_2uCxjdgRanik','2023-12-02 17:31:46'),
(1369,'rachel.admin','eyJhbGciOiJIUzI1NiIsInR5cCI6IkpXVCJ9.eyJ1c2VybmFtZSI6InJhY2hlbC5hZG1pbiIsInVzZXJfaWQiOjEsInByaXZpbGVnZSI6ImFkbWluIiwiaWF0IjoxNzAxNTM4NTY2LCJpc3MiOiJNSVQifQ.Ws7Y0ZuEDIdZ1uQNj8DIu4Bd-q7n6PNdiFd71bEhnEc','2023-12-02 17:36:06'),
(1370,'rachel.admin','eyJhbGciOiJIUzI1NiIsInR5cCI6IkpXVCJ9.eyJ1c2VybmFtZSI6InJhY2hlbC5hZG1pbiIsInVzZXJfaWQiOjEsInByaXZpbGVnZSI6ImFkbWluIiwiaWF0IjoxNzAxNTM5MzcxLCJleHAiOjE3MDE1Mzk2NzEsImlzcyI6Ik1JVCJ9.0XmeXgo25xEm8Ltf9D2-B5Ghv9SeyZmjLohqMVaPkos','2023-12-02 17:49:31'),
(1371,'rachel.admin','eyJhbGciOiJIUzI1NiIsInR5cCI6IkpXVCJ9.eyJ1c2VybmFtZSI6InJhY2hlbC5hZG1pbiIsInVzZXJfaWQiOjEsInByaXZpbGVnZSI6ImFkbWluIiwiaWF0IjoxNzAxNTM5NzM1LCJleHAiOjE3MDE1NDAwMzUsImlzcyI6Ik1JVCJ9.H5mVH9ePJpoFNxvWD0toGoJaXCU5FkHF7k5ZtmcsLT8','2023-12-02 17:55:35'),
(1372,'rachel.admin','eyJhbGciOiJIUzI1NiIsInR5cCI6IkpXVCJ9.eyJ1c2VybmFtZSI6InJhY2hlbC5hZG1pbiIsInVzZXJfaWQiOjEsInByaXZpbGVnZSI6ImFkbWluIiwiaWF0IjoxNzAxNTQwNDA1LCJleHAiOjE3MDE1NDA3MDUsImlzcyI6Ik1JVCJ9.9Jur1zy_JrAi45FnkrWEJxENK44qVYTTAkEcTAGIH9I','2023-12-02 18:06:45'),
(1374,'rachel.admin','eyJhbGciOiJIUzI1NiIsInR5cCI6IkpXVCJ9.eyJ1c2VybmFtZSI6InJhY2hlbC5hZG1pbiIsInVzZXJfaWQiOjEsInByaXZpbGVnZSI6ImFkbWluIiwiaWF0IjoxNzAxNTQwNzEyLCJleHAiOjE3MDE1NDEwMTIsImlzcyI6Ik1JVCJ9.KBlbApKOnyJ8hThCCg_33teYVcI8WLPp1dnHgP-TfqM','2023-12-02 18:11:52'),
(1377,'rachel.admin','eyJhbGciOiJIUzI1NiIsInR5cCI6IkpXVCJ9.eyJ1c2VybmFtZSI6InJhY2hlbC5hZG1pbiIsInVzZXJfaWQiOjEsInByaXZpbGVnZSI6ImFkbWluIiwiaWF0IjoxNzAxNTQxNDIzLCJleHAiOjE3MDE1NDE3MjMsImlzcyI6Ik1JVCJ9.HGi0w_8s2G13ll3D3ao1L6-lIlFXURYSp3IxJA6rQ1k','2023-12-02 18:23:43'),
(1378,'rachel.admin','eyJhbGciOiJIUzI1NiIsInR5cCI6IkpXVCJ9.eyJ1c2VybmFtZSI6InJhY2hlbC5hZG1pbiIsInVzZXJfaWQiOjEsInByaXZpbGVnZSI6ImFkbWluIiwiaWF0IjoxNzAxNTYxMzcwLCJleHAiOjE3MDE1NjE2NzAsImlzcyI6Ik1JVCJ9.FRX3eLCHPu_ue63eD_9S95J1XvfwwYuWlPi_th-SVIk','2023-12-02 23:56:10'),
(1384,'rachel.admin','eyJhbGciOiJIUzI1NiIsInR5cCI6IkpXVCJ9.eyJ1c2VybmFtZSI6InJhY2hlbC5hZG1pbiIsInVzZXJfaWQiOjEsInByaXZpbGVnZSI6ImFkbWluIiwiaWF0IjoxNzAxNTkyNzIzLCJpc3MiOiJNSVQifQ.oDjROZTsY7ZOXLNoGcVcGP-VU3SHOo-Tg6qdvyNCIk8','2023-12-03 08:38:43'),
(1386,'rachel.admin','eyJhbGciOiJIUzI1NiIsInR5cCI6IkpXVCJ9.eyJ1c2VybmFtZSI6InJhY2hlbC5hZG1pbiIsInVzZXJfaWQiOjEsInByaXZpbGVnZSI6ImFkbWluIiwiaWF0IjoxNzAxNTkzMDM3LCJleHAiOjE3MDE1OTMzMzcsImlzcyI6Ik1JVCJ9.PFaEd5xx4KlaaPsdnJsZLuiNRSmFPXZqY0JP769Capc','2023-12-03 08:43:57'),
(1387,'rachel.admin','eyJhbGciOiJIUzI1NiIsInR5cCI6IkpXVCJ9.eyJ1c2VybmFtZSI6InJhY2hlbC5hZG1pbiIsInVzZXJfaWQiOjEsInByaXZpbGVnZSI6ImFkbWluIiwiaWF0IjoxNzAxNTk1MTM4LCJleHAiOjE3MDE1OTU0MzgsImlzcyI6Ik1JVCJ9.O1luJ3ME0Rvdh_anZd8keMJi2cpXDpcP7cGXk5PsV7w','2023-12-03 09:18:58'),
(1389,'rachel.admin','eyJhbGciOiJIUzI1NiIsInR5cCI6IkpXVCJ9.eyJ1c2VybmFtZSI6InJhY2hlbC5hZG1pbiIsInVzZXJfaWQiOjEsInByaXZpbGVnZSI6ImFkbWluIiwiaWF0IjoxNzAxNjA2MjM5LCJpc3MiOiJNSVQifQ.Jr80CGEY7jxyU9GYxWeAfYFsfqknXpyJIolELbcOr_k','2023-12-03 12:23:59'),
(1390,'rachel.admin','eyJhbGciOiJIUzI1NiIsInR5cCI6IkpXVCJ9.eyJ1c2VybmFtZSI6InJhY2hlbC5hZG1pbiIsInVzZXJfaWQiOjEsInByaXZpbGVnZSI6ImFkbWluIiwiaWF0IjoxNzAxNjEwMDAxLCJleHAiOjE3MDE2MTAzMDEsImlzcyI6Ik1JVCJ9.N0FAxrZBudfBz9OT48l5HUSw44-uZF__5fpkeKHbWcY','2023-12-03 13:26:41'),
(1391,'rachel.admin','eyJhbGciOiJIUzI1NiIsInR5cCI6IkpXVCJ9.eyJ1c2VybmFtZSI6InJhY2hlbC5hZG1pbiIsInVzZXJfaWQiOjEsInByaXZpbGVnZSI6ImFkbWluIiwiaWF0IjoxNzAxNjEwNjg3LCJleHAiOjE3MDE2MTA5ODcsImlzcyI6Ik1JVCJ9.Nz1fbBu00mws9evJg3AdXdx09wR43ezAETntOIVhfas','2023-12-03 13:38:07'),
(1392,'rachel.admin','eyJhbGciOiJIUzI1NiIsInR5cCI6IkpXVCJ9.eyJ1c2VybmFtZSI6InJhY2hlbC5hZG1pbiIsInVzZXJfaWQiOjEsInByaXZpbGVnZSI6ImFkbWluIiwiaWF0IjoxNzAxNjEzMjA2LCJleHAiOjE3MDE2MTM1MDYsImlzcyI6Ik1JVCJ9.bhTpjcLRz9FswJ53R3VFOjeot2BI3pi7qtOszDYUz-U','2023-12-03 14:20:06'),
(1393,'rachel.admin','eyJhbGciOiJIUzI1NiIsInR5cCI6IkpXVCJ9.eyJ1c2VybmFtZSI6InJhY2hlbC5hZG1pbiIsInVzZXJfaWQiOjEsInByaXZpbGVnZSI6ImFkbWluIiwiaWF0IjoxNzAxNjE1MzI4LCJleHAiOjE3MDE2MTU2MjgsImlzcyI6Ik1JVCJ9.UJ5rLTv_Ofu9spRiYmn-7JjQ7KjvlCO9dNmDx5uoTZs','2023-12-03 14:55:28'),
(1394,'rachel.admin','eyJhbGciOiJIUzI1NiIsInR5cCI6IkpXVCJ9.eyJ1c2VybmFtZSI6InJhY2hlbC5hZG1pbiIsInVzZXJfaWQiOjEsInByaXZpbGVnZSI6ImFkbWluIiwiaWF0IjoxNzAxNjQyOTA3LCJleHAiOjE3MDE2NDMyMDcsImlzcyI6Ik1JVCJ9.E-Hcxz1X5Qh52P5tLqBqZcA0IVYVwLVVAGV-zZm4Ci4','2023-12-03 22:35:07'),
(1427,'rachel.admin','eyJhbGciOiJIUzI1NiIsInR5cCI6IkpXVCJ9.eyJ1c2VybmFtZSI6InJhY2hlbC5hZG1pbiIsInVzZXJfaWQiOjEsInByaXZpbGVnZSI6ImFkbWluIiwiaWF0IjoxNzAxNzA1Nzk3LCJleHAiOjE3MDE3MDYwOTcsImlzcyI6Ik1JVCJ9.gS40TafQX3__GOpDlFuLea99Nqhn8MJGsgqmxPCrc2E','2023-12-04 16:03:17'),
(1429,'rachel.admin','eyJhbGciOiJIUzI1NiIsInR5cCI6IkpXVCJ9.eyJ1c2VybmFtZSI6InJhY2hlbC5hZG1pbiIsInVzZXJfaWQiOjEsInByaXZpbGVnZSI6ImFkbWluIiwiaWF0IjoxNzAxNzA2MTA2LCJleHAiOjE3MDE3MDY0MDYsImlzcyI6Ik1JVCJ9.AfKdf5rKbtecs_2SeOo6lE-kRaiGzzUWcjdS2bhkE5A','2023-12-04 16:08:26'),
(1430,'rachel.admin','eyJhbGciOiJIUzI1NiIsInR5cCI6IkpXVCJ9.eyJ1c2VybmFtZSI6InJhY2hlbC5hZG1pbiIsInVzZXJfaWQiOjEsInByaXZpbGVnZSI6ImFkbWluIiwiaWF0IjoxNzAxNzA2NzU4LCJleHAiOjE3MDE3MDcwNTgsImlzcyI6Ik1JVCJ9.kTerBX-9Vi7XOIxlrN6IGUr5OgUxUXIT5TZYGpRJEQc','2023-12-04 16:19:18'),
(1431,'rachel.admin','eyJhbGciOiJIUzI1NiIsInR5cCI6IkpXVCJ9.eyJ1c2VybmFtZSI6InJhY2hlbC5hZG1pbiIsInVzZXJfaWQiOjEsInByaXZpbGVnZSI6ImFkbWluIiwiaWF0IjoxNzAxNzA3MTEzLCJleHAiOjE3MDE3MDc0MTMsImlzcyI6Ik1JVCJ9.xnwjUn0m85eXmcRpF2f0FtbPQBX5L29smidkK7GeUbI','2023-12-04 16:25:13'),
(1432,'rachel.admin','eyJhbGciOiJIUzI1NiIsInR5cCI6IkpXVCJ9.eyJ1c2VybmFtZSI6InJhY2hlbC5hZG1pbiIsInVzZXJfaWQiOjEsInByaXZpbGVnZSI6ImFkbWluIiwiaWF0IjoxNzAxNzA3NTAxLCJleHAiOjE3MDE3MDc4MDEsImlzcyI6Ik1JVCJ9._Be3RKGGJaezr8cUhHskFSDu9WafktqEqpqkBjWu-pQ','2023-12-04 16:31:41'),
(1437,'rachel.admin','eyJhbGciOiJIUzI1NiIsInR5cCI6IkpXVCJ9.eyJ1c2VybmFtZSI6InJhY2hlbC5hZG1pbiIsInVzZXJfaWQiOjEsInByaXZpbGVnZSI6ImFkbWluIiwiaWF0IjoxNzAxNzM4NzU4LCJleHAiOjE3MDE3MzkwNTgsImlzcyI6Ik1JVCJ9.rzNccTofmIGCkJlZrDEMNBoNjr99c90UozDqBrMqwaE','2023-12-05 01:12:38'),
(1438,'rachel.admin','eyJhbGciOiJIUzI1NiIsInR5cCI6IkpXVCJ9.eyJ1c2VybmFtZSI6InJhY2hlbC5hZG1pbiIsInVzZXJfaWQiOjEsInByaXZpbGVnZSI6ImFkbWluIiwiaWF0IjoxNzAxNzM5MDg0LCJleHAiOjE3MDE3MzkzODQsImlzcyI6Ik1JVCJ9.ni1NvEv2qca_Hyvkn-IPy1jMdXPYgWgigshWuoWyE5E','2023-12-05 01:18:04'),
(1441,'rachel.admin','eyJhbGciOiJIUzI1NiIsInR5cCI6IkpXVCJ9.eyJ1c2VybmFtZSI6InJhY2hlbC5hZG1pbiIsInVzZXJfaWQiOjEsInByaXZpbGVnZSI6ImFkbWluIiwiaWF0IjoxNzAxNzM5NDg5LCJleHAiOjE3MDE3Mzk3ODksImlzcyI6Ik1JVCJ9.XIfzuAm0EU781VWwWYXO7gtaPDfPafDFeC43AHn-VxE','2023-12-05 01:24:49'),
(1443,'rachel.admin','eyJhbGciOiJIUzI1NiIsInR5cCI6IkpXVCJ9.eyJ1c2VybmFtZSI6InJhY2hlbC5hZG1pbiIsInVzZXJfaWQiOjEsInByaXZpbGVnZSI6ImFkbWluIiwiaWF0IjoxNzAxNzM5OTMyLCJleHAiOjE3MDE3NDAyMzIsImlzcyI6Ik1JVCJ9.HpU_TAu1CeJoPKX6xKgN6sVUgTlszO2ecOpdmtjQRZ8','2023-12-05 01:32:12'),
(1444,'rachel.admin','eyJhbGciOiJIUzI1NiIsInR5cCI6IkpXVCJ9.eyJ1c2VybmFtZSI6InJhY2hlbC5hZG1pbiIsInVzZXJfaWQiOjEsInByaXZpbGVnZSI6ImFkbWluIiwiaWF0IjoxNzAxNzQxNDA0LCJpc3MiOiJNSVQifQ.EX-7d8Y6JQOfteR6LlZRIy7rnunuyxDnLPbs9UtR-SI','2023-12-05 01:56:44'),
(1445,'rachel.admin','eyJhbGciOiJIUzI1NiIsInR5cCI6IkpXVCJ9.eyJ1c2VybmFtZSI6InJhY2hlbC5hZG1pbiIsInVzZXJfaWQiOjEsInByaXZpbGVnZSI6ImFkbWluIiwiaWF0IjoxNzAxNzQyMDg5LCJleHAiOjE3MDE3NDIzODksImlzcyI6Ik1JVCJ9.dHvTF8-3jjBLh5sxFYxMYFuQw3VAGfsT_k8mGkJBK5U','2023-12-05 02:08:09'),
(1446,'rachel.admin','eyJhbGciOiJIUzI1NiIsInR5cCI6IkpXVCJ9.eyJ1c2VybmFtZSI6InJhY2hlbC5hZG1pbiIsInVzZXJfaWQiOjEsInByaXZpbGVnZSI6ImFkbWluIiwiaWF0IjoxNzAxNzQyNDI1LCJleHAiOjE3MDE3NDI3MjUsImlzcyI6Ik1JVCJ9.M_KC0wcpQX9yx0cSuxKWYgbnPfMXmbNPRa-OTIV9GgA','2023-12-05 02:13:45'),
(1447,'rachel.admin','eyJhbGciOiJIUzI1NiIsInR5cCI6IkpXVCJ9.eyJ1c2VybmFtZSI6InJhY2hlbC5hZG1pbiIsInVzZXJfaWQiOjEsInByaXZpbGVnZSI6ImFkbWluIiwiaWF0IjoxNzAxNzQzMDI2LCJleHAiOjE3MDE3NDMzMjYsImlzcyI6Ik1JVCJ9.bqUlU95JrJxB7cPn5IkCLSS5LyVuaZSRptBkG1fe3HE','2023-12-05 02:23:46'),
(1448,'rachel.admin','eyJhbGciOiJIUzI1NiIsInR5cCI6IkpXVCJ9.eyJ1c2VybmFtZSI6InJhY2hlbC5hZG1pbiIsInVzZXJfaWQiOjEsInByaXZpbGVnZSI6ImFkbWluIiwiaWF0IjoxNzAxNzQzMzYyLCJleHAiOjE3MDE3NDM2NjIsImlzcyI6Ik1JVCJ9.GVrf8i9WL0KEtK_GBay-POcVSrVMJ-xTWhez-QdLRcs','2023-12-05 02:29:22'),
(1449,'rachel.admin','eyJhbGciOiJIUzI1NiIsInR5cCI6IkpXVCJ9.eyJ1c2VybmFtZSI6InJhY2hlbC5hZG1pbiIsInVzZXJfaWQiOjEsInByaXZpbGVnZSI6ImFkbWluIiwiaWF0IjoxNzAxNzQzNjY4LCJleHAiOjE3MDE3NDM5NjgsImlzcyI6Ik1JVCJ9.H2WD25mT2cijh47plwVP_BW8j3vBriwj8Xnk7DxLCJ0','2023-12-05 02:34:28'),
(1450,'rachel.admin','eyJhbGciOiJIUzI1NiIsInR5cCI6IkpXVCJ9.eyJ1c2VybmFtZSI6InJhY2hlbC5hZG1pbiIsInVzZXJfaWQiOjEsInByaXZpbGVnZSI6ImFkbWluIiwiaWF0IjoxNzAxNzQ0MDM5LCJleHAiOjE3MDE3NDQzMzksImlzcyI6Ik1JVCJ9.Kzc4QoeWlYuYTSs4uylb0GKVRCUzXiVDu7jYpIjRyqU','2023-12-05 02:40:39'),
(1451,'rachel.admin','eyJhbGciOiJIUzI1NiIsInR5cCI6IkpXVCJ9.eyJ1c2VybmFtZSI6InJhY2hlbC5hZG1pbiIsInVzZXJfaWQiOjEsInByaXZpbGVnZSI6ImFkbWluIiwiaWF0IjoxNzAxNzQ0Mzk5LCJleHAiOjE3MDE3NDQ2OTksImlzcyI6Ik1JVCJ9.yPfKpAaFmVB3AQ5Z8M1ndfJRWnkWuDMMcCUXEqd5WSc','2023-12-05 02:46:39'),
(1454,'rachel.admin','eyJhbGciOiJIUzI1NiIsInR5cCI6IkpXVCJ9.eyJ1c2VybmFtZSI6InJhY2hlbC5hZG1pbiIsInVzZXJfaWQiOjEsInByaXZpbGVnZSI6ImFkbWluIiwiaWF0IjoxNzAxNzQ2MDc1LCJleHAiOjE3MDE3NDYzNzUsImlzcyI6Ik1JVCJ9.6OUF99vLKncD5ivP5oQD57aEvY6rBKjMa-Xccq7FhJI','2023-12-05 03:14:35'),
(1455,'rachel.admin','eyJhbGciOiJIUzI1NiIsInR5cCI6IkpXVCJ9.eyJ1c2VybmFtZSI6InJhY2hlbC5hZG1pbiIsInVzZXJfaWQiOjEsInByaXZpbGVnZSI6ImFkbWluIiwiaWF0IjoxNzAxNzQ2Mzc5LCJleHAiOjE3MDE3NDY2NzksImlzcyI6Ik1JVCJ9.fA4_IpGC6xYV9SjmHin0qhD-UpeD23C75ugDMLH__kg','2023-12-05 03:19:39'),
(1459,'rachel.admin','eyJhbGciOiJIUzI1NiIsInR5cCI6IkpXVCJ9.eyJ1c2VybmFtZSI6InJhY2hlbC5hZG1pbiIsInVzZXJfaWQiOjEsInByaXZpbGVnZSI6ImFkbWluIiwiaWF0IjoxNzAyMjE1ODk2LCJpc3MiOiJNSVQifQ.bw8j8QOD526E5p-637nqs8tqtum6VGCy0zsgJdM_dRw','2023-12-10 13:44:56'),
(1466,'rachel.admin','eyJhbGciOiJIUzI1NiIsInR5cCI6IkpXVCJ9.eyJ1c2VybmFtZSI6InJhY2hlbC5hZG1pbiIsInVzZXJfaWQiOjEsInByaXZpbGVnZSI6ImFkbWluIiwiaWF0IjoxNzAyMzg2MzQzLCJleHAiOjE3MDIzODY2NDMsImlzcyI6Ik1JVCJ9.1K943GioWN-1-wPk0lIc0XrnVYwA5zymg-7yGrDkJCU','2023-12-12 13:05:43'),
(1467,'rachel.admin','eyJhbGciOiJIUzI1NiIsInR5cCI6IkpXVCJ9.eyJ1c2VybmFtZSI6InJhY2hlbC5hZG1pbiIsInVzZXJfaWQiOjEsInByaXZpbGVnZSI6ImFkbWluIiwiaWF0IjoxNzAyMzg2NzA2LCJleHAiOjE3MDIzODcwMDYsImlzcyI6Ik1JVCJ9.iiB2dcpXTrvk2ByiIYoIt8DawUlTrnjhh1RHh-q0pb0','2023-12-12 13:11:46'),
(1468,'rachel.admin','eyJhbGciOiJIUzI1NiIsInR5cCI6IkpXVCJ9.eyJ1c2VybmFtZSI6InJhY2hlbC5hZG1pbiIsInVzZXJfaWQiOjEsInByaXZpbGVnZSI6ImFkbWluIiwiaWF0IjoxNzAyMzg3MDM3LCJleHAiOjE3MDIzODczMzcsImlzcyI6Ik1JVCJ9.-Oj6cnmrLGwH1cQDnmNFrG7llPiM2E5hOp-3RV5qkV0','2023-12-12 13:17:17'),
(1471,'rachel.admin','eyJhbGciOiJIUzI1NiIsInR5cCI6IkpXVCJ9.eyJ1c2VybmFtZSI6InJhY2hlbC5hZG1pbiIsInVzZXJfaWQiOjEsInByaXZpbGVnZSI6ImFkbWluIiwiaWF0IjoxNzAyNTE4ODU5LCJleHAiOjE3MDI1MTkxNTksImlzcyI6Ik1JVCJ9.TzLMwr33DVkQCo_RCcxNjRk_jqx3Wqp0pPEqgcSDCbA','2023-12-14 01:54:19'),
(1473,'rachel.admin','eyJhbGciOiJIUzI1NiIsInR5cCI6IkpXVCJ9.eyJ1c2VybmFtZSI6InJhY2hlbC5hZG1pbiIsInVzZXJfaWQiOjEsInByaXZpbGVnZSI6ImFkbWluIiwiaWF0IjoxNzAyNTE5NDIyLCJleHAiOjE3MDI1MTk3MjIsImlzcyI6Ik1JVCJ9.NEwiugzyTmkIO6Q4IeZEj0DxZE1o8SDJKaZtxFmBhEk','2023-12-14 02:03:42'),
(1475,'rachel.admin','eyJhbGciOiJIUzI1NiIsInR5cCI6IkpXVCJ9.eyJ1c2VybmFtZSI6InJhY2hlbC5hZG1pbiIsInVzZXJfaWQiOjEsInByaXZpbGVnZSI6ImFkbWluIiwiaWF0IjoxNzAyNTIwMTAwLCJleHAiOjE3MDI1MjA0MDAsImlzcyI6Ik1JVCJ9.uls1XuRT8hCCscH_CBfTC07lyHwL0P3ata-MbJHCLvI','2023-12-14 02:15:00'),
(1478,'rachel.admin','eyJhbGciOiJIUzI1NiIsInR5cCI6IkpXVCJ9.eyJ1c2VybmFtZSI6InJhY2hlbC5hZG1pbiIsInVzZXJfaWQiOjEsInByaXZpbGVnZSI6ImFkbWluIiwiaWF0IjoxNzAyNTIwNDM2LCJleHAiOjE3MDI1MjA3MzYsImlzcyI6Ik1JVCJ9.pxGxuq5emhrCdzEHvDTN2fwIVOAQSUHRgF62X5JCSL8','2023-12-14 02:20:36'),
(1479,'rachel.admin','eyJhbGciOiJIUzI1NiIsInR5cCI6IkpXVCJ9.eyJ1c2VybmFtZSI6InJhY2hlbC5hZG1pbiIsInVzZXJfaWQiOjEsInByaXZpbGVnZSI6ImFkbWluIiwiaWF0IjoxNzAyNTIwNTk3LCJpc3MiOiJNSVQifQ.Bulys-GJA3svULDi9T-TfTzSnDRUFBAN8UCqPNn-gaQ','2023-12-14 02:23:17'),
(1483,'rachel.admin','eyJhbGciOiJIUzI1NiIsInR5cCI6IkpXVCJ9.eyJ1c2VybmFtZSI6InJhY2hlbC5hZG1pbiIsInVzZXJfaWQiOjEsInByaXZpbGVnZSI6ImFkbWluIiwiaWF0IjoxNzAyNTIxMjM2LCJleHAiOjE3MDI1MjE1MzYsImlzcyI6Ik1JVCJ9.ekOOi-2_xnSw4oeeGkhnrcG_SZiZZCuhVH7GvvH9MJM','2023-12-14 02:33:56'),
(1484,'rachel.admin','eyJhbGciOiJIUzI1NiIsInR5cCI6IkpXVCJ9.eyJ1c2VybmFtZSI6InJhY2hlbC5hZG1pbiIsInVzZXJfaWQiOjEsInByaXZpbGVnZSI6ImFkbWluIiwiaWF0IjoxNzAyNTIxNTM5LCJleHAiOjE3MDI1MjE4MzksImlzcyI6Ik1JVCJ9.z7OreQPrR3lDyTew9_bKl5P7j0aH2OQgvnlW0JGLQgI','2023-12-14 02:38:59'),
(1487,'rachel.admin','eyJhbGciOiJIUzI1NiIsInR5cCI6IkpXVCJ9.eyJ1c2VybmFtZSI6InJhY2hlbC5hZG1pbiIsInVzZXJfaWQiOjEsInByaXZpbGVnZSI6ImFkbWluIiwiaWF0IjoxNzAyNTIxOTQ0LCJleHAiOjE3MDI1MjIyNDQsImlzcyI6Ik1JVCJ9.9p4RwbkNM8IImv988gnuJCFTghtxmfYksm5_mqxBAro','2023-12-14 02:45:44'),
(1488,'rachel.admin','eyJhbGciOiJIUzI1NiIsInR5cCI6IkpXVCJ9.eyJ1c2VybmFtZSI6InJhY2hlbC5hZG1pbiIsInVzZXJfaWQiOjEsInByaXZpbGVnZSI6ImFkbWluIiwiaWF0IjoxNzAyNTIyMjczLCJleHAiOjE3MDI1MjI1NzMsImlzcyI6Ik1JVCJ9.nU4b2RXnA18-mcbi5buBeNPQPqL0-hGzb3YABtBdGfA','2023-12-14 02:51:13'),
(1492,'rachel.admin','eyJhbGciOiJIUzI1NiIsInR5cCI6IkpXVCJ9.eyJ1c2VybmFtZSI6InJhY2hlbC5hZG1pbiIsInVzZXJfaWQiOjEsInByaXZpbGVnZSI6ImFkbWluIiwiaWF0IjoxNzAyNTIyNDQ2LCJpc3MiOiJNSVQifQ.8-eHk8RH9G4ON8zh4XLB1gXGbAYgPTgdDzrAMyhvdHY','2023-12-14 02:54:06'),
(1494,'rachel.admin','eyJhbGciOiJIUzI1NiIsInR5cCI6IkpXVCJ9.eyJ1c2VybmFtZSI6InJhY2hlbC5hZG1pbiIsInVzZXJfaWQiOjEsInByaXZpbGVnZSI6ImFkbWluIiwiaWF0IjoxNzAyNTIzMzA2LCJleHAiOjE3MDI1MjM2MDYsImlzcyI6Ik1JVCJ9.NMb7hVR9BsX1NYzZkd1ujidW9NsL48qvs5HOzc8u5ro','2023-12-14 03:08:26'),
(1501,'rachel.admin','eyJhbGciOiJIUzI1NiIsInR5cCI6IkpXVCJ9.eyJ1c2VybmFtZSI6InJhY2hlbC5hZG1pbiIsInVzZXJfaWQiOjEsInByaXZpbGVnZSI6ImFkbWluIiwiaWF0IjoxNzAyNjA3OTA2LCJpc3MiOiJNSVQifQ.FMs8_f7fEsu7oL40qblYIvou3LlLZbeYb5ZreqQIvZU','2023-12-15 02:38:26'),
(1503,'rachel.admin','eyJhbGciOiJIUzI1NiIsInR5cCI6IkpXVCJ9.eyJ1c2VybmFtZSI6InJhY2hlbC5hZG1pbiIsInVzZXJfaWQiOjEsInByaXZpbGVnZSI6ImFkbWluIiwiaWF0IjoxNzAyNjA5Mjc4LCJleHAiOjE3MDI2MDk1NzgsImlzcyI6Ik1JVCJ9.h7m_eEugUdRMh5P_mI1BTihUUFs643jirLVxQvS_hD4','2023-12-15 03:01:18'),
(1507,'rachel.admin','eyJhbGciOiJIUzI1NiIsInR5cCI6IkpXVCJ9.eyJ1c2VybmFtZSI6InJhY2hlbC5hZG1pbiIsInVzZXJfaWQiOjEsInByaXZpbGVnZSI6ImFkbWluIiwiaWF0IjoxNzAyNjEwMTI0LCJleHAiOjE3MDI2MTA0MjQsImlzcyI6Ik1JVCJ9.KdZ3ngDjeuha5VFvh74r5L1LORcdzPiYDo_RAngPy54','2023-12-15 03:15:24'),
(1511,'rachel.admin','eyJhbGciOiJIUzI1NiIsInR5cCI6IkpXVCJ9.eyJ1c2VybmFtZSI6InJhY2hlbC5hZG1pbiIsInVzZXJfaWQiOjEsInByaXZpbGVnZSI6ImFkbWluIiwiaWF0IjoxNzAyNjEwOTg2LCJleHAiOjE3MDI2MTEyODYsImlzcyI6Ik1JVCJ9.vUtNCBJzOEzQjY1eLfCR2MwsVJvV6SZbcCbpdX5LFOM','2023-12-15 03:29:46'),
(1514,'rachel.admin','eyJhbGciOiJIUzI1NiIsInR5cCI6IkpXVCJ9.eyJ1c2VybmFtZSI6InJhY2hlbC5hZG1pbiIsInVzZXJfaWQiOjEsInByaXZpbGVnZSI6ImFkbWluIiwiaWF0IjoxNzAyNjExMzEzLCJleHAiOjE3MDI2MTE2MTMsImlzcyI6Ik1JVCJ9.rNdPF62Rg0Am6KMWw2BnZkV2tXDSVV7fHA_1HN-qTLo','2023-12-15 03:35:13'),
(1516,'rachel.admin','eyJhbGciOiJIUzI1NiIsInR5cCI6IkpXVCJ9.eyJ1c2VybmFtZSI6InJhY2hlbC5hZG1pbiIsInVzZXJfaWQiOjEsInByaXZpbGVnZSI6ImFkbWluIiwiaWF0IjoxNzAyNjExNzA5LCJleHAiOjE3MDI2MTIwMDksImlzcyI6Ik1JVCJ9.L2xJ48Y6Sca6Qk6sGvBOn17hEtIzHiUcGblcu6pJdbo','2023-12-15 03:41:49'),
(1517,'rachel.admin','eyJhbGciOiJIUzI1NiIsInR5cCI6IkpXVCJ9.eyJ1c2VybmFtZSI6InJhY2hlbC5hZG1pbiIsInVzZXJfaWQiOjEsInByaXZpbGVnZSI6ImFkbWluIiwiaWF0IjoxNzAyNjExNzA5LCJleHAiOjE3MDI2MTIwMDksImlzcyI6Ik1JVCJ9.L2xJ48Y6Sca6Qk6sGvBOn17hEtIzHiUcGblcu6pJdbo','2023-12-15 03:41:49'),
(1518,'rachel.admin','eyJhbGciOiJIUzI1NiIsInR5cCI6IkpXVCJ9.eyJ1c2VybmFtZSI6InJhY2hlbC5hZG1pbiIsInVzZXJfaWQiOjEsInByaXZpbGVnZSI6ImFkbWluIiwiaWF0IjoxNzAyNjExNzA5LCJleHAiOjE3MDI2MTIwMDksImlzcyI6Ik1JVCJ9.L2xJ48Y6Sca6Qk6sGvBOn17hEtIzHiUcGblcu6pJdbo','2023-12-15 03:41:49'),
(1519,'rachel.admin','eyJhbGciOiJIUzI1NiIsInR5cCI6IkpXVCJ9.eyJ1c2VybmFtZSI6InJhY2hlbC5hZG1pbiIsInVzZXJfaWQiOjEsInByaXZpbGVnZSI6ImFkbWluIiwiaWF0IjoxNzAyNjExNzA5LCJleHAiOjE3MDI2MTIwMDksImlzcyI6Ik1JVCJ9.L2xJ48Y6Sca6Qk6sGvBOn17hEtIzHiUcGblcu6pJdbo','2023-12-15 03:41:49'),
(1520,'rachel.admin','eyJhbGciOiJIUzI1NiIsInR5cCI6IkpXVCJ9.eyJ1c2VybmFtZSI6InJhY2hlbC5hZG1pbiIsInVzZXJfaWQiOjEsInByaXZpbGVnZSI6ImFkbWluIiwiaWF0IjoxNzAyNjExNzA5LCJleHAiOjE3MDI2MTIwMDksImlzcyI6Ik1JVCJ9.L2xJ48Y6Sca6Qk6sGvBOn17hEtIzHiUcGblcu6pJdbo','2023-12-15 03:41:49'),
(1524,'rachel.admin','eyJhbGciOiJIUzI1NiIsInR5cCI6IkpXVCJ9.eyJ1c2VybmFtZSI6InJhY2hlbC5hZG1pbiIsInVzZXJfaWQiOjEsInByaXZpbGVnZSI6ImFkbWluIiwiaWF0IjoxNzAyNjEyMDEzLCJpc3MiOiJNSVQifQ.UY2XiXxmczqpa9rpBLrFfzc82DR8Rd_SYZ82Bj_bV-A','2023-12-15 03:46:53'),
(1525,'rachel.admin','eyJhbGciOiJIUzI1NiIsInR5cCI6IkpXVCJ9.eyJ1c2VybmFtZSI6InJhY2hlbC5hZG1pbiIsInVzZXJfaWQiOjEsInByaXZpbGVnZSI6ImFkbWluIiwiaWF0IjoxNzAyNjEyODgyLCJleHAiOjE3MDI2MTMxODIsImlzcyI6Ik1JVCJ9.0w2zVSyEDjlYtJoeeolywHMh0Nf89qoKcBvrU5Ivo2U','2023-12-15 04:01:22'),
(1527,'rachel.admin','eyJhbGciOiJIUzI1NiIsInR5cCI6IkpXVCJ9.eyJ1c2VybmFtZSI6InJhY2hlbC5hZG1pbiIsInVzZXJfaWQiOjEsInByaXZpbGVnZSI6ImFkbWluIiwiaWF0IjoxNzAyNjEzNjAyLCJleHAiOjE3MDI2MTM5MDIsImlzcyI6Ik1JVCJ9.h6syFak2ioWttbSHSsqIRLgR1L8AmnEhud8qUWPUBZY','2023-12-15 04:13:22'),
(1529,'rachel.admin','eyJhbGciOiJIUzI1NiIsInR5cCI6IkpXVCJ9.eyJ1c2VybmFtZSI6InJhY2hlbC5hZG1pbiIsInVzZXJfaWQiOjEsInByaXZpbGVnZSI6ImFkbWluIiwiaWF0IjoxNzAyNjEzOTYwLCJleHAiOjE3MDI2MTQyNjAsImlzcyI6Ik1JVCJ9.HsWuMmomv6Thtcj1rCkNf0HR7jy3_QFZLmmXiCap6GA','2023-12-15 04:19:20'),
(1536,'rachel.admin','eyJhbGciOiJIUzI1NiIsInR5cCI6IkpXVCJ9.eyJ1c2VybmFtZSI6InJhY2hlbC5hZG1pbiIsInVzZXJfaWQiOjEsInByaXZpbGVnZSI6ImFkbWluIiwiaWF0IjoxNzAyNjE0ODE0LCJleHAiOjE3MDI2MTUxMTQsImlzcyI6Ik1JVCJ9.VvqWlcfpAjaz2OeU1ZocAHmKIXNMdNGAqqNmUFbsTpw','2023-12-15 04:33:34'),
(1537,'rachel.admin','eyJhbGciOiJIUzI1NiIsInR5cCI6IkpXVCJ9.eyJ1c2VybmFtZSI6InJhY2hlbC5hZG1pbiIsInVzZXJfaWQiOjEsInByaXZpbGVnZSI6ImFkbWluIiwiaWF0IjoxNzAyNjE2OTAwLCJleHAiOjE3MDI2MTcyMDAsImlzcyI6Ik1JVCJ9.Mczh-3P9nEheES89lnlEuGHd4p6Ct1VPmxC_r5ce7cQ','2023-12-15 05:08:20'),
(1538,'rachel.admin','eyJhbGciOiJIUzI1NiIsInR5cCI6IkpXVCJ9.eyJ1c2VybmFtZSI6InJhY2hlbC5hZG1pbiIsInVzZXJfaWQiOjEsInByaXZpbGVnZSI6ImFkbWluIiwiaWF0IjoxNzAyNjE3MjAyLCJleHAiOjE3MDI2MTc1MDIsImlzcyI6Ik1JVCJ9.fsYosxR7ByZ5XMMzz2HDcyIuVIOa1oZ-xlXqcxPcGhg','2023-12-15 05:13:22'),
(1541,'rachel.admin','eyJhbGciOiJIUzI1NiIsInR5cCI6IkpXVCJ9.eyJ1c2VybmFtZSI6InJhY2hlbC5hZG1pbiIsInVzZXJfaWQiOjEsInByaXZpbGVnZSI6ImFkbWluIiwiaWF0IjoxNzAyNjE3NjIyLCJleHAiOjE3MDI2MTc5MjIsImlzcyI6Ik1JVCJ9.FRDbRsjI-XfxYr5QgYygYny5QgLyZveXTnxPczunmCU','2023-12-15 05:20:22'),
(1545,'rachel.admin','eyJhbGciOiJIUzI1NiIsInR5cCI6IkpXVCJ9.eyJ1c2VybmFtZSI6InJhY2hlbC5hZG1pbiIsInVzZXJfaWQiOjEsInByaXZpbGVnZSI6ImFkbWluIiwiaWF0IjoxNzAyNjE5NTIyLCJleHAiOjE3MDI2MTk4MjIsImlzcyI6Ik1JVCJ9.u-if0iPevEV0Gpe1NT000wSB8fg3MhtLS402H8FyXXc','2023-12-15 05:52:02'),
(1547,'gecagan278@cumzle.com','eyJhbGciOiJIUzI1NiIsInR5cCI6IkpXVCJ9.eyJ1c2VybmFtZSI6ImdlY2FnYW4yNzhAY3VtemxlLmNvbSIsInVzZXJfaWQiOjIzLCJwcml2aWxlZ2UiOiJzdHVkZW50IiwiaWF0IjoxNzAyNjE5NTc2LCJpc3MiOiJNSVQifQ.Xt-86ic8lJ47QyhHDtmDfFIjJZ1a5BxbcJ1Lel2YM1M','2023-12-15 05:52:56');
/*!40000 ALTER TABLE `refresh_token` ENABLE KEYS */;
UNLOCK TABLES;

--
-- Temporary table structure for view `renewal_details`
--

DROP TABLE IF EXISTS `renewal_details`;
/*!50001 DROP VIEW IF EXISTS `renewal_details`*/;
SET @saved_cs_client     = @@character_set_client;
SET character_set_client = utf8;
/*!50001 CREATE VIEW `renewal_details` AS SELECT
 1 AS `renewal_id`,
  1 AS `transaction_id`,
  1 AS `user_id`,
  1 AS `fullname`,
  1 AS `department`,
  1 AS `title`,
  1 AS `renewal_days`,
  1 AS `original_due_date`,
  1 AS `new_due_date`,
  1 AS `approval_status` */;
SET character_set_client = @saved_cs_client;

--
-- Temporary table structure for view `transactions_book`
--

DROP TABLE IF EXISTS `transactions_book`;
/*!50001 DROP VIEW IF EXISTS `transactions_book`*/;
SET @saved_cs_client     = @@character_set_client;
SET character_set_client = utf8;
/*!50001 CREATE VIEW `transactions_book` AS SELECT
 1 AS `transaction_id`,
  1 AS `user_id`,
  1 AS `title`,
  1 AS `author_name`,
  1 AS `fullname`,
  1 AS `department`,
  1 AS `transaction_type`,
  1 AS `transaction_date`,
  1 AS `due_date`,
  1 AS `status`,
  1 AS `last_date`,
  1 AS `img_path` */;
SET character_set_client = @saved_cs_client;

--
-- Temporary table structure for view `transactions_pending`
--

DROP TABLE IF EXISTS `transactions_pending`;
/*!50001 DROP VIEW IF EXISTS `transactions_pending`*/;
SET @saved_cs_client     = @@character_set_client;
SET character_set_client = utf8;
/*!50001 CREATE VIEW `transactions_pending` AS SELECT
 1 AS `pending_transaction_id`,
  1 AS `user_id`,
  1 AS `title`,
  1 AS `fullname`,
  1 AS `department`,
  1 AS `transaction_type`,
  1 AS `status`,
  1 AS `request_date`,
  1 AS `approve_date`,
  1 AS `img_path` */;
SET character_set_client = @saved_cs_client;

--
-- Table structure for table `user_contribution`
--

DROP TABLE IF EXISTS `user_contribution`;
/*!40101 SET @saved_cs_client     = @@character_set_client */;
/*!40101 SET character_set_client = utf8 */;
CREATE TABLE `user_contribution` (
  `contribution_id` int(11) NOT NULL AUTO_INCREMENT,
  `user_id` int(11) NOT NULL,
  `file_title` varchar(255) NOT NULL,
  `file_author_id` int(11) NOT NULL,
  `file_category_id` int(11) NOT NULL,
  `file_publisher_id` int(11) NOT NULL,
  `file_path` varchar(255) DEFAULT NULL,
  `uploaded_date` datetime DEFAULT current_timestamp(),
  `updated_date` datetime DEFAULT current_timestamp() ON UPDATE current_timestamp(),
  `file_total_downloads` int(11) DEFAULT 0,
  `file_description` text NOT NULL,
  `file_status` enum('accepted','cancelled','pending','removed') DEFAULT 'pending',
  `user_status` enum('active','removed') DEFAULT 'active',
  PRIMARY KEY (`contribution_id`),
  KEY `user_id` (`user_id`),
  CONSTRAINT `user_contribution_ibfk_1` FOREIGN KEY (`user_id`) REFERENCES `user_info` (`user_id`)
) ENGINE=InnoDB AUTO_INCREMENT=43 DEFAULT CHARSET=utf8mb4 COLLATE=utf8mb4_unicode_ci;
/*!40101 SET character_set_client = @saved_cs_client */;

--
-- Dumping data for table `user_contribution`
--

LOCK TABLES `user_contribution` WRITE;
/*!40000 ALTER TABLE `user_contribution` DISABLE KEYS */;
INSERT INTO `user_contribution` VALUES
(39,21,'the invisible man',39,36,31,'the-invisible-man-1702518859141.pdf','2023-12-14 09:54:19','2023-12-15 12:23:01',0,'\"Very useful things indeed they are, sir,\" said Mrs. Hall.\n\n\"And I\'m very naturally anxious to get on with my inquiries.\"\n\n\"Of course, sir.\"\n\n\"My reason for coming to Iping,\" he proceeded, with a certain deliberation of manner, \"was ... a desire for solitude. I do not wish to be disturbed in my work. In addition to my work, an accident--\"\n\n\"I thought as much,\" said Mrs. Hall to herself.\n\n\"--necessitates a certain retirement. My eyes--are sometimes so weak and painful that I have to shut myself up in the dark for hours together. Lock myself up. Sometimes--now and then. Not at present, certainly. At such times the slightest disturbance, the entry of a stranger into the room, is a source of excruciating annoyance to me--it is well these things should be understood.\"\n\n\"Certainly, sir,\" said Mrs. Hall. \"And if I might make so bold as to ask--\"\n\n\"That I think, is all,\" said the stranger, with that quietly irresistible ','accepted','active'),
(40,22,'lady tanglewood',40,37,31,'lady-tanglewood-1702521943924.epub','2023-12-14 10:45:43','2023-12-15 12:22:06',0,'Nari knows the rumors about Arrowood. Forbidden magic. Illegal crossbreeding. Strange howls in the night. Should she go through with the wedding anyway?\n\nAs Nari rides toward Arrowood and her new home, her head is elsewhere. Soon, she will be marrying the clan chief’s handsome son.\n\nTheir rites of binding must go off without a hitch. Every detail of the ceremony needs to demonstrate unity between the two rival clans, as Nari of Tanglewood weds Mordahn of Arrowood.\n\nNari hears the sound of horses’ hooves pounding the trail up ahead and frowns. Why is her fiancé riding out to greet her, here in this isolated stretch of road, wearing chainmail and bearing arms?','accepted','active'),
(41,23,'the complete works of william shakespeare',41,38,31,'the-complete-works-of-william-shakespeare-1702613602273.epub','2023-12-15 12:13:22','2023-12-15 12:19:33',0,'the world will wail thee like a makeless wife,\r\nthe world will be thy widow and still weep,\r\nthat thou no form of thee hast left behind,\r\nwhen every private widow well may keep,\r\nby children\'s eyes, her husband\'s shape in mind:\r\nlook what an unthrift in the world doth spend\r\nshifts but his place, for still the world enjoys it;\r\nbut beauty\'s waste hath in the world an end,\r\nand kept unused the user so destroys it:\r\nno love toward others in that bosom sits\r\nthat on himself such murd\'rous shame commits.\r\n\r\n10\r\nfor shame deny that thou bear\'st love to any\r\nwho for thy self art so unprovident.\r\ngrant if thou wilt, thou art beloved of many,\r\nbut that thou none lov\'st is most evident:\r\nfor thou art so possessed with murd\'rous hate,\r\nthat \'gainst thy self thou stick\'st not to conspire,\r\nseeking that beauteous roof to ruinate\r\nwhich to repair should be thy chief desire:\r\no change thy thought, that i may change my mind,\r\nshall hate be fairer lodged than ','accepted','active'),
(42,23,'the hound of the baskervilles',42,39,31,'the-hound-of-the-baskervilles-1702613757586.pdf','2023-12-15 12:15:57','2023-12-15 12:15:57',0,'upon the farm and carried off the maiden, her father and brothers being from home, as he well knew. when they had brought her to the hall the maiden was placed in an upper chamber, while hugo and his friends sat down to a long carouse, as was their nightly custom. now, the poor lass upstairs was like to have her wits turned at the singing and shouting and terrible oaths which came up to her from below, for they say that the words used by hugo baskerville, when he was in wine, were such as might blast the man who said them. at last in the stress of her fear she did that which might have daunted the bravest or most active man, for by the aid of the growth of ivy which covered (and still covers) the south wall she came down from under the eaves, and so homeward across the moor, there being three leagues betwixt the hall and her father\'s farm.\r\n\r\n\"it chanced that some little time later hugo left his guests to carry food and drink--with other worse things, perchance--to his captive, and so found the cage empty','pending','active');
/*!40000 ALTER TABLE `user_contribution` ENABLE KEYS */;
UNLOCK TABLES;

--
-- Table structure for table `user_contribution_authors`
--

DROP TABLE IF EXISTS `user_contribution_authors`;
/*!40101 SET @saved_cs_client     = @@character_set_client */;
/*!40101 SET character_set_client = utf8 */;
CREATE TABLE `user_contribution_authors` (
  `author_id` int(11) NOT NULL AUTO_INCREMENT,
  `author_fullname` varchar(255) NOT NULL,
  `created_at` datetime DEFAULT current_timestamp(),
  `updated_at` datetime DEFAULT current_timestamp() ON UPDATE current_timestamp(),
  PRIMARY KEY (`author_id`),
  UNIQUE KEY `author_fullname` (`author_fullname`)
) ENGINE=InnoDB AUTO_INCREMENT=43 DEFAULT CHARSET=utf8mb4 COLLATE=utf8mb4_unicode_ci;
/*!40101 SET character_set_client = @saved_cs_client */;

--
-- Dumping data for table `user_contribution_authors`
--

LOCK TABLES `user_contribution_authors` WRITE;
/*!40000 ALTER TABLE `user_contribution_authors` DISABLE KEYS */;
INSERT INTO `user_contribution_authors` VALUES
(39,'h. g. wells','2023-12-14 09:54:19','2023-12-15 12:26:30'),
(40,'toni cabel','2023-12-14 10:45:43','2023-12-15 12:25:28'),
(41,'william shakespeare','2023-12-15 12:13:22','2023-12-15 12:13:22'),
(42,' arthur conan doyle','2023-12-15 12:15:57','2023-12-15 12:15:57');
/*!40000 ALTER TABLE `user_contribution_authors` ENABLE KEYS */;
UNLOCK TABLES;

--
-- Table structure for table `user_contribution_category`
--

DROP TABLE IF EXISTS `user_contribution_category`;
/*!40101 SET @saved_cs_client     = @@character_set_client */;
/*!40101 SET character_set_client = utf8 */;
CREATE TABLE `user_contribution_category` (
  `category_id` int(11) NOT NULL AUTO_INCREMENT,
  `category_name` varchar(255) NOT NULL,
  `created_at` datetime DEFAULT current_timestamp(),
  `updated_at` datetime DEFAULT current_timestamp() ON UPDATE current_timestamp(),
  PRIMARY KEY (`category_id`),
  UNIQUE KEY `category_name` (`category_name`)
) ENGINE=InnoDB AUTO_INCREMENT=40 DEFAULT CHARSET=utf8mb4 COLLATE=utf8mb4_unicode_ci;
/*!40101 SET character_set_client = @saved_cs_client */;

--
-- Dumping data for table `user_contribution_category`
--

LOCK TABLES `user_contribution_category` WRITE;
/*!40000 ALTER TABLE `user_contribution_category` DISABLE KEYS */;
INSERT INTO `user_contribution_category` VALUES
(36,'science fiction, science, detective','2023-12-14 09:54:19','2023-12-14 09:54:19'),
(37,'horror/romance, true crime, thriller','2023-12-14 10:45:43','2023-12-14 10:45:43'),
(38,'drama, poetry, fiction and literature','2023-12-15 12:13:22','2023-12-15 12:13:22'),
(39,'mystery/detective, fiction and literature','2023-12-15 12:15:57','2023-12-15 12:15:57');
/*!40000 ALTER TABLE `user_contribution_category` ENABLE KEYS */;
UNLOCK TABLES;

--
-- Table structure for table `user_contribution_publisher`
--

DROP TABLE IF EXISTS `user_contribution_publisher`;
/*!40101 SET @saved_cs_client     = @@character_set_client */;
/*!40101 SET character_set_client = utf8 */;
CREATE TABLE `user_contribution_publisher` (
  `publisher_id` int(11) NOT NULL AUTO_INCREMENT,
  `publisher_name` varchar(255) NOT NULL,
  `created_at` datetime DEFAULT current_timestamp(),
  `updated_at` datetime DEFAULT current_timestamp() ON UPDATE current_timestamp(),
  PRIMARY KEY (`publisher_id`),
  UNIQUE KEY `publisher_name` (`publisher_name`)
) ENGINE=InnoDB AUTO_INCREMENT=32 DEFAULT CHARSET=utf8mb4 COLLATE=utf8mb4_unicode_ci;
/*!40101 SET character_set_client = @saved_cs_client */;

--
-- Dumping data for table `user_contribution_publisher`
--

LOCK TABLES `user_contribution_publisher` WRITE;
/*!40000 ALTER TABLE `user_contribution_publisher` DISABLE KEYS */;
INSERT INTO `user_contribution_publisher` VALUES
(31,'manybooks','2023-12-14 09:54:19','2023-12-14 09:54:19');
/*!40000 ALTER TABLE `user_contribution_publisher` ENABLE KEYS */;
UNLOCK TABLES;

--
-- Temporary table structure for view `user_details`
--

DROP TABLE IF EXISTS `user_details`;
/*!50001 DROP VIEW IF EXISTS `user_details`*/;
SET @saved_cs_client     = @@character_set_client;
SET character_set_client = utf8;
/*!50001 CREATE VIEW `user_details` AS SELECT
 1 AS `user_id`,
  1 AS `fullname`,
  1 AS `id_number`,
  1 AS `department`,
  1 AS `email_address`,
  1 AS `img_path`,
  1 AS `user_status`,
  1 AS `created_at`,
  1 AS `updated_at`,
  1 AS `total_amount`,
  1 AS `edited_at` */;
SET character_set_client = @saved_cs_client;

--
-- Table structure for table `user_info`
--

DROP TABLE IF EXISTS `user_info`;
/*!40101 SET @saved_cs_client     = @@character_set_client */;
/*!40101 SET character_set_client = utf8 */;
CREATE TABLE `user_info` (
  `user_id` int(11) NOT NULL AUTO_INCREMENT,
  `id_number` int(11) NOT NULL,
  `fullname` varchar(255) DEFAULT NULL,
  `department` varchar(100) NOT NULL,
  `user_status` enum('inactive','active') DEFAULT 'inactive',
  `created_at` timestamp NULL DEFAULT current_timestamp(),
  `updated_at` timestamp NULL DEFAULT current_timestamp() ON UPDATE current_timestamp(),
  `role` varchar(100) NOT NULL,
  `edited_at` timestamp NULL DEFAULT current_timestamp(),
  PRIMARY KEY (`user_id`),
  UNIQUE KEY `id_number` (`id_number`)
) ENGINE=InnoDB AUTO_INCREMENT=24 DEFAULT CHARSET=utf8mb4 COLLATE=utf8mb4_unicode_ci;
/*!40101 SET character_set_client = @saved_cs_client */;

--
-- Dumping data for table `user_info`
--

LOCK TABLES `user_info` WRITE;
/*!40000 ALTER TABLE `user_info` DISABLE KEYS */;
INSERT INTO `user_info` VALUES
(21,20170094,'jeffrey c. alerta ','bsit','inactive','2023-12-11 15:07:52','2023-12-15 05:52:51','faculty staff','2023-12-11 15:07:52'),
(22,20210401,'helena nina t. telin ','bshm','inactive','2023-12-14 02:19:17','2023-12-15 04:25:36','student','2023-12-14 02:19:17'),
(23,20210253,'sofia elizabeth b. descartin ','beed','active','2023-12-15 03:39:35','2023-12-15 05:52:56','student','2023-12-15 03:39:35');
/*!40000 ALTER TABLE `user_info` ENABLE KEYS */;
UNLOCK TABLES;

--
-- Table structure for table `user_lists`
--

DROP TABLE IF EXISTS `user_lists`;
/*!40101 SET @saved_cs_client     = @@character_set_client */;
/*!40101 SET character_set_client = utf8 */;
CREATE TABLE `user_lists` (
  `list_id` int(11) NOT NULL AUTO_INCREMENT,
  `user_id` int(11) NOT NULL,
  `list_name` varchar(255) DEFAULT NULL,
  `created_at` datetime DEFAULT current_timestamp(),
  `list_status` tinyint(1) DEFAULT 0,
  `list_desc` text DEFAULT NULL,
  PRIMARY KEY (`list_id`),
  UNIQUE KEY `list_name` (`list_name`),
  KEY `user_id` (`user_id`),
  CONSTRAINT `user_lists_ibfk_1` FOREIGN KEY (`user_id`) REFERENCES `user_info` (`user_id`)
) ENGINE=InnoDB DEFAULT CHARSET=utf8mb4 COLLATE=utf8mb4_unicode_ci;
/*!40101 SET character_set_client = @saved_cs_client */;

--
-- Dumping data for table `user_lists`
--

LOCK TABLES `user_lists` WRITE;
/*!40000 ALTER TABLE `user_lists` DISABLE KEYS */;
/*!40000 ALTER TABLE `user_lists` ENABLE KEYS */;
UNLOCK TABLES;

--
-- Table structure for table `user_login`
--

DROP TABLE IF EXISTS `user_login`;
/*!40101 SET @saved_cs_client     = @@character_set_client */;
/*!40101 SET character_set_client = utf8 */;
CREATE TABLE `user_login` (
  `login_id` int(11) NOT NULL AUTO_INCREMENT,
  `user_id` int(11) NOT NULL,
  `email_address` varchar(255) DEFAULT NULL,
  `password` varchar(255) DEFAULT NULL,
  `created_at` timestamp NULL DEFAULT current_timestamp(),
  `updated_at` timestamp NULL DEFAULT current_timestamp() ON UPDATE current_timestamp(),
  PRIMARY KEY (`login_id`),
  UNIQUE KEY `email_address` (`email_address`),
  UNIQUE KEY `email_address_2` (`email_address`)
) ENGINE=InnoDB AUTO_INCREMENT=24 DEFAULT CHARSET=utf8mb4 COLLATE=utf8mb4_unicode_ci;
/*!40101 SET character_set_client = @saved_cs_client */;

--
-- Dumping data for table `user_login`
--

LOCK TABLES `user_login` WRITE;
/*!40000 ALTER TABLE `user_login` DISABLE KEYS */;
INSERT INTO `user_login` VALUES
(21,21,'kahaw97997@gyxmz.com','$2a$10$MBMdGrnVO8Yugq.3tiIOUubNtVpVGXBT5ULumtMqGMYVvRzZa64.q','2023-12-11 15:07:52','2023-12-11 15:07:52'),
(22,22,'mirih30225@bustayes.com','$2a$10$Ej.uOGjHhaDLUfY6rDxKFO6EYNTl.7OmHHW5RrHRwL8XbAOvyJ8F2','2023-12-14 02:19:17','2023-12-14 02:19:17'),
(23,23,'gecagan278@cumzle.com','$2a$10$evUJq7rjVj3YJ/3kTr8Co.5/SfKrDbe30BcNjhE7ZjmHqma5YwQlO','2023-12-15 03:39:35','2023-12-15 03:39:35');
/*!40000 ALTER TABLE `user_login` ENABLE KEYS */;
UNLOCK TABLES;

--
-- Temporary table structure for view `user_notifications`
--

DROP TABLE IF EXISTS `user_notifications`;
/*!50001 DROP VIEW IF EXISTS `user_notifications`*/;
SET @saved_cs_client     = @@character_set_client;
SET character_set_client = utf8;
/*!50001 CREATE VIEW `user_notifications` AS SELECT
 1 AS `notification_id`,
  1 AS `user_id`,
  1 AS `message`,
  1 AS `notification_date`,
  1 AS `status` */;
SET character_set_client = @saved_cs_client;

--
-- Table structure for table `user_profile_pic`
--

DROP TABLE IF EXISTS `user_profile_pic`;
/*!40101 SET @saved_cs_client     = @@character_set_client */;
/*!40101 SET character_set_client = utf8 */;
CREATE TABLE `user_profile_pic` (
  `picture_id` int(11) NOT NULL AUTO_INCREMENT,
  `user_id` int(11) NOT NULL,
  `img_path` varchar(255) DEFAULT NULL,
  `created_at` timestamp NULL DEFAULT current_timestamp(),
  `updated_at` timestamp NULL DEFAULT current_timestamp() ON UPDATE current_timestamp(),
  PRIMARY KEY (`picture_id`)
) ENGINE=InnoDB DEFAULT CHARSET=utf8mb4 COLLATE=utf8mb4_unicode_ci;
/*!40101 SET character_set_client = @saved_cs_client */;

--
-- Dumping data for table `user_profile_pic`
--

LOCK TABLES `user_profile_pic` WRITE;
/*!40000 ALTER TABLE `user_profile_pic` DISABLE KEYS */;
/*!40000 ALTER TABLE `user_profile_pic` ENABLE KEYS */;
UNLOCK TABLES;

--
-- Table structure for table `volumes`
--

DROP TABLE IF EXISTS `volumes`;
/*!40101 SET @saved_cs_client     = @@character_set_client */;
/*!40101 SET character_set_client = utf8 */;
CREATE TABLE `volumes` (
  `volume_id` int(11) NOT NULL AUTO_INCREMENT,
  `book_id` int(11) NOT NULL,
  `copies` int(11) DEFAULT 1,
  `borrowed_copies` int(11) DEFAULT 1,
  PRIMARY KEY (`volume_id`,`book_id`)
) ENGINE=InnoDB AUTO_INCREMENT=5220 DEFAULT CHARSET=utf8mb4 COLLATE=utf8mb4_unicode_ci;
/*!40101 SET character_set_client = @saved_cs_client */;

--
-- Dumping data for table `volumes`
--

LOCK TABLES `volumes` WRITE;
/*!40000 ALTER TABLE `volumes` DISABLE KEYS */;
INSERT INTO `volumes` VALUES
(4927,4927,8,7),
(4928,4928,9,9),
(4929,4929,4,4),
(4930,4930,11,11),
(4931,4931,4,4),
(4932,4932,5,5),
(4933,4933,6,6),
(4934,4934,4,4),
(4935,4935,3,2),
(4936,4936,4,4),
(4937,4937,14,14),
(4938,4938,3,3),
(4939,4939,2,2),
(4940,4940,5,5),
(4941,4941,11,11),
(4942,4942,5,5),
(4943,4943,5,5),
(4944,4944,16,16),
(4945,4945,8,8),
(4946,4946,2,2),
(4947,4947,3,3),
(4948,4948,3,3),
(4949,4949,5,5),
(4950,4950,3,3),
(4951,4951,5,5),
(4952,4952,10,10),
(4953,4953,10,10),
(4954,4954,5,5),
(4955,4955,7,7),
(4956,4956,4,4),
(4957,4957,2,2),
(4958,4958,4,4),
(4959,4959,9,9),
(4960,4960,10,10),
(4961,4961,12,12),
(4962,4962,8,8),
(4963,4963,3,3),
(4964,4964,2,2),
(4965,4965,7,7),
(4966,4966,3,3),
(4967,4967,5,5),
(4968,4968,8,8),
(4969,4969,13,13),
(4970,4970,3,3),
(4971,4971,3,3),
(4972,4972,2,2),
(4973,4973,2,2),
(4974,4974,3,3),
(4975,4975,2,2),
(4976,4976,5,5),
(4977,4977,3,3),
(4978,4978,5,5),
(4979,4979,3,3),
(4980,4980,3,3),
(4981,4981,3,3),
(4982,4982,2,2),
(4983,4983,2,2),
(4984,4984,3,3),
(4985,4985,6,6),
(4986,4986,3,3),
(4987,4987,3,3),
(4988,4988,2,2),
(4989,4989,3,3),
(4990,4990,2,2),
(4991,4991,1,1),
(4992,4992,3,3),
(4993,4993,5,5),
(4994,4994,2,2),
(4995,4995,2,2),
(4996,4996,2,2),
(4997,4997,3,3),
(4998,4998,3,3),
(4999,4999,3,3),
(5000,5000,3,3),
(5001,5001,3,3),
(5002,5002,3,3),
(5003,5003,3,3),
(5004,5004,2,2),
(5005,5005,2,2),
(5006,5006,10,10),
(5007,5007,4,4),
(5008,5008,8,8),
(5009,5009,3,3),
(5010,5010,8,8),
(5011,5011,3,3),
(5012,5012,10,10),
(5013,5013,9,9),
(5014,5014,2,2),
(5015,5015,5,5),
(5016,5016,5,5),
(5017,5017,10,10),
(5018,5018,10,10),
(5019,5019,10,10),
(5020,5020,10,10),
(5021,5021,1,0),
(5022,5022,1,1),
(5023,5023,1,1),
(5024,5024,3,3),
(5025,5025,2,2),
(5026,5026,2,2),
(5027,5027,2,2),
(5028,5028,1,1),
(5029,5029,3,3),
(5030,5030,1,1),
(5031,5031,1,1),
(5032,5032,1,1),
(5033,5033,1,1),
(5034,5034,1,1),
(5035,5035,4,4),
(5036,5036,3,3),
(5037,5037,1,1),
(5038,5038,3,3),
(5039,5039,3,3),
(5040,5040,2,2),
(5041,5041,2,2),
(5042,5042,3,3),
(5043,5043,3,3),
(5044,5044,1,1),
(5045,5045,1,1),
(5046,5046,4,4),
(5047,5047,3,3),
(5048,5048,2,2),
(5049,5049,1,1),
(5050,5050,1,1),
(5051,5051,1,1),
(5052,5052,5,5),
(5053,5053,3,3),
(5054,5054,3,3),
(5055,5055,5,5),
(5056,5056,5,5),
(5057,5057,5,5),
(5058,5058,5,5),
(5059,5059,2,2),
(5060,5060,10,10),
(5061,5061,5,5),
(5062,5062,4,4),
(5063,5063,8,8),
(5064,5064,3,3),
(5065,5065,4,4),
(5066,5066,5,5),
(5067,5067,5,5),
(5068,5068,5,5),
(5069,5069,4,4),
(5070,5070,5,5),
(5071,5071,5,5),
(5072,5072,3,3),
(5073,5073,3,3),
(5074,5074,3,3),
(5075,5075,3,3),
(5076,5076,3,3),
(5077,5077,10,10),
(5078,5078,2,2),
(5079,5079,3,3),
(5080,5080,3,3),
(5081,5081,3,3),
(5082,5082,3,3),
(5083,5083,5,5),
(5084,5084,3,3),
(5085,5085,3,3),
(5086,5086,3,3),
(5087,5087,3,3),
(5088,5088,3,3),
(5089,5089,3,3),
(5090,5090,3,3),
(5091,5091,5,5),
(5092,5092,3,3),
(5093,5093,3,3),
(5094,5094,3,3),
(5095,5095,3,3),
(5096,5096,2,2),
(5097,5097,3,3),
(5098,5098,3,3),
(5099,5099,11,11),
(5100,5100,1,1),
(5101,5101,6,6),
(5102,5102,2,2),
(5103,5103,3,3),
(5104,5104,2,2),
(5105,5105,3,3),
(5106,5106,3,3),
(5107,5107,3,3),
(5108,5108,2,2),
(5109,5109,6,6),
(5110,5110,6,6),
(5111,5111,3,3),
(5112,5112,3,3),
(5113,5113,6,6),
(5114,5114,6,6),
(5115,5115,3,3),
(5116,5116,4,4),
(5117,5117,3,3),
(5118,5118,3,3),
(5119,5119,3,3),
(5120,5120,3,3),
(5121,5121,3,3),
(5122,5122,1,1),
(5123,5123,2,2),
(5124,5124,3,3),
(5125,5125,1,1),
(5126,5126,5,5),
(5127,5127,3,3),
(5128,5128,6,6),
(5129,5129,3,3),
(5130,5130,3,3),
(5131,5131,3,3),
(5132,5132,3,3),
(5133,5133,3,3),
(5134,5134,3,3),
(5135,5135,3,3),
(5136,5136,3,3),
(5137,5137,3,3),
(5138,5138,3,3),
(5139,5139,3,3),
(5140,5140,3,3),
(5141,5141,3,3),
(5142,5142,3,3),
(5143,5143,1,1),
(5144,5144,3,3),
(5145,5145,3,3),
(5146,5146,3,3),
(5147,5147,2,2),
(5148,5148,3,3),
(5149,5149,3,3),
(5150,5150,3,3),
(5151,5151,3,3),
(5152,5152,2,2),
(5153,5153,1,1),
(5154,5154,1,1),
(5155,5155,5,5),
(5156,5156,1,1),
(5157,5157,1,1),
(5158,5158,1,1),
(5159,5159,3,3),
(5160,5160,3,3),
(5161,5161,2,2),
(5162,5162,1,1),
(5163,5163,3,3),
(5164,5164,1,1),
(5165,5165,4,4),
(5166,5166,5,5),
(5167,5167,1,1),
(5168,5168,1,1),
(5169,5169,1,1),
(5170,5170,1,1),
(5171,5171,2,2),
(5172,5172,3,3),
(5173,5173,3,3),
(5174,5174,5,5),
(5175,5175,3,3),
(5176,5176,3,3),
(5177,5177,3,3),
(5178,5178,5,5),
(5179,5179,5,5),
(5180,5180,2,2),
(5181,5181,5,5),
(5182,5182,5,5),
(5183,5183,4,4),
(5184,5184,3,3),
(5185,5185,5,5),
(5186,5186,3,3),
(5187,5187,5,5),
(5188,5188,5,5),
(5189,5189,1,1),
(5190,5190,1,1),
(5191,5191,1,1),
(5192,5192,1,1),
(5193,5193,1,1),
(5194,5194,1,1),
(5195,5195,1,1),
(5196,5196,1,1),
(5197,5197,1,1),
(5198,5198,1,1),
(5199,5199,1,1),
(5200,5200,1,1),
(5201,5201,5,5),
(5202,5202,5,5),
(5203,5203,5,5),
(5204,5204,5,5),
(5205,5205,5,5),
(5206,5206,5,5),
(5207,5207,5,5),
(5208,5208,5,5),
(5209,5209,5,5),
(5210,5210,1,1),
(5211,5211,3,3),
(5212,5212,1,1),
(5213,5213,5,5),
(5214,5214,3,3),
(5215,5215,5,5),
(5216,5216,5,5),
(5217,5217,3,3),
(5218,5218,3,3),
(5219,5219,3,3);
/*!40000 ALTER TABLE `volumes` ENABLE KEYS */;
UNLOCK TABLES;

--
-- Dumping routines for database 'cpclibrary'
--
/*!50003 SET @saved_sql_mode       = @@sql_mode */ ;
/*!50003 SET sql_mode              = 'ONLY_FULL_GROUP_BY,STRICT_TRANS_TABLES,NO_ZERO_IN_DATE,NO_ZERO_DATE,ERROR_FOR_DIVISION_BY_ZERO,NO_ENGINE_SUBSTITUTION' */ ;
/*!50003 DROP PROCEDURE IF EXISTS `AccessLibrarianLogin` */;
/*!50003 SET @saved_cs_client      = @@character_set_client */ ;
/*!50003 SET @saved_cs_results     = @@character_set_results */ ;
/*!50003 SET @saved_col_connection = @@collation_connection */ ;
/*!50003 SET character_set_client  = utf8mb4 */ ;
/*!50003 SET character_set_results = utf8mb4 */ ;
/*!50003 SET collation_connection  = utf8mb4_general_ci */ ;
DELIMITER ;;
CREATE DEFINER=`root`@`localhost` PROCEDURE `AccessLibrarianLogin`(
    IN p_username VARCHAR(50)
)
BEGIN
	IF (SELECT COUNT(*) FROM `librarian_login` WHERE username = p_username) < 1 THEN
        
        SELECT 'Username not registered' AS message, NULL AS insertId, 404 AS status;
    ELSE
    	SELECT *  FROM `librarian_login` WHERE username = p_username;
    END IF;
END ;;
DELIMITER ;
/*!50003 SET sql_mode              = @saved_sql_mode */ ;
/*!50003 SET character_set_client  = @saved_cs_client */ ;
/*!50003 SET character_set_results = @saved_cs_results */ ;
/*!50003 SET collation_connection  = @saved_col_connection */ ;
/*!50003 SET @saved_sql_mode       = @@sql_mode */ ;
/*!50003 SET sql_mode              = 'IGNORE_SPACE,STRICT_TRANS_TABLES,ERROR_FOR_DIVISION_BY_ZERO,NO_AUTO_CREATE_USER,NO_ENGINE_SUBSTITUTION' */ ;
/*!50003 DROP PROCEDURE IF EXISTS `AccessLoginUser` */;
/*!50003 SET @saved_cs_client      = @@character_set_client */ ;
/*!50003 SET @saved_cs_results     = @@character_set_results */ ;
/*!50003 SET @saved_col_connection = @@collation_connection */ ;
/*!50003 SET character_set_client  = utf8mb4 */ ;
/*!50003 SET character_set_results = utf8mb4 */ ;
/*!50003 SET collation_connection  = utf8mb4_unicode_ci */ ;
DELIMITER ;;
CREATE DEFINER=`root`@`localhost` PROCEDURE `AccessLoginUser`(
	IN p_email VARCHAR(255)
)
BEGIN
	
	DECLARE v_user_id INT;
	DECLARE v_role VARCHAR(255);
	
	IF (SELECT COUNT(*) FROM user_login WHERE email_address  = p_email) < 1 THEN
        
        SELECT 'Username not registered' AS message, NULL AS insertId, 404 AS status;
    ELSE
    	SELECT user_id INTO v_user_id FROM user_login WHERE email_address = p_email LIMIT 1;
    	SELECT role INTO v_role FROM user_info WHERE user_id = v_user_id LIMIT 1;
    	UPDATE user_info SET user_status = 'active' WHERE user_id = v_user_id;
    	SELECT user_id,email_address,password,v_role AS role FROM user_login WHERE email_address = p_email;
    END IF;
END ;;
DELIMITER ;
/*!50003 SET sql_mode              = @saved_sql_mode */ ;
/*!50003 SET character_set_client  = @saved_cs_client */ ;
/*!50003 SET character_set_results = @saved_cs_results */ ;
/*!50003 SET collation_connection  = @saved_col_connection */ ;
/*!50003 SET @saved_sql_mode       = @@sql_mode */ ;
/*!50003 SET sql_mode              = 'IGNORE_SPACE,STRICT_TRANS_TABLES,ERROR_FOR_DIVISION_BY_ZERO,NO_AUTO_CREATE_USER,NO_ENGINE_SUBSTITUTION' */ ;
/*!50003 DROP PROCEDURE IF EXISTS `AddBook` */;
/*!50003 SET @saved_cs_client      = @@character_set_client */ ;
/*!50003 SET @saved_cs_results     = @@character_set_results */ ;
/*!50003 SET @saved_col_connection = @@collation_connection */ ;
/*!50003 SET character_set_client  = utf8mb4 */ ;
/*!50003 SET character_set_results = utf8mb4 */ ;
/*!50003 SET collation_connection  = utf8mb4_unicode_ci */ ;
DELIMITER ;;
CREATE DEFINER=`root`@`localhost` PROCEDURE `AddBook`(
    IN p_accession_no INT,
    IN p_date_received VARCHAR(50),
    IN p_title VARCHAR(255),
    IN p_author_name VARCHAR(255),
    IN p_edition VARCHAR(50),
    IN p_publisher_name VARCHAR(255),
    IN p_cost_price VARCHAR(255),
    IN p_copyright_yr VARCHAR(50),
    IN p_remarks TEXT,
    IN p_image VARCHAR(250)
)
BEGIN
    DECLARE v_author_id INT;
    DECLARE v_publisher_id INT;
    DECLARE v_books_id INT;
    DECLARE v_volumes_id INT;
    DECLARE v_count INT;
    DECLARE v_volume_count INT;
    DECLARE v_accession_id INT;
   	DECLARE v_book_status VARCHAR(50);
    
   	
   	IF p_cost_price = '' THEN
   		SET p_cost_price = CAST(p_cost_price AS FLOAT);
	   	SET p_cost_price = IFNULL(p_cost_price, 0);
	END IF;

    
    SET p_date_received = LOWER(p_date_received);
    SET p_title = LOWER(p_title);
    SET p_author_name = LOWER(p_author_name);
    SET p_edition = LOWER(p_edition);
    SET p_publisher_name = LOWER(p_publisher_name);
    SET p_cost_price = LOWER(p_cost_price);
    SET p_copyright_yr = LOWER(p_copyright_yr);
    SET p_remarks = LOWER(p_remarks);
    
    
    SELECT COUNT(*) INTO v_count FROM books WHERE title = p_title;

	IF v_count = 1 THEN
		IF (SELECT COUNT(*) FROM accession_no WHERE accession_no = p_accession_no) < 1 THEN
	        
	        SELECT book_id INTO v_books_id FROM books WHERE title = p_title;
	       	SET v_book_status = 'old';
	
	        
	        UPDATE volumes
	        SET copies = copies + 1, borrowed_copies = borrowed_copies + 1
	        WHERE book_id = v_books_id;
	
	        
	        INSERT INTO accession_no (accession_no, book_id)
	        VALUES (p_accession_no, v_books_id);
	       
	       	
	       	SET v_accession_id = LAST_INSERT_ID();
	       
	       	
	       	INSERT INTO book_remarks (accession_id, remarks)
	       	VALUES (v_accession_id, p_remarks);
	       
	       	
	       	UPDATE books SET book_status = v_book_status WHERE title = p_title;
       	ELSE
       		SELECT 'Book accession number already exists' AS message, 409 AS status_code;
       	END IF;
    ELSE
    	IF (SELECT COUNT(*) FROM accession_no WHERE accession_no = p_accession_no) < 1 THEN
	    	
	       	SET v_book_status = 'new';
	       
	        
	        INSERT INTO authors (author_name)
	        VALUES (p_author_name)
	        ON DUPLICATE KEY UPDATE author_id = LAST_INSERT_ID(author_id);
	
	        
	        SET v_author_id = LAST_INSERT_ID();
	
	        
	        INSERT INTO publishers (publisher_name)
	        VALUES (p_publisher_name)
	        ON DUPLICATE KEY UPDATE publisher_id = LAST_INSERT_ID(publisher_id);
	
	        
	        SET v_publisher_id = LAST_INSERT_ID();
	
	        
	        INSERT INTO books (date_received, title, author_id, edition, publisher_id, copyright_yr, cost_price, book_status)
	        VALUES (p_date_received, p_title, v_author_id, p_edition, v_publisher_id, p_copyright_yr, p_cost_price, v_book_status);
	
	        
	        SET v_books_id = LAST_INSERT_ID();
	
	        
	        INSERT INTO book_author (accession_no, author_id)
	        VALUES (p_accession_no, v_author_id);
	
	        
	        INSERT INTO book_publisher (accession_no, publisher_id)
	        VALUES (p_accession_no, v_publisher_id);
	
	        
	        INSERT INTO volumes (book_id, copies, borrowed_copies)
	        VALUES (v_books_id, 1, 1);
	
	        
	        INSERT INTO book_image (book_id, img_path)
	        VALUES (v_books_id, p_image);
	
	        
	        INSERT INTO accession_no (accession_no, book_id)
	        VALUES (p_accession_no, v_books_id);
	       	
	       	
	       	SET v_accession_id = LAST_INSERT_ID();
	       
	       	
	       	INSERT INTO book_remarks (accession_id, remarks, book_id)
	       	VALUES (v_accession_id, p_remarks, v_books_id);
	       
		   	
		   	COMMIT;
		   
		    SELECT 'Book added successfully.' AS message, 201 AS status_code;
       	ELSE
       		SELECT 'Book accession number already exists' AS message, 409 AS status_code;
       	END IF;
    END IF;
   	
END ;;
DELIMITER ;
/*!50003 SET sql_mode              = @saved_sql_mode */ ;
/*!50003 SET character_set_client  = @saved_cs_client */ ;
/*!50003 SET character_set_results = @saved_cs_results */ ;
/*!50003 SET collation_connection  = @saved_col_connection */ ;
/*!50003 SET @saved_sql_mode       = @@sql_mode */ ;
/*!50003 SET sql_mode              = 'ONLY_FULL_GROUP_BY,STRICT_TRANS_TABLES,NO_ZERO_IN_DATE,NO_ZERO_DATE,ERROR_FOR_DIVISION_BY_ZERO,NO_ENGINE_SUBSTITUTION' */ ;
/*!50003 DROP PROCEDURE IF EXISTS `AddBookCatalog` */;
/*!50003 SET @saved_cs_client      = @@character_set_client */ ;
/*!50003 SET @saved_cs_results     = @@character_set_results */ ;
/*!50003 SET @saved_col_connection = @@collation_connection */ ;
/*!50003 SET character_set_client  = utf8mb4 */ ;
/*!50003 SET character_set_results = utf8mb4 */ ;
/*!50003 SET collation_connection  = utf8mb4_general_ci */ ;
DELIMITER ;;
CREATE DEFINER=`root`@`localhost` PROCEDURE `AddBookCatalog`(
	IN p_accession_id INT,
	IN p_book_subject VARCHAR(255),
	IN p_ddc VARCHAR(10)
)
BEGIN
	IF (SELECT COUNT(*) FROM book_catalog WHERE accession_id = p_accession_id) > 0 THEN
		SELECT 'Catalog of this book already exist' AS message, 409 AS status_code;
	ELSE
		INSERT INTO book_catalog (book_subject, ddc_code, accession_id) VALUES (p_book_subject, p_ddc, p_accession_id);
		
		SELECT 'Added Book catalog' AS message, 201 AS status_code ;
	END IF;
END ;;
DELIMITER ;
/*!50003 SET sql_mode              = @saved_sql_mode */ ;
/*!50003 SET character_set_client  = @saved_cs_client */ ;
/*!50003 SET character_set_results = @saved_cs_results */ ;
/*!50003 SET collation_connection  = @saved_col_connection */ ;
/*!50003 SET @saved_sql_mode       = @@sql_mode */ ;
/*!50003 SET sql_mode              = 'IGNORE_SPACE,STRICT_TRANS_TABLES,ERROR_FOR_DIVISION_BY_ZERO,NO_AUTO_CREATE_USER,NO_ENGINE_SUBSTITUTION' */ ;
/*!50003 DROP PROCEDURE IF EXISTS `AddInstructorRecommendations` */;
/*!50003 SET @saved_cs_client      = @@character_set_client */ ;
/*!50003 SET @saved_cs_results     = @@character_set_results */ ;
/*!50003 SET @saved_col_connection = @@collation_connection */ ;
/*!50003 SET character_set_client  = utf8mb4 */ ;
/*!50003 SET character_set_results = utf8mb4 */ ;
/*!50003 SET collation_connection  = utf8mb4_unicode_ci */ ;
DELIMITER ;;
CREATE DEFINER=`root`@`localhost` PROCEDURE `AddInstructorRecommendations`(
	IN p_user_id INT,
	IN p_book_id INT
)
BEGIN
	IF (SELECT COUNT(*) FROM instructor_recommendations WHERE recommended_book_id = p_book_id) > 0 THEN 
		SELECT 'You already possess this book in your list of recommendations.' AS message, 409 AS status;
	ELSE
		INSERT INTO instructor_recommendations (instructor_id,recommended_book_id) VALUES (p_user_id,p_book_id);
		SELECT 'Included in your list of recommended items.' AS message, 201 AS status;
	END IF;
END ;;
DELIMITER ;
/*!50003 SET sql_mode              = @saved_sql_mode */ ;
/*!50003 SET character_set_client  = @saved_cs_client */ ;
/*!50003 SET character_set_results = @saved_cs_results */ ;
/*!50003 SET collation_connection  = @saved_col_connection */ ;
/*!50003 SET @saved_sql_mode       = @@sql_mode */ ;
/*!50003 SET sql_mode              = 'IGNORE_SPACE,STRICT_TRANS_TABLES,ERROR_FOR_DIVISION_BY_ZERO,NO_AUTO_CREATE_USER,NO_ENGINE_SUBSTITUTION' */ ;
/*!50003 DROP PROCEDURE IF EXISTS `AddLibrarian` */;
/*!50003 SET @saved_cs_client      = @@character_set_client */ ;
/*!50003 SET @saved_cs_results     = @@character_set_results */ ;
/*!50003 SET @saved_col_connection = @@collation_connection */ ;
/*!50003 SET character_set_client  = utf8mb4 */ ;
/*!50003 SET character_set_results = utf8mb4 */ ;
/*!50003 SET collation_connection  = utf8mb4_unicode_ci */ ;
DELIMITER ;;
CREATE DEFINER=`root`@`localhost` PROCEDURE `AddLibrarian`(
    IN p_firstname VARCHAR(50),
    IN p_middlename VARCHAR(50),
    IN p_lastname VARCHAR(50),
    IN p_email_address VARCHAR(100),
    IN p_phone_number VARCHAR(20),
    IN p_hobbies TEXT,
    IN p_description TEXT,
    IN p_street_address VARCHAR(100),
    IN p_city VARCHAR(200),
    IN p_state_province_region VARCHAR(200),
    IN p_postal_code INT,
    IN p_address_type VARCHAR(50),
    IN p_username VARCHAR(50),
    IN p_password VARCHAR(200),
    IN p_privilege VARCHAR(50)
)
BEGIN
    DECLARE v_librarian_id INT;
    
    
    IF (SELECT COUNT(*) FROM `librarian_login` WHERE username = p_username) > 0 THEN
        
        SELECT 'Username already exists' AS message, 404 AS status;
    ELSE
        
        
        INSERT INTO `librarian` (firstname, middlename, lastname)
        VALUES (p_firstname, p_middlename, p_lastname);
        
        
        SET v_librarian_id = LAST_INSERT_ID();
      
        
        INSERT INTO `librarian_info` (librarian_id, email_address, phone_number, hobbies, description)
        VALUES (v_librarian_id, p_email_address, p_phone_number, p_hobbies, p_description);
        
        
        INSERT INTO `librarian_address` (librarian_id, street_address, city, state_province_region, postal_code, address_type)
        VALUES (v_librarian_id, p_street_address, p_city, p_state_province_region, p_postal_code, p_address_type);
        
        
        INSERT INTO `librarian_login` (librarian_id, username, password, privilege)
        VALUES (v_librarian_id, p_username, p_password, p_privilege);
        
        
        INSERT INTO `librarian_login_logs` (login_id, status)
        VALUES (v_librarian_id, 'Created');
        
        
        COMMIT;
       	
        
        SELECT 'Successfully Registered' AS message, 201 AS status;
    END IF;
END ;;
DELIMITER ;
/*!50003 SET sql_mode              = @saved_sql_mode */ ;
/*!50003 SET character_set_client  = @saved_cs_client */ ;
/*!50003 SET character_set_results = @saved_cs_results */ ;
/*!50003 SET collation_connection  = @saved_col_connection */ ;
/*!50003 SET @saved_sql_mode       = @@sql_mode */ ;
/*!50003 SET sql_mode              = 'ONLY_FULL_GROUP_BY,STRICT_TRANS_TABLES,NO_ZERO_IN_DATE,NO_ZERO_DATE,ERROR_FOR_DIVISION_BY_ZERO,NO_ENGINE_SUBSTITUTION' */ ;
/*!50003 DROP PROCEDURE IF EXISTS `AddLibraryAcquisitions` */;
/*!50003 SET @saved_cs_client      = @@character_set_client */ ;
/*!50003 SET @saved_cs_results     = @@character_set_results */ ;
/*!50003 SET @saved_col_connection = @@collation_connection */ ;
/*!50003 SET character_set_client  = utf8mb4 */ ;
/*!50003 SET character_set_results = utf8mb4 */ ;
/*!50003 SET collation_connection  = utf8mb4_general_ci */ ;
DELIMITER ;;
CREATE DEFINER=`root`@`localhost` PROCEDURE `AddLibraryAcquisitions`(
	IN p_accession_no INT,
	IN p_acquisition_date DATE,
	IN p_title VARCHAR(255),
	IN p_source VARCHAR(50),
	IN p_cost DECIMAL(10,2),
	IN p_condition VARCHAR(255),
	IN p_notes TEXT
)
BEGIN
	
	DECLARE message VARCHAR(50);
	DECLARE status_code INT;

	
	IF (SELECT COUNT(*) FROM book_acquisitions WHERE accession_no = p_accession_no) > 0 THEN
		SET message = 'Accession number already exist';
		SET status_code = 409;
	ELSE
		
		INSERT INTO book_acquisitions (accession_no, acquisition_date, title, source, cost, book_condition, notes)
		VALUES (p_accession_no, p_acquisition_date, p_title, p_source, p_cost, p_condition, p_notes);
		
		SET message = 'Acquisition added successfully';
		SET status_code = 201;
	END IF;

	COMMIT;

	SELECT message, status_code;
END ;;
DELIMITER ;
/*!50003 SET sql_mode              = @saved_sql_mode */ ;
/*!50003 SET character_set_client  = @saved_cs_client */ ;
/*!50003 SET character_set_results = @saved_cs_results */ ;
/*!50003 SET collation_connection  = @saved_col_connection */ ;
/*!50003 SET @saved_sql_mode       = @@sql_mode */ ;
/*!50003 SET sql_mode              = 'IGNORE_SPACE,STRICT_TRANS_TABLES,ERROR_FOR_DIVISION_BY_ZERO,NO_AUTO_CREATE_USER,NO_ENGINE_SUBSTITUTION' */ ;
/*!50003 DROP PROCEDURE IF EXISTS `AllContributorsAndBooks` */;
/*!50003 SET @saved_cs_client      = @@character_set_client */ ;
/*!50003 SET @saved_cs_results     = @@character_set_results */ ;
/*!50003 SET @saved_col_connection = @@collation_connection */ ;
/*!50003 SET character_set_client  = utf8mb4 */ ;
/*!50003 SET character_set_results = utf8mb4 */ ;
/*!50003 SET collation_connection  = utf8mb4_unicode_ci */ ;
DELIMITER ;;
CREATE DEFINER=`root`@`localhost` PROCEDURE `AllContributorsAndBooks`()
BEGIN
	SELECT * FROM contribution_details AS limited_contributors WHERE file_status = 'accepted' ORDER BY file_total_downloads ASC LIMIT 6;
	SELECT * FROM contribution_details AS all_contributors ORDER BY file_total_downloads ASC;
	SELECT * FROM book_inventory AS limited_books LIMIT 6;
	SELECT * FROM book_inventory AS all_books;
	SELECT fullname, id_number, department, email_address, user_status FROM user_details;
END ;;
DELIMITER ;
/*!50003 SET sql_mode              = @saved_sql_mode */ ;
/*!50003 SET character_set_client  = @saved_cs_client */ ;
/*!50003 SET character_set_results = @saved_cs_results */ ;
/*!50003 SET collation_connection  = @saved_col_connection */ ;
/*!50003 SET @saved_sql_mode       = @@sql_mode */ ;
/*!50003 SET sql_mode              = 'IGNORE_SPACE,STRICT_TRANS_TABLES,ERROR_FOR_DIVISION_BY_ZERO,NO_AUTO_CREATE_USER,NO_ENGINE_SUBSTITUTION' */ ;
/*!50003 DROP PROCEDURE IF EXISTS `ApproveBookRenewal` */;
/*!50003 SET @saved_cs_client      = @@character_set_client */ ;
/*!50003 SET @saved_cs_results     = @@character_set_results */ ;
/*!50003 SET @saved_col_connection = @@collation_connection */ ;
/*!50003 SET character_set_client  = utf8mb4 */ ;
/*!50003 SET character_set_results = utf8mb4 */ ;
/*!50003 SET collation_connection  = utf8mb4_unicode_ci */ ;
DELIMITER ;;
CREATE DEFINER=`root`@`localhost` PROCEDURE `ApproveBookRenewal`(
    IN p_renewal_id INT
)
BEGIN
    DECLARE v_transaction_id INT;
    DECLARE v_user_id INT;
    DECLARE v_renewal_days INT;
    DECLARE new_due_date DATETIME;
    DECLARE v_title VARCHAR(255);
    DECLARE v_book_id INT;
    DECLARE v_message TEXT;

    -- Get renewal details
    SELECT transaction_id, user_id, renewal_days
    INTO v_transaction_id, v_user_id, v_renewal_days
    FROM book_renewals
    WHERE renewal_id = p_renewal_id AND approval_status = 'Pending';

    -- Check if the renewal request exists and is pending
    IF v_transaction_id IS NOT NULL THEN
        -- Calculate the new due date by adding the renewal days to the current due date
        SELECT book_id, DATE_ADD(due_date, INTERVAL v_renewal_days DAY) INTO v_book_id, new_due_date
        FROM book_transactions
        WHERE transaction_id = v_transaction_id;

        -- Update the book transaction with the new due date
        UPDATE book_transactions
        SET due_date = new_due_date
        WHERE transaction_id = v_transaction_id;

        -- Update the approval status in pending renewals
        UPDATE book_renewals
        SET approval_status = 'Approved'
        WHERE renewal_id = p_renewal_id;

        -- Get book title
        SELECT title INTO v_title FROM books WHERE book_id = v_book_id;

        -- Set the notification message for the user
        SET v_message = CONCAT(
            'Your renewal of book ',
            v_title,
            ' has been approved on ',
            DATE_FORMAT(NOW(), '%M %e, %Y')
        );

        -- Insert notification for the user
        INSERT INTO notifications (user_id, message, notification_type, creation_date)
        VALUES (v_user_id, v_message, 'Renewal', NOW());

        COMMIT;

        SELECT 'Renewal approved successfully' AS message, 201 AS status;
    ELSE
        SELECT 'Invalid renewal request ID or request is not pending' AS message, 404 AS status;
    END IF;
END ;;
DELIMITER ;
/*!50003 SET sql_mode              = @saved_sql_mode */ ;
/*!50003 SET character_set_client  = @saved_cs_client */ ;
/*!50003 SET character_set_results = @saved_cs_results */ ;
/*!50003 SET collation_connection  = @saved_col_connection */ ;
/*!50003 SET @saved_sql_mode       = @@sql_mode */ ;
/*!50003 SET sql_mode              = 'IGNORE_SPACE,STRICT_TRANS_TABLES,ERROR_FOR_DIVISION_BY_ZERO,NO_AUTO_CREATE_USER,NO_ENGINE_SUBSTITUTION' */ ;
/*!50003 DROP PROCEDURE IF EXISTS `ApprovePendingTransaction` */;
/*!50003 SET @saved_cs_client      = @@character_set_client */ ;
/*!50003 SET @saved_cs_results     = @@character_set_results */ ;
/*!50003 SET @saved_col_connection = @@collation_connection */ ;
/*!50003 SET character_set_client  = utf8mb4 */ ;
/*!50003 SET character_set_results = utf8mb4 */ ;
/*!50003 SET collation_connection  = utf8mb4_unicode_ci */ ;
DELIMITER ;;
CREATE DEFINER=`root`@`localhost` PROCEDURE `ApprovePendingTransaction`(
	IN p_pending_transaction_id INT
)
BEGIN
	DECLARE v_book_id INT;
	DECLARE v_user_id INT;
	DECLARE v_transaction_type ENUM('Borrowed','Held','Reserved', 'Renewal');
  	DECLARE v_due_date DATETIME;
  	DECLARE v_message TEXT;
  	DECLARE v_book_transaction_id INT;
  	DECLARE v_book_title VARCHAR(255);
  	DECLARE v_status VARCHAR(255);
  
    
  	SELECT book_id, user_id, transaction_type, status INTO v_book_id, v_user_id, v_transaction_type, v_status FROM pending_transactions WHERE pending_transaction_id = p_pending_transaction_id;
  
	SET v_due_date = DATE_ADD(NOW(), INTERVAL 1 MINUTE);
--   	SET v_due_date = DATE_ADD(NOW(), INTERVAL 5 DAY);
  
  	
  	IF v_status = 'Approved' THEN
  		SELECT 'This has already been approved' AS message, 304 AS status;
  	ELSE
  		IF v_transaction_type = 'Held' THEN
  			INSERT INTO book_holds (user_id,book_id,pending_transaction_id) VALUES (v_user_id,v_book_id,p_pending_transaction_id);
  			
  			SELECT title INTO v_book_title FROM books WHERE book_id = v_book_id;
  			
  			INSERT INTO notifications (user_id,message,notification_type,creation_date) 
  			VALUES (v_user_id, CONCAT('Your book ', v_book_title, ' that you held has been accepted on ', DATE_FORMAT(NOW(), '%M %e, %Y')), v_transaction_type, NOW());
			
  			UPDATE pending_transactions
		  	SET status = 'Approved', approve_date = CURRENT_TIMESTAMP()
		  	WHERE pending_transaction_id = p_pending_transaction_id;
		  
  			COMMIT;
  			SELECT 'Book held has been accepted' AS message, 201 AS status;
  		ELSE
		  	INSERT INTO book_transactions (book_id, user_id, transaction_type, transaction_date, due_date, status, pending_transaction_id)
		  	VALUES (v_book_id, v_user_id, v_transaction_type, NOW(), v_due_date, 'Active', p_pending_transaction_id);
		  
		  	
		  	SET v_book_transaction_id = LAST_INSERT_ID(); 
			
			UPDATE pending_transactions
		  	SET status = 'Approved', approve_date = CURRENT_TIMESTAMP()
		  	WHERE pending_transaction_id = p_pending_transaction_id;
	
		  
			
			SELECT title INTO v_book_title FROM books WHERE book_id = v_book_id;
		  
			SET v_message = CONCAT(
				'The book ', v_book_title, ' you ',
				CASE 
					WHEN v_transaction_type = 'Borrowed' THEN 'borrowed'
					WHEN v_transaction_type = 'Held' THEN 'held'
					WHEN v_transaction_type = 'Reserved' THEN 'reserved claim within 5 days'
					WHEN v_transaction_type = 'Renewal' THEN 'renew'
					ELSE 'unknown'
				END,
				' has been approved on ',  DATE_FORMAT(NOW(), '%M %e, %Y')
			);
			
			
			
			INSERT INTO notifications (user_id, message, notification_type, creation_date)
			VALUES (v_user_id, v_message, 'Approved', NOW());
			
			COMMIT ;
			SELECT 'Transaction added and approved' AS message, 201 AS status;
		END IF;
	END IF;
END ;;
DELIMITER ;
/*!50003 SET sql_mode              = @saved_sql_mode */ ;
/*!50003 SET character_set_client  = @saved_cs_client */ ;
/*!50003 SET character_set_results = @saved_cs_results */ ;
/*!50003 SET collation_connection  = @saved_col_connection */ ;
/*!50003 SET @saved_sql_mode       = @@sql_mode */ ;
/*!50003 SET sql_mode              = 'IGNORE_SPACE,STRICT_TRANS_TABLES,ERROR_FOR_DIVISION_BY_ZERO,NO_AUTO_CREATE_USER,NO_ENGINE_SUBSTITUTION' */ ;
/*!50003 DROP PROCEDURE IF EXISTS `AutoGeneratePersonalRecommendation` */;
/*!50003 SET @saved_cs_client      = @@character_set_client */ ;
/*!50003 SET @saved_cs_results     = @@character_set_results */ ;
/*!50003 SET @saved_col_connection = @@collation_connection */ ;
/*!50003 SET character_set_client  = utf8mb4 */ ;
/*!50003 SET character_set_results = utf8mb4 */ ;
/*!50003 SET collation_connection  = utf8mb4_unicode_ci */ ;
DELIMITER ;;
CREATE DEFINER=`root`@`localhost` PROCEDURE `AutoGeneratePersonalRecommendation`(
    IN p_user_id INT
)
BEGIN
    DECLARE v_recommended_book_id INT;
    DECLARE v_recommendation_count INT;
   	DECLARE v_role VARCHAR(255);

    
    SELECT book_id INTO v_recommended_book_id
    FROM (
        SELECT bt.book_id, COUNT(*) AS checkout_count
        FROM book_transactions bt
        WHERE bt.user_id = p_user_id AND bt.transaction_type = 'Checked Out'
        GROUP BY bt.book_id
        ORDER BY checkout_count DESC
        LIMIT 1
    ) AS user_checkout_counts;

    
    SELECT COUNT(*) INTO v_recommendation_count
    FROM personal_recommendations
    WHERE user_id = p_user_id AND recommended_book_id = recommended_book_id;
   
   	SELECT role INTO v_role FROM user_info WHERE user_id = p_user_id LIMIT 1;
   
   	IF v_role = 'student' THEN
		IF v_recommendation_count IS NULL THEN
			SELECT 'No checked out found' AS message, 404 AS status;
		ELSE
		    IF v_recommendation_count > 0 THEN
		        SELECT 'This book is already in the recommendation list' AS message, 409 AS status;
		    ELSE
		        
		        INSERT INTO personal_recommendations (user_id, recommended_book_id)
		        VALUES (p_user_id, v_recommended_book_id);
		
		        SELECT 'Marked as checked out successfully' AS message, 201 AS status;
	    	END IF;
	   	END IF;
	END IF;
END ;;
DELIMITER ;
/*!50003 SET sql_mode              = @saved_sql_mode */ ;
/*!50003 SET character_set_client  = @saved_cs_client */ ;
/*!50003 SET character_set_results = @saved_cs_results */ ;
/*!50003 SET collation_connection  = @saved_col_connection */ ;
/*!50003 SET @saved_sql_mode       = @@sql_mode */ ;
/*!50003 SET sql_mode              = 'ONLY_FULL_GROUP_BY,STRICT_TRANS_TABLES,NO_ZERO_IN_DATE,NO_ZERO_DATE,ERROR_FOR_DIVISION_BY_ZERO,NO_ENGINE_SUBSTITUTION' */ ;
/*!50003 DROP PROCEDURE IF EXISTS `BulkInsert` */;
/*!50003 SET @saved_cs_client      = @@character_set_client */ ;
/*!50003 SET @saved_cs_results     = @@character_set_results */ ;
/*!50003 SET @saved_col_connection = @@collation_connection */ ;
/*!50003 SET character_set_client  = utf8mb4 */ ;
/*!50003 SET character_set_results = utf8mb4 */ ;
/*!50003 SET collation_connection  = utf8mb4_general_ci */ ;
DELIMITER ;;
CREATE DEFINER=`root`@`localhost` PROCEDURE `BulkInsert`(
    IN p_data JSON
)
BEGIN
    
    DECLARE v_accession_no VARCHAR(255);
    DECLARE v_date_received VARCHAR(255);
    DECLARE v_author_name VARCHAR(255);
    DECLARE v_title VARCHAR(255);
    DECLARE v_edition VARCHAR(50);
    DECLARE v_volumes VARCHAR(50);
    DECLARE v_cost_price VARCHAR(255);
    DECLARE v_publisher_name VARCHAR(255);
    DECLARE v_copyright_yr VARCHAR(50);
    DECLARE v_remarks TEXT;
    DECLARE v_count INT;

    
    DECLARE v_author_id INT;
    DECLARE v_publisher_id INT;
    DECLARE v_books_id INT;

    
    DECLARE i INT DEFAULT 0;
    DECLARE max INT;
    SELECT JSON_ARRAY_LENGTH(p_data) INTO max;

    WHILE i < max DO
        
        SET v_count = 0;

        
		SET v_accession_no = CAST(JSON_UNQUOTE(JSON_EXTRACT(p_data, CONCAT('$[', i, '].Accession No'))) AS SIGNED);
        SET v_date_received = JSON_UNQUOTE(JSON_EXTRACT(p_data, CONCAT('$[', i, '].Date Received')));
        SET v_edition = JSON_UNQUOTE(JSON_EXTRACT(p_data, CONCAT('$[', i, '].Edition')));
        SET v_volumes = JSON_UNQUOTE(JSON_EXTRACT(p_data, CONCAT('$[', i, '].Volumes')));
		SET v_cost_price = JSON_UNQUOTE(JSON_EXTRACT(p_data, CONCAT('$[', i, '].Cost Price')));
		SET v_copyright_yr = JSON_UNQUOTE(JSON_EXTRACT(p_data, CONCAT('$[', i, '].Copyright Yr')));
        SET v_remarks = JSON_UNQUOTE(JSON_EXTRACT(p_data, CONCAT('$[', i, '].Remarks')));
       	SET v_author_name = JSON_UNQUOTE(JSON_EXTRACT(p_data, CONCAT('$[', i, '].Author')));
		SET v_title = JSON_UNQUOTE(JSON_EXTRACT(p_data, CONCAT('$[', i, '].Title of the Book')));
		SET v_publisher_name = JSON_UNQUOTE(JSON_EXTRACT(p_data, CONCAT('$[', i, '].Publisher')));

        
        SELECT COUNT(*) INTO v_count FROM books WHERE title = v_title;

        
        SET v_date_received = STR_TO_DATE(v_date_received, '%a %b %d %Y');

        IF v_count = 1 THEN
            
            SELECT book_id INTO v_books_id FROM books WHERE title = v_title;

            
            UPDATE volumes
            SET copies = copies + 1
            WHERE book_id = v_books_id;

            
            INSERT INTO accession_no (accession_no, book_id)
            VALUES (v_accession_no, v_books_id);
        ELSE
            
            INSERT INTO authors (author_name)
            VALUES (v_author_name)
            ON DUPLICATE KEY UPDATE author_id = LAST_INSERT_ID(author_id);

            
            SET v_author_id = LAST_INSERT_ID();

            
            INSERT INTO publishers (publisher_name)
            VALUES (v_publisher_name)
            ON DUPLICATE KEY UPDATE publisher_id = LAST_INSERT_ID(publisher_id);

            
            SET v_publisher_id = LAST_INSERT_ID();

            
            INSERT INTO books (date_received, title, author_id, edition, publisher_id, copyright_yr, remarks, cost_price, book_status)
            VALUES (v_date_received, v_title, v_author_id, v_edition, v_publisher_id, v_copyright_yr, v_remarks, v_cost_price, 'old');

            
            SET v_books_id = LAST_INSERT_ID();

            
            INSERT INTO book_author (accession_no, author_id)
            VALUES (v_accession_no, v_author_id);

            
            INSERT INTO book_publisher (accession_no, publisher_id)
            VALUES (v_accession_no, v_publisher_id);

            
            INSERT INTO volumes (book_id, copies)
            VALUES (v_books_id, 1);

            
            
            INSERT INTO book_image (book_id, img_path)
            VALUES (v_books_id, p_img_path);

            
            INSERT INTO accession_no (accession_no, book_id)
            VALUES (v_accession_no, v_books_id);
        END IF;

        
        SET i = i + 1;
    END WHILE;

   	
   	COMMIT;
   
    SELECT 'Successfully Added Records.' AS message;
   	
END ;;
DELIMITER ;
/*!50003 SET sql_mode              = @saved_sql_mode */ ;
/*!50003 SET character_set_client  = @saved_cs_client */ ;
/*!50003 SET character_set_results = @saved_cs_results */ ;
/*!50003 SET collation_connection  = @saved_col_connection */ ;
/*!50003 SET @saved_sql_mode       = @@sql_mode */ ;
/*!50003 SET sql_mode              = 'IGNORE_SPACE,STRICT_TRANS_TABLES,ERROR_FOR_DIVISION_BY_ZERO,NO_AUTO_CREATE_USER,NO_ENGINE_SUBSTITUTION' */ ;
/*!50003 DROP PROCEDURE IF EXISTS `CalculateAndApplyFines` */;
/*!50003 SET @saved_cs_client      = @@character_set_client */ ;
/*!50003 SET @saved_cs_results     = @@character_set_results */ ;
/*!50003 SET @saved_col_connection = @@collation_connection */ ;
/*!50003 SET character_set_client  = utf8mb4 */ ;
/*!50003 SET character_set_results = utf8mb4 */ ;
/*!50003 SET collation_connection  = utf8mb4_unicode_ci */ ;
DELIMITER ;;
CREATE DEFINER=`root`@`localhost` PROCEDURE `CalculateAndApplyFines`()
BEGIN
    
--     SET @daily_fine = 5.00;
	SET @daily_fine = 0.001;

    
    UPDATE fines_and_fees AS ff
    JOIN book_transactions AS bt ON ff.transaction_id = bt.transaction_id
--     SET ff.fine_amount = DATEDIFF(NOW(), bt.due_date) * @daily_fine
	SET ff.fine_amount = TIMEDIFF(NOW(), bt.due_date) * @daily_fine
    WHERE bt.due_date < NOW() AND bt.status = 'Active';
END ;;
DELIMITER ;
/*!50003 SET sql_mode              = @saved_sql_mode */ ;
/*!50003 SET character_set_client  = @saved_cs_client */ ;
/*!50003 SET character_set_results = @saved_cs_results */ ;
/*!50003 SET collation_connection  = @saved_col_connection */ ;
/*!50003 SET @saved_sql_mode       = @@sql_mode */ ;
/*!50003 SET sql_mode              = 'IGNORE_SPACE,STRICT_TRANS_TABLES,ERROR_FOR_DIVISION_BY_ZERO,NO_AUTO_CREATE_USER,NO_ENGINE_SUBSTITUTION' */ ;
/*!50003 DROP PROCEDURE IF EXISTS `CancelPendingTransaction` */;
/*!50003 SET @saved_cs_client      = @@character_set_client */ ;
/*!50003 SET @saved_cs_results     = @@character_set_results */ ;
/*!50003 SET @saved_col_connection = @@collation_connection */ ;
/*!50003 SET character_set_client  = utf8mb4 */ ;
/*!50003 SET character_set_results = utf8mb4 */ ;
/*!50003 SET collation_connection  = utf8mb4_unicode_ci */ ;
DELIMITER ;;
CREATE DEFINER=`root`@`localhost` PROCEDURE `CancelPendingTransaction`(
	IN p_pending_transaction_id INT
)
BEGIN
	DECLARE v_book_id INT;
	DECLARE v_user_id INT;
	DECLARE v_transaction_type ENUM('Borrowed','Returned','Checked In','Checked Out','Held','Reserved');
  	DECLARE v_due_date DATETIME;
  	DECLARE v_message TEXT;
  	DECLARE v_book_title VARCHAR(255);
	
    
  	SELECT book_id, user_id, transaction_type INTO v_book_id, v_user_id, v_transaction_type FROM pending_transactions WHERE pending_transaction_id = p_pending_transaction_id;
  	
  	SELECT title INTO v_book_title FROM books WHERE book_id = v_book_id;
	  
	SET v_message = CONCAT(
		'The book ', v_book_title, ' you ',
		CASE 
			WHEN v_transaction_type = 'Borrowed' THEN 'borrowed has been cancelled'
			WHEN v_transaction_type = 'Returned' THEN 'returned has been cancelled'
			WHEN v_transaction_type = 'Checked In' THEN 'checked in has been cancelled'
			WHEN v_transaction_type = 'Checked Out' THEN 'checked out has been cancelled'
			WHEN v_transaction_type = 'Held' THEN 'held has been cancelled'
			WHEN v_transaction_type = 'Reserved' THEN 'reserved has been cancelled'
			WHEN v_transaction_type = 'Renewals' THEN 'renew has been cancelled'
			ELSE 'unknown'
		END,
		' on ',  DATE_FORMAT(NOW(), '%M %e, %Y') 
	);
  
	
	INSERT INTO notifications (user_id, message, notification_type, creation_date)
	VALUES (v_user_id, v_message, 'Cancelled', NOW());

	
	UPDATE pending_transactions
  	SET status = 'Cancelled', approve_date = NOW()
  	WHERE pending_transaction_id = p_pending_transaction_id;
  
  	SELECT 'Transaction cancelled' AS message, 201 AS status;
END ;;
DELIMITER ;
/*!50003 SET sql_mode              = @saved_sql_mode */ ;
/*!50003 SET character_set_client  = @saved_cs_client */ ;
/*!50003 SET character_set_results = @saved_cs_results */ ;
/*!50003 SET collation_connection  = @saved_col_connection */ ;
/*!50003 SET @saved_sql_mode       = @@sql_mode */ ;
/*!50003 SET sql_mode              = 'IGNORE_SPACE,STRICT_TRANS_TABLES,ERROR_FOR_DIVISION_BY_ZERO,NO_AUTO_CREATE_USER,NO_ENGINE_SUBSTITUTION' */ ;
/*!50003 DROP PROCEDURE IF EXISTS `CancelRenewalBook` */;
/*!50003 SET @saved_cs_client      = @@character_set_client */ ;
/*!50003 SET @saved_cs_results     = @@character_set_results */ ;
/*!50003 SET @saved_col_connection = @@collation_connection */ ;
/*!50003 SET character_set_client  = utf8mb4 */ ;
/*!50003 SET character_set_results = utf8mb4 */ ;
/*!50003 SET collation_connection  = utf8mb4_unicode_ci */ ;
DELIMITER ;;
CREATE DEFINER=`root`@`localhost` PROCEDURE `CancelRenewalBook`(
    IN p_renewal_id INT
)
BEGIN
    DECLARE v_user_id INT;
    DECLARE v_book_id INT;
    DECLARE v_transaction_id INT;
    DECLARE v_title VARCHAR(255);
    DECLARE v_message TEXT;

    -- Get user_id and book_id associated with the renewal
    SELECT user_id, transaction_id
    INTO v_user_id, v_transaction_id
    FROM book_renewals
    WHERE renewal_id = p_renewal_id;

    -- Update approval status to 'Cancelled'
    UPDATE book_renewals
    SET approval_status = 'Cancelled'
    WHERE renewal_id = p_renewal_id;

    -- Get the book id
    SELECT book_id INTO v_book_id FROM book_transactions WHERE transaction_id = v_transaction_id;

    -- Get the book title
    SELECT title INTO v_title FROM books WHERE book_id = v_book_id;

    -- Set the notification message
    SET v_message = CONCAT(
        'Your renewal of ',
        v_title,
        ' book has been Cancelled',
        ' on ',
        DATE_FORMAT(NOW(), '%M %e, %Y')
    );

    -- Insert notification for user
    INSERT INTO notifications (user_id, message, notification_type, creation_date)
    VALUES (v_user_id, v_message, 'Cancelled', NOW());

    -- Add any additional logic or actions as needed
    COMMIT;
    SELECT 'Renewal cancelled successfully' AS message, 200 AS status;
END ;;
DELIMITER ;
/*!50003 SET sql_mode              = @saved_sql_mode */ ;
/*!50003 SET character_set_client  = @saved_cs_client */ ;
/*!50003 SET character_set_results = @saved_cs_results */ ;
/*!50003 SET collation_connection  = @saved_col_connection */ ;
/*!50003 SET @saved_sql_mode       = @@sql_mode */ ;
/*!50003 SET sql_mode              = 'ONLY_FULL_GROUP_BY,STRICT_TRANS_TABLES,NO_ZERO_IN_DATE,NO_ZERO_DATE,ERROR_FOR_DIVISION_BY_ZERO,NO_ENGINE_SUBSTITUTION' */ ;
/*!50003 DROP PROCEDURE IF EXISTS `ChangeLibrarianPass` */;
/*!50003 SET @saved_cs_client      = @@character_set_client */ ;
/*!50003 SET @saved_cs_results     = @@character_set_results */ ;
/*!50003 SET @saved_col_connection = @@collation_connection */ ;
/*!50003 SET character_set_client  = utf8mb4 */ ;
/*!50003 SET character_set_results = utf8mb4 */ ;
/*!50003 SET collation_connection  = utf8mb4_general_ci */ ;
DELIMITER ;;
CREATE DEFINER=`root`@`localhost` PROCEDURE `ChangeLibrarianPass`(
	IN p_password VARCHAR(255),
	IN p_librarian_id INT
)
BEGIN

	IF (SELECT COUNT(*) FROM librarian_login WHERE librarian_id = p_librarian_id) = 1 THEN
		
		UPDATE librarian_login SET password = p_password WHERE librarian_id = p_librarian_id;
		SELECT 'Password change successfully' AS message, 200 AS status_code;
	ELSE
		SELECT 'Librarian does not exist or not found' AS message, 404 AS status_code;
	END IF;
END ;;
DELIMITER ;
/*!50003 SET sql_mode              = @saved_sql_mode */ ;
/*!50003 SET character_set_client  = @saved_cs_client */ ;
/*!50003 SET character_set_results = @saved_cs_results */ ;
/*!50003 SET collation_connection  = @saved_col_connection */ ;
/*!50003 SET @saved_sql_mode       = @@sql_mode */ ;
/*!50003 SET sql_mode              = 'ONLY_FULL_GROUP_BY,STRICT_TRANS_TABLES,NO_ZERO_IN_DATE,NO_ZERO_DATE,ERROR_FOR_DIVISION_BY_ZERO,NO_ENGINE_SUBSTITUTION' */ ;
/*!50003 DROP PROCEDURE IF EXISTS `ChangeUserPass` */;
/*!50003 SET @saved_cs_client      = @@character_set_client */ ;
/*!50003 SET @saved_cs_results     = @@character_set_results */ ;
/*!50003 SET @saved_col_connection = @@collation_connection */ ;
/*!50003 SET character_set_client  = utf8mb4 */ ;
/*!50003 SET character_set_results = utf8mb4 */ ;
/*!50003 SET collation_connection  = utf8mb4_general_ci */ ;
DELIMITER ;;
CREATE DEFINER=`root`@`localhost` PROCEDURE `ChangeUserPass`(
	IN p_email VARCHAR(255),
	IN p_password VARCHAR(255)
)
BEGIN
	IF (SELECT COUNT(*) FROM user_login WHERE email_address  = p_email) < 1 THEN
		SELECT 'User not found' AS message, 404 AS status;
	ELSE
		UPDATE user_login SET password = p_password WHERE email_address  = p_email;
		SELECT 'Password change successfully' AS message, 201 AS status;
	END IF;
	
END ;;
DELIMITER ;
/*!50003 SET sql_mode              = @saved_sql_mode */ ;
/*!50003 SET character_set_client  = @saved_cs_client */ ;
/*!50003 SET character_set_results = @saved_cs_results */ ;
/*!50003 SET collation_connection  = @saved_col_connection */ ;
/*!50003 SET @saved_sql_mode       = @@sql_mode */ ;
/*!50003 SET sql_mode              = 'IGNORE_SPACE,STRICT_TRANS_TABLES,ERROR_FOR_DIVISION_BY_ZERO,NO_AUTO_CREATE_USER,NO_ENGINE_SUBSTITUTION' */ ;
/*!50003 DROP PROCEDURE IF EXISTS `CheckedOutReturnBook` */;
/*!50003 SET @saved_cs_client      = @@character_set_client */ ;
/*!50003 SET @saved_cs_results     = @@character_set_results */ ;
/*!50003 SET @saved_col_connection = @@collation_connection */ ;
/*!50003 SET character_set_client  = utf8mb4 */ ;
/*!50003 SET character_set_results = utf8mb4 */ ;
/*!50003 SET collation_connection  = utf8mb4_unicode_ci */ ;
DELIMITER ;;
CREATE DEFINER=`root`@`localhost` PROCEDURE `CheckedOutReturnBook`(
	IN p_transaction_id INT,
	IN p_transaction_type ENUM('Checked Out', 'Returned', 'Held'),
	IN p_status ENUM('Completed', 'Cancelled', 'Active'),
	IN p_fee ENUM('Late Return Fee','Damaged Book Fee','Lost Book Fee','No issue','Other')
)
BEGIN
	DECLARE v_book_id INT;
	DECLARE v_user_id INT;
	DECLARE v_pending_transaction_id INT;
	
	SELECT book_id, user_id, pending_transaction_id INTO v_book_id, v_user_id, v_pending_transaction_id FROM book_transactions WHERE transaction_id = p_transaction_id;

	IF p_status = 'Completed' THEN
		UPDATE book_transactions SET status = 'Completed', transaction_type = p_transaction_type WHERE transaction_id = p_transaction_id;
		UPDATE fines_and_fees SET fine_type = p_fee, status = 'Paid' WHERE transaction_id = p_transaction_id;
	
		IF (SELECT COUNT(*) FROM book_holds WHERE book_id = v_book_id AND hold_status = 'active') < 0 THEN
			CALL ManageBookCopies('add', 1, v_book_id); 
		END IF;
	
		SELECT CONCAT(p_transaction_type, ' completed') AS message, 201 AS status; 
	ELSEIF p_status = 'Cancelled' THEN
		UPDATE book_transactions SET status = 'Cancelled', transaction_type = p_transaction_type WHERE transaction_id = p_transaction_id;
		CALL ManageBookCopies('return', 1, v_book_id);
		SELECT CONCAT(p_transaction_type, ' cancelled') AS message, 201 AS status;
	ELSEIF p_status = 'Active' THEN
		UPDATE book_transactions SET transaction_type = p_transaction_type WHERE transaction_id  = p_transaction_id;
		UPDATE books SET total_checkedout = total_checkedout + 1 WHERE book_id = v_book_id;
		CALL AutoGeneratePersonalRecommendation(v_user_id);
		INSERT INTO fines_and_fees (transaction_id, fine_type, fine_date)
		VALUES(p_transaction_id, 'Other', NOW());
		SELECT CONCAT(p_transaction_type, ' successfully') AS message, 201 AS status;
	END IF;
END ;;
DELIMITER ;
/*!50003 SET sql_mode              = @saved_sql_mode */ ;
/*!50003 SET character_set_client  = @saved_cs_client */ ;
/*!50003 SET character_set_results = @saved_cs_results */ ;
/*!50003 SET collation_connection  = @saved_col_connection */ ;
/*!50003 SET @saved_sql_mode       = @@sql_mode */ ;
/*!50003 SET sql_mode              = 'ONLY_FULL_GROUP_BY,STRICT_TRANS_TABLES,NO_ZERO_IN_DATE,NO_ZERO_DATE,ERROR_FOR_DIVISION_BY_ZERO,NO_ENGINE_SUBSTITUTION' */ ;
/*!50003 DROP PROCEDURE IF EXISTS `ClearLibrarianNotifications` */;
/*!50003 SET @saved_cs_client      = @@character_set_client */ ;
/*!50003 SET @saved_cs_results     = @@character_set_results */ ;
/*!50003 SET @saved_col_connection = @@collation_connection */ ;
/*!50003 SET character_set_client  = utf8mb4 */ ;
/*!50003 SET character_set_results = utf8mb4 */ ;
/*!50003 SET collation_connection  = utf8mb4_general_ci */ ;
DELIMITER ;;
CREATE DEFINER=`root`@`localhost` PROCEDURE `ClearLibrarianNotifications`(
    IN p_notification_id INT
)
BEGIN
    IF p_notification_id = 0 THEN
        
        UPDATE librarian_notifications SET status = 'read' WHERE notification_id > 0;
        
        SELECT 'Cleared all notifications' AS message, 201 AS status;
    ELSE
        
        UPDATE librarian_notifications SET status = 'read' WHERE notification_id = p_notification_id;
    
        SELECT 'Cleared one notification' AS message, 201 AS status;
    END IF;
END ;;
DELIMITER ;
/*!50003 SET sql_mode              = @saved_sql_mode */ ;
/*!50003 SET character_set_client  = @saved_cs_client */ ;
/*!50003 SET character_set_results = @saved_cs_results */ ;
/*!50003 SET collation_connection  = @saved_col_connection */ ;
/*!50003 SET @saved_sql_mode       = @@sql_mode */ ;
/*!50003 SET sql_mode              = 'ONLY_FULL_GROUP_BY,STRICT_TRANS_TABLES,NO_ZERO_IN_DATE,NO_ZERO_DATE,ERROR_FOR_DIVISION_BY_ZERO,NO_ENGINE_SUBSTITUTION' */ ;
/*!50003 DROP PROCEDURE IF EXISTS `ClearUserNotifications` */;
/*!50003 SET @saved_cs_client      = @@character_set_client */ ;
/*!50003 SET @saved_cs_results     = @@character_set_results */ ;
/*!50003 SET @saved_col_connection = @@collation_connection */ ;
/*!50003 SET character_set_client  = utf8mb4 */ ;
/*!50003 SET character_set_results = utf8mb4 */ ;
/*!50003 SET collation_connection  = utf8mb4_general_ci */ ;
DELIMITER ;;
CREATE DEFINER=`root`@`localhost` PROCEDURE `ClearUserNotifications`(
	IN p_notification_id INT,
	IN p_user_id INT
)
BEGIN
	IF p_notification_id = 0 THEN
		UPDATE notifications SET status = 'read' WHERE user_id = p_user_id;
	
		SELECT 'All notifications cleared' AS message, 201 AS status;
	ELSE
		UPDATE notifications SET status = 'read' WHERE notification_id = p_notification_id;
	
		SELECT 'Clear notification' AS message, 201 AS status;
	END IF;
		
END ;;
DELIMITER ;
/*!50003 SET sql_mode              = @saved_sql_mode */ ;
/*!50003 SET character_set_client  = @saved_cs_client */ ;
/*!50003 SET character_set_results = @saved_cs_results */ ;
/*!50003 SET collation_connection  = @saved_col_connection */ ;
/*!50003 SET @saved_sql_mode       = @@sql_mode */ ;
/*!50003 SET sql_mode              = 'ONLY_FULL_GROUP_BY,STRICT_TRANS_TABLES,NO_ZERO_IN_DATE,NO_ZERO_DATE,ERROR_FOR_DIVISION_BY_ZERO,NO_ENGINE_SUBSTITUTION' */ ;
/*!50003 DROP PROCEDURE IF EXISTS `CreateNewList` */;
/*!50003 SET @saved_cs_client      = @@character_set_client */ ;
/*!50003 SET @saved_cs_results     = @@character_set_results */ ;
/*!50003 SET @saved_col_connection = @@collation_connection */ ;
/*!50003 SET character_set_client  = utf8mb4 */ ;
/*!50003 SET character_set_results = utf8mb4 */ ;
/*!50003 SET collation_connection  = utf8mb4_general_ci */ ;
DELIMITER ;;
CREATE DEFINER=`root`@`localhost` PROCEDURE `CreateNewList`(
	IN p_user_id INT,
	IN p_list_name VARCHAR(255),
	IN p_list_desc TEXT
)
BEGIN
	IF (SELECT COUNT(*) FROM user_lists WHERE list_name = p_list_name) > 0 THEN
		SELECT 'List name already exist', 409 AS status;
	ELSE
		INSERT INTO user_lists(user_id, list_name, list_desc)
		VALUES (p_user_id, p_list_name, p_list_desc);
		SELECT 'List created successfully' AS message, 201 AS status;
	END IF;
END ;;
DELIMITER ;
/*!50003 SET sql_mode              = @saved_sql_mode */ ;
/*!50003 SET character_set_client  = @saved_cs_client */ ;
/*!50003 SET character_set_results = @saved_cs_results */ ;
/*!50003 SET collation_connection  = @saved_col_connection */ ;
/*!50003 SET @saved_sql_mode       = @@sql_mode */ ;
/*!50003 SET sql_mode              = 'ONLY_FULL_GROUP_BY,STRICT_TRANS_TABLES,NO_ZERO_IN_DATE,NO_ZERO_DATE,ERROR_FOR_DIVISION_BY_ZERO,NO_ENGINE_SUBSTITUTION' */ ;
/*!50003 DROP PROCEDURE IF EXISTS `DeleteContentList` */;
/*!50003 SET @saved_cs_client      = @@character_set_client */ ;
/*!50003 SET @saved_cs_results     = @@character_set_results */ ;
/*!50003 SET @saved_col_connection = @@collation_connection */ ;
/*!50003 SET character_set_client  = utf8mb4 */ ;
/*!50003 SET character_set_results = utf8mb4 */ ;
/*!50003 SET collation_connection  = utf8mb4_general_ci */ ;
DELIMITER ;;
CREATE DEFINER=`root`@`localhost` PROCEDURE `DeleteContentList`(
	IN p_content_id INT
)
BEGIN
	IF (SELECT COUNT(*) FROM list_contents WHERE content_id = p_content_id) < 0 THEN 
		SELECT 'List content not found' AS message, 404 AS status;
	ELSE
		DELETE FROM list_contents WHERE content_id = p_content_id;
		SELECT 'Content successfully remove' AS message, 201 AS status;
	END IF;
END ;;
DELIMITER ;
/*!50003 SET sql_mode              = @saved_sql_mode */ ;
/*!50003 SET character_set_client  = @saved_cs_client */ ;
/*!50003 SET character_set_results = @saved_cs_results */ ;
/*!50003 SET collation_connection  = @saved_col_connection */ ;
/*!50003 SET @saved_sql_mode       = @@sql_mode */ ;
/*!50003 SET sql_mode              = 'ONLY_FULL_GROUP_BY,STRICT_TRANS_TABLES,NO_ZERO_IN_DATE,NO_ZERO_DATE,ERROR_FOR_DIVISION_BY_ZERO,NO_ENGINE_SUBSTITUTION' */ ;
/*!50003 DROP PROCEDURE IF EXISTS `DeleteUserList` */;
/*!50003 SET @saved_cs_client      = @@character_set_client */ ;
/*!50003 SET @saved_cs_results     = @@character_set_results */ ;
/*!50003 SET @saved_col_connection = @@collation_connection */ ;
/*!50003 SET character_set_client  = utf8mb4 */ ;
/*!50003 SET character_set_results = utf8mb4 */ ;
/*!50003 SET collation_connection  = utf8mb4_general_ci */ ;
DELIMITER ;;
CREATE DEFINER=`root`@`localhost` PROCEDURE `DeleteUserList`(
	IN p_list_id INT
)
BEGIN
	IF (SELECT COUNT(*) FROM user_lists WHERE list_id = p_list_id) < 0 THEN
		SELECT 'List not found' AS message, 404 AS status;
	ELSE
		DELETE FROM user_lists WHERE list_id = p_list_id;
		DELETE FROM list_contents WHERE list_id  = p_list_id;
	
		SELECT 'List remove successfully' AS message, 201 AS status;
	END IF;
END ;;
DELIMITER ;
/*!50003 SET sql_mode              = @saved_sql_mode */ ;
/*!50003 SET character_set_client  = @saved_cs_client */ ;
/*!50003 SET character_set_results = @saved_cs_results */ ;
/*!50003 SET collation_connection  = @saved_col_connection */ ;
/*!50003 SET @saved_sql_mode       = @@sql_mode */ ;
/*!50003 SET sql_mode              = 'ONLY_FULL_GROUP_BY,STRICT_TRANS_TABLES,NO_ZERO_IN_DATE,NO_ZERO_DATE,ERROR_FOR_DIVISION_BY_ZERO,NO_ENGINE_SUBSTITUTION' */ ;
/*!50003 DROP PROCEDURE IF EXISTS `DisplayFinesAndFees` */;
/*!50003 SET @saved_cs_client      = @@character_set_client */ ;
/*!50003 SET @saved_cs_results     = @@character_set_results */ ;
/*!50003 SET @saved_col_connection = @@collation_connection */ ;
/*!50003 SET character_set_client  = utf8mb4 */ ;
/*!50003 SET character_set_results = utf8mb4 */ ;
/*!50003 SET collation_connection  = utf8mb4_general_ci */ ;
DELIMITER ;;
CREATE DEFINER=`root`@`localhost` PROCEDURE `DisplayFinesAndFees`()
BEGIN
	CALL CalculateAndApplyFines();
	
	SELECT * FROM fines_and_fees_summary;
END ;;
DELIMITER ;
/*!50003 SET sql_mode              = @saved_sql_mode */ ;
/*!50003 SET character_set_client  = @saved_cs_client */ ;
/*!50003 SET character_set_results = @saved_cs_results */ ;
/*!50003 SET collation_connection  = @saved_col_connection */ ;
/*!50003 SET @saved_sql_mode       = @@sql_mode */ ;
/*!50003 SET sql_mode              = 'ONLY_FULL_GROUP_BY,STRICT_TRANS_TABLES,NO_ZERO_IN_DATE,NO_ZERO_DATE,ERROR_FOR_DIVISION_BY_ZERO,NO_ENGINE_SUBSTITUTION' */ ;
/*!50003 DROP PROCEDURE IF EXISTS `GenerateTransactionMessage` */;
/*!50003 SET @saved_cs_client      = @@character_set_client */ ;
/*!50003 SET @saved_cs_results     = @@character_set_results */ ;
/*!50003 SET @saved_col_connection = @@collation_connection */ ;
/*!50003 SET character_set_client  = utf8mb4 */ ;
/*!50003 SET character_set_results = utf8mb4 */ ;
/*!50003 SET collation_connection  = utf8mb4_general_ci */ ;
DELIMITER ;;
CREATE DEFINER=`root`@`localhost` PROCEDURE `GenerateTransactionMessage`(
	IN p_book_id INT,
	IN p_transaction_type ENUM('Borrowed', 'Returned', 'Checked In', 'CheckedOut', 'Held', 'Reserved'),
	IN p_transaction_date DATETIME,
	OUT p_generated_message VARCHAR(255)
)
BEGIN
	DECLARE v_book_title VARCHAR(255);

	
	SELECT title INTO v_book_title FROM books WHERE book_id = p_book_id;
	
	
	SET @message = CONCAT(
		'The book ', v_book_title, ' has been ',
		CASE 
			WHEN p_transaction_type = 'Borrowed' THEN 'borrowed'
			WHEN p_transaction_type = 'Returned' THEN 'returned'
			WHEN p_transaction_type = 'Checked In' THEN 'checked in'
			WHEN p_transaction_type = 'Checked Out' THEN 'ready for checked out'
			WHEN p_transaction_type = 'Held' THEN 'held'
			WHEN p_transaction_type = 'Reserved' THEN 'reserved'
			ELSE 'unknown'
		END,
		' on ',  DATE_FORMAT(p_transaction_date, '%M %e, %Y') 
	);
	
	
	SET p_generated_message = @message;
END ;;
DELIMITER ;
/*!50003 SET sql_mode              = @saved_sql_mode */ ;
/*!50003 SET character_set_client  = @saved_cs_client */ ;
/*!50003 SET character_set_results = @saved_cs_results */ ;
/*!50003 SET collation_connection  = @saved_col_connection */ ;
/*!50003 SET @saved_sql_mode       = @@sql_mode */ ;
/*!50003 SET sql_mode              = 'IGNORE_SPACE,STRICT_TRANS_TABLES,ERROR_FOR_DIVISION_BY_ZERO,NO_AUTO_CREATE_USER,NO_ENGINE_SUBSTITUTION' */ ;
/*!50003 DROP PROCEDURE IF EXISTS `GetPendingTransactions` */;
/*!50003 SET @saved_cs_client      = @@character_set_client */ ;
/*!50003 SET @saved_cs_results     = @@character_set_results */ ;
/*!50003 SET @saved_col_connection = @@collation_connection */ ;
/*!50003 SET character_set_client  = utf8mb4 */ ;
/*!50003 SET character_set_results = utf8mb4 */ ;
/*!50003 SET collation_connection  = utf8mb4_unicode_ci */ ;
DELIMITER ;;
CREATE DEFINER=`root`@`localhost` PROCEDURE `GetPendingTransactions`(
--     IN p_options VARCHAR(255)
)
BEGIN
    SELECT * FROM transactions_pending AS reserved WHERE status = 'Pending' AND transaction_type = 'Reserved';
   	SELECT * FROM transactions_pending AS held WHERE status = 'Pending' AND transaction_type = 'Held';
   	SELECT * FROM transactions_pending AS borrowed WHERE status = 'Pending' AND transaction_type = 'Borrowed';
   	SELECT * FROM renewal_details AS renewal WHERE approval_status = 'Pending';
	SELECT * FROM transactions_pending AS approved WHERE status = 'Approved';
	SELECT * FROM fines_and_fees_summary AS finesfees ORDER BY total_fines_and_fees DESC;
	SELECT * FROM renewal_details AS all_renewals WHERE approval_status != 'Pending';
END ;;
DELIMITER ;
/*!50003 SET sql_mode              = @saved_sql_mode */ ;
/*!50003 SET character_set_client  = @saved_cs_client */ ;
/*!50003 SET character_set_results = @saved_cs_results */ ;
/*!50003 SET collation_connection  = @saved_col_connection */ ;
/*!50003 SET @saved_sql_mode       = @@sql_mode */ ;
/*!50003 SET sql_mode              = 'IGNORE_SPACE,STRICT_TRANS_TABLES,ERROR_FOR_DIVISION_BY_ZERO,NO_AUTO_CREATE_USER,NO_ENGINE_SUBSTITUTION' */ ;
/*!50003 DROP PROCEDURE IF EXISTS `GetPersonalizeInstructorRecommendations` */;
/*!50003 SET @saved_cs_client      = @@character_set_client */ ;
/*!50003 SET @saved_cs_results     = @@character_set_results */ ;
/*!50003 SET @saved_col_connection = @@collation_connection */ ;
/*!50003 SET character_set_client  = utf8mb4 */ ;
/*!50003 SET character_set_results = utf8mb4 */ ;
/*!50003 SET collation_connection  = utf8mb4_unicode_ci */ ;
DELIMITER ;;
CREATE DEFINER=`root`@`localhost` PROCEDURE `GetPersonalizeInstructorRecommendations`(
	IN p_role VARCHAR(100),
	IN p_user_id INT
)
BEGIN
	IF p_role = 'instructor' THEN
		SELECT recommendation_id,book_id,fullname,department,title,author_name,total_checkedout,recommendation_status,visibility FROM instructor_recommendations_details WHERE user_id = p_user_id ORDER BY recommendation_id ASC;
	ELSEIF p_role = 'student' THEN
		SELECT recommendation_id,user_id,book_id,fullname,department,title,author_name,total_checkedout,recommendation_status FROM presonalize_recomendations_details WHERE user_id = p_user_id ORDER BY recommendation_id DESC;
	END IF;
END ;;
DELIMITER ;
/*!50003 SET sql_mode              = @saved_sql_mode */ ;
/*!50003 SET character_set_client  = @saved_cs_client */ ;
/*!50003 SET character_set_results = @saved_cs_results */ ;
/*!50003 SET collation_connection  = @saved_col_connection */ ;
/*!50003 SET @saved_sql_mode       = @@sql_mode */ ;
/*!50003 SET sql_mode              = 'IGNORE_SPACE,STRICT_TRANS_TABLES,ERROR_FOR_DIVISION_BY_ZERO,NO_AUTO_CREATE_USER,NO_ENGINE_SUBSTITUTION' */ ;
/*!50003 DROP PROCEDURE IF EXISTS `GetRenewalDetails` */;
/*!50003 SET @saved_cs_client      = @@character_set_client */ ;
/*!50003 SET @saved_cs_results     = @@character_set_results */ ;
/*!50003 SET @saved_col_connection = @@collation_connection */ ;
/*!50003 SET character_set_client  = utf8mb4 */ ;
/*!50003 SET character_set_results = utf8mb4 */ ;
/*!50003 SET collation_connection  = utf8mb4_unicode_ci */ ;
DELIMITER ;;
CREATE DEFINER=`root`@`localhost` PROCEDURE `GetRenewalDetails`()
BEGIN
	SELECT * FROM renewal_details AS pending_renewals WHERE approval_status = 'Pending';
	SELECT * FROM renewal_details AS all_renewals WHERE approval_status != 'Pending';
END ;;
DELIMITER ;
/*!50003 SET sql_mode              = @saved_sql_mode */ ;
/*!50003 SET character_set_client  = @saved_cs_client */ ;
/*!50003 SET character_set_results = @saved_cs_results */ ;
/*!50003 SET collation_connection  = @saved_col_connection */ ;
/*!50003 SET @saved_sql_mode       = @@sql_mode */ ;
/*!50003 SET sql_mode              = 'IGNORE_SPACE,STRICT_TRANS_TABLES,ERROR_FOR_DIVISION_BY_ZERO,NO_AUTO_CREATE_USER,NO_ENGINE_SUBSTITUTION' */ ;
/*!50003 DROP PROCEDURE IF EXISTS `GetTransactionBookAndPending` */;
/*!50003 SET @saved_cs_client      = @@character_set_client */ ;
/*!50003 SET @saved_cs_results     = @@character_set_results */ ;
/*!50003 SET @saved_col_connection = @@collation_connection */ ;
/*!50003 SET character_set_client  = utf8mb4 */ ;
/*!50003 SET character_set_results = utf8mb4 */ ;
/*!50003 SET collation_connection  = utf8mb4_unicode_ci */ ;
DELIMITER ;;
CREATE DEFINER=`root`@`localhost` PROCEDURE `GetTransactionBookAndPending`(
	IN p_user_id INT
)
BEGIN
	IF p_user_id != 0 THEN
		SELECT * FROM transactions_book WHERE user_id = p_user_id;
		SELECT * FROM transactions_pending WHERE user_id = p_user_id;
	ELSE
		SELECT * FROM transactions_book;
		SELECT * FROM transactions_pending;
	END IF;
END ;;
DELIMITER ;
/*!50003 SET sql_mode              = @saved_sql_mode */ ;
/*!50003 SET character_set_client  = @saved_cs_client */ ;
/*!50003 SET character_set_results = @saved_cs_results */ ;
/*!50003 SET collation_connection  = @saved_col_connection */ ;
/*!50003 SET @saved_sql_mode       = @@sql_mode */ ;
/*!50003 SET sql_mode              = 'IGNORE_SPACE,STRICT_TRANS_TABLES,ERROR_FOR_DIVISION_BY_ZERO,NO_AUTO_CREATE_USER,NO_ENGINE_SUBSTITUTION' */ ;
/*!50003 DROP PROCEDURE IF EXISTS `GetTransactionBookStats` */;
/*!50003 SET @saved_cs_client      = @@character_set_client */ ;
/*!50003 SET @saved_cs_results     = @@character_set_results */ ;
/*!50003 SET @saved_col_connection = @@collation_connection */ ;
/*!50003 SET character_set_client  = utf8mb4 */ ;
/*!50003 SET character_set_results = utf8mb4 */ ;
/*!50003 SET collation_connection  = utf8mb4_unicode_ci */ ;
DELIMITER ;;
CREATE DEFINER=`root`@`localhost` PROCEDURE `GetTransactionBookStats`()
BEGIN
	
	-- Transaction book
	SELECT
	    MONTHNAME(STR_TO_DATE(transaction_date, '%M %e, %Y')) AS month,
	    title,
	    COUNT(*) AS total_records
	FROM
	    transactions_book
	WHERE
	    transaction_type = 'Returned' AND status = 'Completed'
	GROUP BY
	    MONTHNAME(STR_TO_DATE(transaction_date, '%M %e, %Y')),
	    title
	ORDER BY
	    MONTH(STR_TO_DATE(transaction_date, '%M %e, %Y'));
	   
	-- Online departments
	SELECT 
		MONTHNAME(STR_TO_DATE(date_login, '%M %e, %Y')) AS month,
		department,
		COUNT(*) as total_counts
	FROM
		online_department
	WHERE status = 'success'
	GROUP BY
		MONTHNAME(STR_TO_DATE(date_login, '%M %e, %Y')),
		department
	ORDER BY 
		MONTH(STR_TO_DATE(date_login, '%M %e, %Y')) ;
	
	-- Fines and fees
	SELECT MONTHNAME(STR_TO_DATE(fine_date, '%M %e, %Y')) AS month,
		SUM(total_fines_and_fees) AS total_amount
	FROM
		fines_and_fees_summary
	WHERE
		YEAR(STR_TO_DATE(fine_date, '%M %e, %Y'))
	GROUP BY
		MONTHNAME(STR_TO_DATE(fine_date, '%M %e, %Y'))
	ORDER BY
		MONTH(STR_TO_DATE(fine_date, '%M %e, %Y')); 
END ;;
DELIMITER ;
/*!50003 SET sql_mode              = @saved_sql_mode */ ;
/*!50003 SET character_set_client  = @saved_cs_client */ ;
/*!50003 SET character_set_results = @saved_cs_results */ ;
/*!50003 SET collation_connection  = @saved_col_connection */ ;
/*!50003 SET @saved_sql_mode       = @@sql_mode */ ;
/*!50003 SET sql_mode              = 'IGNORE_SPACE,STRICT_TRANS_TABLES,ERROR_FOR_DIVISION_BY_ZERO,NO_AUTO_CREATE_USER,NO_ENGINE_SUBSTITUTION' */ ;
/*!50003 DROP PROCEDURE IF EXISTS `HoldInsertIntoBookTransaction` */;
/*!50003 SET @saved_cs_client      = @@character_set_client */ ;
/*!50003 SET @saved_cs_results     = @@character_set_results */ ;
/*!50003 SET @saved_col_connection = @@collation_connection */ ;
/*!50003 SET character_set_client  = utf8mb4 */ ;
/*!50003 SET character_set_results = utf8mb4 */ ;
/*!50003 SET collation_connection  = utf8mb4_unicode_ci */ ;
DELIMITER ;;
CREATE DEFINER=`root`@`localhost` PROCEDURE `HoldInsertIntoBookTransaction`(
	IN p_transaction_id INT
)
BEGIN
	DECLARE v_book_id INT;
	DECLARE v_user_id INT;
	DECLARE v_due_date DATETIME;
	DECLARE v_title VARCHAR(255);
	DECLARE v_created_at DATETIME;

	SELECT book_id, user_id, request_date INTO v_book_id, v_user_id, v_created_at FROM pending_transactions WHERE pending_transaction_id = p_transaction_id;
	SELECT title INTO v_title FROM books WHERE book_id = v_book_id;
	
	IF (SELECT COUNT(*) FROM book_holds WHERE book_id = v_book_id AND hold_status = 'active') < 0 THEN
		CALL ManageBookCopies('add', 1, v_book_id); 
	ELSE

		-- Update book_holds
		UPDATE book_holds
		SET hold_status = 'done'
		WHERE pending_transaction_id = p_transaction_id AND hold_status = 'active';
		
		SELECT title INTO v_title FROM books WHERE book_id = v_book_id;
	  
	  	INSERT INTO notifications (user_id, message, notification_type, creation_date)
		VALUES (v_user_id, CONCAT('The book ', v_title, ' you held on ', DATE_FORMAT(v_created_at, '%M %e, %Y'), ' is available for checked out on this day ', DATE_FORMAT(NOW(), '%M %e, %Y')), 'Held', NOW());
		
	END IF;	

END ;;
DELIMITER ;
/*!50003 SET sql_mode              = @saved_sql_mode */ ;
/*!50003 SET character_set_client  = @saved_cs_client */ ;
/*!50003 SET character_set_results = @saved_cs_results */ ;
/*!50003 SET collation_connection  = @saved_col_connection */ ;
/*!50003 SET @saved_sql_mode       = @@sql_mode */ ;
/*!50003 SET sql_mode              = 'ONLY_FULL_GROUP_BY,STRICT_TRANS_TABLES,NO_ZERO_IN_DATE,NO_ZERO_DATE,ERROR_FOR_DIVISION_BY_ZERO,NO_ENGINE_SUBSTITUTION' */ ;
/*!50003 DROP PROCEDURE IF EXISTS `InsertCollection` */;
/*!50003 SET @saved_cs_client      = @@character_set_client */ ;
/*!50003 SET @saved_cs_results     = @@character_set_results */ ;
/*!50003 SET @saved_col_connection = @@collation_connection */ ;
/*!50003 SET character_set_client  = utf8mb4 */ ;
/*!50003 SET character_set_results = utf8mb4 */ ;
/*!50003 SET collation_connection  = utf8mb4_general_ci */ ;
DELIMITER ;;
CREATE DEFINER=`root`@`localhost` PROCEDURE `InsertCollection`(
	IN p_user_id INT,
	IN p_book_id INT
)
BEGIN
	IF (SELECT COUNT(*) FROM book_collections WHERE user_id = p_user_id AND book_id = p_book_id) > 0 THEN 
		SELECT 'This book is already in your collection' AS message, 409 AS status;
	ELSE
		INSERT INTO book_collections (book_id, user_id)
		VALUES (p_book_id, p_user_id);
		
		SELECT 'Added to collections' AS message, 201 AS status;
	END IF;
END ;;
DELIMITER ;
/*!50003 SET sql_mode              = @saved_sql_mode */ ;
/*!50003 SET character_set_client  = @saved_cs_client */ ;
/*!50003 SET character_set_results = @saved_cs_results */ ;
/*!50003 SET collation_connection  = @saved_col_connection */ ;
/*!50003 SET @saved_sql_mode       = @@sql_mode */ ;
/*!50003 SET sql_mode              = 'ONLY_FULL_GROUP_BY,STRICT_TRANS_TABLES,NO_ZERO_IN_DATE,NO_ZERO_DATE,ERROR_FOR_DIVISION_BY_ZERO,NO_ENGINE_SUBSTITUTION' */ ;
/*!50003 DROP PROCEDURE IF EXISTS `InsertContentList` */;
/*!50003 SET @saved_cs_client      = @@character_set_client */ ;
/*!50003 SET @saved_cs_results     = @@character_set_results */ ;
/*!50003 SET @saved_col_connection = @@collation_connection */ ;
/*!50003 SET character_set_client  = utf8mb4 */ ;
/*!50003 SET character_set_results = utf8mb4 */ ;
/*!50003 SET collation_connection  = utf8mb4_general_ci */ ;
DELIMITER ;;
CREATE DEFINER=`root`@`localhost` PROCEDURE `InsertContentList`(
	IN p_list_id INT,
	IN p_book_id INT
)
BEGIN
	IF (SELECT COUNT(*) FROM list_contents WHERE list_id = p_list_id AND book_id = p_book_id) > 0 THEN
		SELECT 'You already had this on your list' AS message, 409 AS status;
	ELSE
		INSERT INTO list_contents (list_id, book_id)
		VALUES (p_list_id, p_book_id);
	
		SELECT 'Added to the list' AS message, 201 AS status;
	END IF;
END ;;
DELIMITER ;
/*!50003 SET sql_mode              = @saved_sql_mode */ ;
/*!50003 SET character_set_client  = @saved_cs_client */ ;
/*!50003 SET character_set_results = @saved_cs_results */ ;
/*!50003 SET collation_connection  = @saved_col_connection */ ;
/*!50003 SET @saved_sql_mode       = @@sql_mode */ ;
/*!50003 SET sql_mode              = 'IGNORE_SPACE,STRICT_TRANS_TABLES,ERROR_FOR_DIVISION_BY_ZERO,NO_AUTO_CREATE_USER,NO_ENGINE_SUBSTITUTION' */ ;
/*!50003 DROP PROCEDURE IF EXISTS `InsertPendingTransaction` */;
/*!50003 SET @saved_cs_client      = @@character_set_client */ ;
/*!50003 SET @saved_cs_results     = @@character_set_results */ ;
/*!50003 SET @saved_col_connection = @@collation_connection */ ;
/*!50003 SET character_set_client  = utf8mb4 */ ;
/*!50003 SET character_set_results = utf8mb4 */ ;
/*!50003 SET collation_connection  = utf8mb4_unicode_ci */ ;
DELIMITER ;;
CREATE DEFINER=`root`@`localhost` PROCEDURE `InsertPendingTransaction`(
  	IN p_book_id INT,
  	IN p_user_id INT,
  	IN p_transaction_type ENUM('Borrowed', 'Returned', 'Checked In', 'Checked Out', 'Held', 'Reserved')
)
BEGIN
	DECLARE v_fullname VARCHAR(255);DECLARE v_book_id INT;
	DECLARE v_transaction_type ENUM('Borrowed','Returned','Checked In','Checked Out','Held','Reserved');
  	DECLARE v_message VARCHAR(255);
  	DECLARE v_transaction_id INT;
  	DECLARE v_book_title VARCHAR(255);
  

  	IF (SELECT COUNT(*) FROM transactions_book WHERE user_id = p_user_id AND status = 'Active') <= 5 THEN
	  	IF (SELECT COUNT(*) FROM pending_transactions WHERE book_id = p_book_id AND user_id = p_user_id AND status = 'Pending') > 0 THEN
	  		SELECT 'You already had this' AS message, 409 AS status;
		ELSE
			IF (SELECT COUNT(*) FROM pending_transactions WHERE user_id = p_user_id AND status = 'Pending') <= 5 THEN
				IF (SELECT COUNT(*) FROM book_holds WHERE hold_status = 'active' AND book_id = p_book_id) > (SELECT borrowed_copies FROM volumes WHERE book_id = p_book_id) THEN
					SELECT 'This book is currently unavailable for hold.' AS message, 409 AS status;
				ELSE
			
					INSERT INTO pending_transactions (book_id, user_id, transaction_type, status)
				  	VALUES (p_book_id, p_user_id, p_transaction_type, 'Pending');
				  
				  	
				  	SET v_transaction_id = LAST_INSERT_ID(); 
				  
				    
				  	SELECT transaction_type INTO v_transaction_type FROM pending_transactions WHERE pending_transaction_id = v_transaction_id;
				  
				  	
				  	SELECT fullname INTO v_fullname FROM user_info WHERE user_id = p_user_id;
				  
					
					SELECT title INTO v_book_title FROM books WHERE book_id = p_book_id;
				  
				  	SET v_message = CONCAT(
						'The book ', v_book_title, ' has been ',
						CASE 
							WHEN v_transaction_type = 'Borrowed' THEN 'borrowed'
							WHEN v_transaction_type = 'Returned' THEN 'returned'
							WHEN v_transaction_type = 'Checked In' THEN 'checked in'
							WHEN v_transaction_type = 'Checked Out' THEN 'ready for checked out'
							WHEN v_transaction_type = 'Held' THEN 'held'
							WHEN v_transaction_type = 'Reserved' THEN 'reserved'
							ELSE 'unknown'
						END,
						' on ',  DATE_FORMAT(NOW(), '%M %e, %Y') 
					);
				  	  
				  	
				  	IF v_transaction_type != 'Held' THEN
					  	CALL ManageBookCopies('borrow', 1, p_book_id);
					END IF;
			
				  	
				  	INSERT INTO librarian_notifications (user_id, message, notification_type, notification_date)
				  	VALUES (p_user_id, v_message, v_transaction_type, NOW());
				  
				  	
				  	SELECT 'Pending transaction' AS message, 201 AS status;
				  
				  	COMMIT ;
				  END IF;
			ELSE
				SELECT 'You exceeded the allowed number of books to be borrowed.' AS message, 403 AS status;
			END IF;	
		END IF;
	ELSE
		SELECT 'Unable to borrow; return books and check fines for payment.' AS message, 403 AS status;
	END IF;
END ;;
DELIMITER ;
/*!50003 SET sql_mode              = @saved_sql_mode */ ;
/*!50003 SET character_set_client  = @saved_cs_client */ ;
/*!50003 SET character_set_results = @saved_cs_results */ ;
/*!50003 SET collation_connection  = @saved_col_connection */ ;
/*!50003 SET @saved_sql_mode       = @@sql_mode */ ;
/*!50003 SET sql_mode              = 'IGNORE_SPACE,STRICT_TRANS_TABLES,ERROR_FOR_DIVISION_BY_ZERO,NO_AUTO_CREATE_USER,NO_ENGINE_SUBSTITUTION' */ ;
/*!50003 DROP PROCEDURE IF EXISTS `LoginLibrarian` */;
/*!50003 SET @saved_cs_client      = @@character_set_client */ ;
/*!50003 SET @saved_cs_results     = @@character_set_results */ ;
/*!50003 SET @saved_col_connection = @@collation_connection */ ;
/*!50003 SET character_set_client  = utf8mb4 */ ;
/*!50003 SET character_set_results = utf8mb4 */ ;
/*!50003 SET collation_connection  = utf8mb4_unicode_ci */ ;
DELIMITER ;;
CREATE DEFINER=`root`@`localhost` PROCEDURE `LoginLibrarian`(
	IN p_username VARCHAR(50),
	IN p_login_status VARCHAR(50)
)
BEGIN
	
	DECLARE v_librarian_id INT;
	
	SELECT librarian_id INTO v_librarian_id FROM librarian_login WHERE username = p_username LIMIT 1;
	
	INSERT INTO librarian_login_logs(login_id, status) VALUES (v_librarian_id, p_login_status);
	
	SELECT 'Login successfully' AS message, v_librarian_id as insertId; 
END ;;
DELIMITER ;
/*!50003 SET sql_mode              = @saved_sql_mode */ ;
/*!50003 SET character_set_client  = @saved_cs_client */ ;
/*!50003 SET character_set_results = @saved_cs_results */ ;
/*!50003 SET collation_connection  = @saved_col_connection */ ;
/*!50003 SET @saved_sql_mode       = @@sql_mode */ ;
/*!50003 SET sql_mode              = 'ONLY_FULL_GROUP_BY,STRICT_TRANS_TABLES,NO_ZERO_IN_DATE,NO_ZERO_DATE,ERROR_FOR_DIVISION_BY_ZERO,NO_ENGINE_SUBSTITUTION' */ ;
/*!50003 DROP PROCEDURE IF EXISTS `LoginUser` */;
/*!50003 SET @saved_cs_client      = @@character_set_client */ ;
/*!50003 SET @saved_cs_results     = @@character_set_results */ ;
/*!50003 SET @saved_col_connection = @@collation_connection */ ;
/*!50003 SET character_set_client  = utf8mb4 */ ;
/*!50003 SET character_set_results = utf8mb4 */ ;
/*!50003 SET collation_connection  = utf8mb4_general_ci */ ;
DELIMITER ;;
CREATE DEFINER=`root`@`localhost` PROCEDURE `LoginUser`(
	IN p_email VARCHAR(255),
	IN p_status VARCHAR(50)
)
BEGIN
	
	DECLARE v_user_id INT;

	
	SELECT user_id INTO v_user_id FROM user_login WHERE email_address = p_email LIMIT 1;

	
	INSERT INTO login_logs(user_id, status) VALUES (v_user_id, p_status);
	
	
	SELECT 'Login successfully' AS message, v_user_id as insertId; 
END ;;
DELIMITER ;
/*!50003 SET sql_mode              = @saved_sql_mode */ ;
/*!50003 SET character_set_client  = @saved_cs_client */ ;
/*!50003 SET character_set_results = @saved_cs_results */ ;
/*!50003 SET collation_connection  = @saved_col_connection */ ;
/*!50003 SET @saved_sql_mode       = @@sql_mode */ ;
/*!50003 SET sql_mode              = 'IGNORE_SPACE,STRICT_TRANS_TABLES,ERROR_FOR_DIVISION_BY_ZERO,NO_AUTO_CREATE_USER,NO_ENGINE_SUBSTITUTION' */ ;
/*!50003 DROP PROCEDURE IF EXISTS `LogoutLibrarian` */;
/*!50003 SET @saved_cs_client      = @@character_set_client */ ;
/*!50003 SET @saved_cs_results     = @@character_set_results */ ;
/*!50003 SET @saved_col_connection = @@collation_connection */ ;
/*!50003 SET character_set_client  = utf8mb4 */ ;
/*!50003 SET character_set_results = utf8mb4 */ ;
/*!50003 SET collation_connection  = utf8mb4_unicode_ci */ ;
DELIMITER ;;
CREATE DEFINER=`root`@`localhost` PROCEDURE `LogoutLibrarian`(
	IN p_refresh_token VARCHAR(255)
)
BEGIN
	DECLARE v_email VARCHAR(255);
	DECLARE message VARCHAR(50);
	
	IF (SELECT COUNT(*) FROM refresh_token WHERE refresh_token = p_refresh_token) < 0 THEN 
		SET message = 'No token found';
	ELSE
		SELECT username INTO v_email FROM refresh_token WHERE refresh_token = p_refresh_token;
		DELETE FROM refresh_token WHERE username = v_email;
		SET message = 'Logging out successfully';
	END IF;

	SELECT message;
END ;;
DELIMITER ;
/*!50003 SET sql_mode              = @saved_sql_mode */ ;
/*!50003 SET character_set_client  = @saved_cs_client */ ;
/*!50003 SET character_set_results = @saved_cs_results */ ;
/*!50003 SET collation_connection  = @saved_col_connection */ ;
/*!50003 SET @saved_sql_mode       = @@sql_mode */ ;
/*!50003 SET sql_mode              = 'IGNORE_SPACE,STRICT_TRANS_TABLES,ERROR_FOR_DIVISION_BY_ZERO,NO_AUTO_CREATE_USER,NO_ENGINE_SUBSTITUTION' */ ;
/*!50003 DROP PROCEDURE IF EXISTS `LogoutUser` */;
/*!50003 SET @saved_cs_client      = @@character_set_client */ ;
/*!50003 SET @saved_cs_results     = @@character_set_results */ ;
/*!50003 SET @saved_col_connection = @@collation_connection */ ;
/*!50003 SET character_set_client  = utf8mb4 */ ;
/*!50003 SET character_set_results = utf8mb4 */ ;
/*!50003 SET collation_connection  = utf8mb4_unicode_ci */ ;
DELIMITER ;;
CREATE DEFINER=`root`@`localhost` PROCEDURE `LogoutUser`(
	IN p_refresh_token VARCHAR(255)
)
BEGIN
	DECLARE v_email VARCHAR(255);
	DECLARE v_user_id INT;	
	
	IF (SELECT COUNT(*) FROM refresh_token WHERE refresh_token = p_refresh_token) < 0 THEN
		
		SELECT 'No token found' AS message, 404 AS status;
		
	ELSE
		
		SELECT username INTO v_email FROM refresh_token WHERE refresh_token = p_refresh_token LIMIT 1;
		
			IF v_email IS NOT NULL THEN
				DELETE FROM refresh_token WHERE username = v_email;
				SELECT user_id INTO v_user_id FROM user_login WHERE email_address = v_email;
				UPDATE user_info SET user_status = 'inactive' WHERE user_id = v_user_id;
				
				SELECT 'Logout successfully' AS message, 200 AS status;
			ELSE
				SELECT 'No email address found' AS message, 404 as status;
			END IF;
	END IF;
	
END ;;
DELIMITER ;
/*!50003 SET sql_mode              = @saved_sql_mode */ ;
/*!50003 SET character_set_client  = @saved_cs_client */ ;
/*!50003 SET character_set_results = @saved_cs_results */ ;
/*!50003 SET collation_connection  = @saved_col_connection */ ;
/*!50003 SET @saved_sql_mode       = @@sql_mode */ ;
/*!50003 SET sql_mode              = 'ONLY_FULL_GROUP_BY,STRICT_TRANS_TABLES,NO_ZERO_IN_DATE,NO_ZERO_DATE,ERROR_FOR_DIVISION_BY_ZERO,NO_ENGINE_SUBSTITUTION' */ ;
/*!50003 DROP PROCEDURE IF EXISTS `ManageBookCopies` */;
/*!50003 SET @saved_cs_client      = @@character_set_client */ ;
/*!50003 SET @saved_cs_results     = @@character_set_results */ ;
/*!50003 SET @saved_col_connection = @@collation_connection */ ;
/*!50003 SET character_set_client  = utf8mb4 */ ;
/*!50003 SET character_set_results = utf8mb4 */ ;
/*!50003 SET collation_connection  = utf8mb4_general_ci */ ;
DELIMITER ;;
CREATE DEFINER=`root`@`localhost` PROCEDURE `ManageBookCopies`(
    IN p_options VARCHAR(255),
    IN p_copies INT,
    IN p_book_id INT
)
BEGIN
    DECLARE v_copy_book INT;

    SELECT borrowed_copies INTO v_copy_book FROM volumes WHERE book_id = p_book_id;

    IF p_options = 'add' THEN
        UPDATE volumes
        SET copies = copies + p_copies,
            borrowed_copies = borrowed_copies + p_copies
        WHERE book_id = p_book_id;
        
        SELECT 'Adding book copies successfully' AS message, 201 AS status;

    ELSEIF p_options = 'borrow' THEN
        IF v_copy_book = 0 THEN
            SELECT 'No more copies available' AS message, 404 AS status;
        ELSE
            UPDATE volumes
            SET borrowed_copies = borrowed_copies - p_copies
            WHERE book_id = p_book_id;
            
            SELECT 'Deducting book copy to borrow' AS message, 201 AS status;
        END IF;

    ELSEIF p_options = 'lost' THEN
        IF v_copy_book = 0 THEN
            SELECT 'No more copies available' AS message, 404 AS status;
        ELSE
            UPDATE volumes
            SET copies = copies - p_copies
            WHERE book_id = p_book_id;
            
            SELECT 'Deducting book copies for lost' AS message, 201 AS status;
        END IF;

    ELSEIF p_options = 'return' THEN
        UPDATE volumes
        SET borrowed_copies = borrowed_copies + p_copies
        WHERE book_id = p_book_id;
        
        SELECT 'Adding book copies for returning of book' AS message, 201 AS status;

    ELSE
        SELECT 'Unknown option' AS message, 404 AS status;
    END IF;
END ;;
DELIMITER ;
/*!50003 SET sql_mode              = @saved_sql_mode */ ;
/*!50003 SET character_set_client  = @saved_cs_client */ ;
/*!50003 SET character_set_results = @saved_cs_results */ ;
/*!50003 SET collation_connection  = @saved_col_connection */ ;
/*!50003 SET @saved_sql_mode       = @@sql_mode */ ;
/*!50003 SET sql_mode              = 'IGNORE_SPACE,STRICT_TRANS_TABLES,ERROR_FOR_DIVISION_BY_ZERO,NO_AUTO_CREATE_USER,NO_ENGINE_SUBSTITUTION' */ ;
/*!50003 DROP PROCEDURE IF EXISTS `ManageContributionBookStatus` */;
/*!50003 SET @saved_cs_client      = @@character_set_client */ ;
/*!50003 SET @saved_cs_results     = @@character_set_results */ ;
/*!50003 SET @saved_col_connection = @@collation_connection */ ;
/*!50003 SET character_set_client  = utf8mb4 */ ;
/*!50003 SET character_set_results = utf8mb4 */ ;
/*!50003 SET collation_connection  = utf8mb4_unicode_ci */ ;
DELIMITER ;;
CREATE DEFINER=`root`@`localhost` PROCEDURE `ManageContributionBookStatus`(
	IN p_action VARCHAR(100),
	IN p_user_id INT,
	IN p_status VARCHAR(100),
	IN p_contribution_id INT
)
BEGIN
	DECLARE v_message VARCHAR(255);
	DECLARE v_book_title VARCHAR(255);
	
	SELECT file_title INTO v_book_title FROM user_contribution WHERE contribution_id = p_contribution_id;

	IF p_action = 'accept' THEN
		SET v_message = CONCAT(
			'The book ', v_book_title, ' you contributed has been approved on ',  DATE_FORMAT(NOW(), '%M %e, %Y')
		);
		UPDATE user_contribution SET file_status = p_status WHERE contribution_id = p_contribution_id;
		INSERT INTO notifications (user_id,message,notification_type, creation_date)
		VALUES (p_user_id, v_message, 'Contribution', NOW());
		SELECT 'Accepted contributed book' AS message, 201 AS status;
	ELSEIF p_action = 'cancel' THEN
		SET v_message = CONCAT(
			'The book ', v_book_title, ' you contributed has been cancelled on ',  DATE_FORMAT(NOW(), '%M %e, %Y')
		);
		UPDATE user_contribution SET file_status = p_status WHERE contribution_id = p_contribution_id;
		INSERT INTO notifications (user_id,message,notification_type, creation_date)
		VALUES (p_user_id, v_message, 'Contribution', NOW());
		SELECT 'Cancelled contributed book' AS message, 201 AS status;
	ELSEIF p_action = 'remove' THEN
		UPDATE user_contribution SET file_status = p_status WHERE contribution_id = p_contribution_id;
		SELECT 'Cancelled contributed book' AS message, 201 AS status;
	END IF;
END ;;
DELIMITER ;
/*!50003 SET sql_mode              = @saved_sql_mode */ ;
/*!50003 SET character_set_client  = @saved_cs_client */ ;
/*!50003 SET character_set_results = @saved_cs_results */ ;
/*!50003 SET collation_connection  = @saved_col_connection */ ;
/*!50003 SET @saved_sql_mode       = @@sql_mode */ ;
/*!50003 SET sql_mode              = 'IGNORE_SPACE,STRICT_TRANS_TABLES,ERROR_FOR_DIVISION_BY_ZERO,NO_AUTO_CREATE_USER,NO_ENGINE_SUBSTITUTION' */ ;
/*!50003 DROP PROCEDURE IF EXISTS `ManageContributions` */;
/*!50003 SET @saved_cs_client      = @@character_set_client */ ;
/*!50003 SET @saved_cs_results     = @@character_set_results */ ;
/*!50003 SET @saved_col_connection = @@collation_connection */ ;
/*!50003 SET character_set_client  = utf8mb4 */ ;
/*!50003 SET character_set_results = utf8mb4 */ ;
/*!50003 SET collation_connection  = utf8mb4_unicode_ci */ ;
DELIMITER ;;
CREATE DEFINER=`root`@`localhost` PROCEDURE `ManageContributions`(
	IN p_contribution_id INT,
	IN p_title VARCHAR(255),
	IN p_description TEXT,
	IN p_author VARCHAR(255),
	IN p_status VARCHAR(255)
)
BEGIN
	DECLARE v_title VARCHAR(255);
	DECLARE v_name VARCHAR(255);
	DECLARE v_user_id INT;
	DECLARE v_author_id INT;
	
	IF p_status = 'removed' THEN
		UPDATE user_contribution SET user_status = 'removed' WHERE contribution_id = p_contribution_id;
	
		SELECT file_title, user_id INTO v_title, v_user_id FROM user_contribution WHERE contribution_id = p_contribution_id;
		SELECT fullname INTO v_name FROM user_info WHERE user_id = v_user_id;
	
		INSERT INTO librarian_notifications (user_id,message,notification_type,notification_date)
		VALUES (v_user_id, CONCAT('The ', v_title, ' has been removed by ', v_name, ' on ', NOW()), 'Removed', NOW());
	
		COMMIT;
		SELECT 'You have successfully removed this file.' AS message, 201 AS status;
	ELSE
		SELECT file_author_id INTO v_author_id FROM user_contribution WHERE contribution_id = p_contribution_id;
		UPDATE user_contribution SET file_title = p_title, file_description = p_description WHERE contribution_id = p_contribution_id;
		UPDATE user_contribution_authors SET author_fullname = p_author WHERE author_id = v_author_id; 
	
		COMMIT;
		SELECT 'Changes to this ebook have been saved successfully.' AS message, 201 AS status;
	END IF;

END ;;
DELIMITER ;
/*!50003 SET sql_mode              = @saved_sql_mode */ ;
/*!50003 SET character_set_client  = @saved_cs_client */ ;
/*!50003 SET character_set_results = @saved_cs_results */ ;
/*!50003 SET collation_connection  = @saved_col_connection */ ;
/*!50003 SET @saved_sql_mode       = @@sql_mode */ ;
/*!50003 SET sql_mode              = 'ONLY_FULL_GROUP_BY,STRICT_TRANS_TABLES,NO_ZERO_IN_DATE,NO_ZERO_DATE,ERROR_FOR_DIVISION_BY_ZERO,NO_ENGINE_SUBSTITUTION' */ ;
/*!50003 DROP PROCEDURE IF EXISTS `ProcessJSONData` */;
/*!50003 SET @saved_cs_client      = @@character_set_client */ ;
/*!50003 SET @saved_cs_results     = @@character_set_results */ ;
/*!50003 SET @saved_col_connection = @@collation_connection */ ;
/*!50003 SET character_set_client  = utf8mb4 */ ;
/*!50003 SET character_set_results = utf8mb4 */ ;
/*!50003 SET collation_connection  = utf8mb4_general_ci */ ;
DELIMITER ;;
CREATE DEFINER=`root`@`localhost` PROCEDURE `ProcessJSONData`(
    IN p_json_data JSON
)
BEGIN
    DECLARE i INT DEFAULT 0;
    DECLARE max INT;
    SELECT JSON_ARRAY_LENGTH(p_json_data) INTO max;

    WHILE i < max DO
        
        SET @accession_no = JSON_UNQUOTE(JSON_EXTRACT(p_json_data, CONCAT('$[', i, '].Accession No')));
        SET @date_received = STR_TO_DATE(JSON_UNQUOTE(JSON_EXTRACT(p_json_data, CONCAT('$[', i, '].Date Received'))), '%Y-%m-%d');
        SET @author_name = JSON_QUOTE(JSON_UNQUOTE(JSON_EXTRACT(p_json_data, CONCAT('$[', i, '].Author'))));
        SET @title = JSON_QUOTE(JSON_UNQUOTE(JSON_EXTRACT(p_json_data, CONCAT('$[', i, '].Title of the Book'))));
        SET @edition = JSON_QUOTE(JSON_UNQUOTE(JSON_EXTRACT(p_json_data, CONCAT('$[', i, '].Edition'))));
        SET @volumes = JSON_QUOTE(JSON_UNQUOTE(JSON_EXTRACT(p_json_data, CONCAT('$[', i, '].Volumes'))));
        SET @cost_price = JSON_QUOTE(JSON_UNQUOTE(JSON_EXTRACT(p_json_data, CONCAT('$[', i, '].Cost Price'))));
        SET @publisher_name = JSON_QUOTE(JSON_UNQUOTE(JSON_EXTRACT(p_json_data, CONCAT('$[', i, '].Publisher'))));
        SET @copyright_yr = JSON_QUOTE(JSON_UNQUOTE(JSON_EXTRACT(p_json_data, CONCAT('$[', i, '].Copyright Yr'))));
        SET @remarks = JSON_QUOTE(JSON_UNQUOTE(JSON_EXTRACT(p_json_data, CONCAT('$[', i, '].Remarks'))));

        
        CALL AddBook(@accession_no, @date_received, @author_name, @title, @edition, @volumes, @cost_price, @publisher_name, @copyright_yr, @remarks);

        
        SET i = i + 1;
    END WHILE;
END ;;
DELIMITER ;
/*!50003 SET sql_mode              = @saved_sql_mode */ ;
/*!50003 SET character_set_client  = @saved_cs_client */ ;
/*!50003 SET character_set_results = @saved_cs_results */ ;
/*!50003 SET collation_connection  = @saved_col_connection */ ;
/*!50003 SET @saved_sql_mode       = @@sql_mode */ ;
/*!50003 SET sql_mode              = 'IGNORE_SPACE,STRICT_TRANS_TABLES,ERROR_FOR_DIVISION_BY_ZERO,NO_AUTO_CREATE_USER,NO_ENGINE_SUBSTITUTION' */ ;
/*!50003 DROP PROCEDURE IF EXISTS `RegisterUser` */;
/*!50003 SET @saved_cs_client      = @@character_set_client */ ;
/*!50003 SET @saved_cs_results     = @@character_set_results */ ;
/*!50003 SET @saved_col_connection = @@collation_connection */ ;
/*!50003 SET character_set_client  = utf8mb4 */ ;
/*!50003 SET character_set_results = utf8mb4 */ ;
/*!50003 SET collation_connection  = utf8mb4_unicode_ci */ ;
DELIMITER ;;
CREATE DEFINER=`root`@`localhost` PROCEDURE `RegisterUser`(
    IN p_id_number INT,
    IN p_fullname VARCHAR(255),
    IN p_department VARCHAR(100),
    IN p_email_address VARCHAR(100),
    IN p_role VARCHAR(100),
    IN p_password VARCHAR(200)
)
BEGIN
    DECLARE v_user_id INT;
   
   	IF (SELECT COUNT(*) FROM user_login WHERE email_address = p_email_address) > 0 THEN
		SELECT 'Email already registered' AS message, 400 AS status;
	ELSE
		IF (SELECT COUNT(*) FROM user_info WHERE id_number = p_id_number) > 0 THEN
			SELECT 'ID number is already register' AS message, 400 AS status;
		ELSE
			SET p_fullname = LOWER(p_fullname);
		   	SET p_department = LOWER(p_department);
		   	SET p_role = LOWER(p_role);
		    
		    
		    INSERT INTO user_info (id_number, fullname, department, role)
		    VALUES (p_id_number, p_fullname, p_department, p_role);
		    
		    
		    SET v_user_id = LAST_INSERT_ID();
		    
		    
		    INSERT INTO user_login (user_id, email_address, password)
		    VALUES (v_user_id, p_email_address, p_password);
		   
		   	INSERT INTO login_logs(user_id, status)
		   	VALUES (v_user_id, 'created');
		   	
		   	SELECT 'Register successfully' AS message, 201 AS status;
		END IF;
    END IF;
    COMMIT;
END ;;
DELIMITER ;
/*!50003 SET sql_mode              = @saved_sql_mode */ ;
/*!50003 SET character_set_client  = @saved_cs_client */ ;
/*!50003 SET character_set_results = @saved_cs_results */ ;
/*!50003 SET collation_connection  = @saved_col_connection */ ;
/*!50003 SET @saved_sql_mode       = @@sql_mode */ ;
/*!50003 SET sql_mode              = 'ONLY_FULL_GROUP_BY,STRICT_TRANS_TABLES,NO_ZERO_IN_DATE,NO_ZERO_DATE,ERROR_FOR_DIVISION_BY_ZERO,NO_ENGINE_SUBSTITUTION' */ ;
/*!50003 DROP PROCEDURE IF EXISTS `RemoveCollection` */;
/*!50003 SET @saved_cs_client      = @@character_set_client */ ;
/*!50003 SET @saved_cs_results     = @@character_set_results */ ;
/*!50003 SET @saved_col_connection = @@collation_connection */ ;
/*!50003 SET character_set_client  = utf8mb4 */ ;
/*!50003 SET character_set_results = utf8mb4 */ ;
/*!50003 SET collation_connection  = utf8mb4_general_ci */ ;
DELIMITER ;;
CREATE DEFINER=`root`@`localhost` PROCEDURE `RemoveCollection`(
	IN p_collection_id INT
)
BEGIN
	IF (SELECT COUNT(*) FROM book_collections WHERE p_collection_id) < 0 THEN 
		SELECT 'Collection not found' AS message, 404 AS status;
	ELSE
		DELETE FROM book_collections WHERE collection_id = p_collection_id;
		
		SELECT 'Collection remove successfully' AS message, 201 AS status;
	END IF;
END ;;
DELIMITER ;
/*!50003 SET sql_mode              = @saved_sql_mode */ ;
/*!50003 SET character_set_client  = @saved_cs_client */ ;
/*!50003 SET character_set_results = @saved_cs_results */ ;
/*!50003 SET collation_connection  = @saved_col_connection */ ;
/*!50003 SET @saved_sql_mode       = @@sql_mode */ ;
/*!50003 SET sql_mode              = 'IGNORE_SPACE,STRICT_TRANS_TABLES,ERROR_FOR_DIVISION_BY_ZERO,NO_AUTO_CREATE_USER,NO_ENGINE_SUBSTITUTION' */ ;
/*!50003 DROP PROCEDURE IF EXISTS `RenewalBorrowedBook` */;
/*!50003 SET @saved_cs_client      = @@character_set_client */ ;
/*!50003 SET @saved_cs_results     = @@character_set_results */ ;
/*!50003 SET @saved_col_connection = @@collation_connection */ ;
/*!50003 SET character_set_client  = utf8mb4 */ ;
/*!50003 SET character_set_results = utf8mb4 */ ;
/*!50003 SET collation_connection  = utf8mb4_unicode_ci */ ;
DELIMITER ;;
CREATE DEFINER=`root`@`localhost` PROCEDURE `RenewalBorrowedBook`(
    IN p_number_date INT,
    IN p_transaction_id INT
)
BEGIN
    DECLARE new_due_date DATETIME;
    DECLARE v_user_id INT;
    DECLARE v_book_id INT;
    DECLARE v_title VARCHAR(255);
    DECLARE v_message TEXT;

    -- Check if the transaction exists and is eligible for renewal
    IF EXISTS (SELECT * FROM book_transactions WHERE transaction_id = p_transaction_id AND transaction_type = 'Checked Out' AND status = 'Active') THEN
        -- Check if there is no existing pending renewal for the same transaction
        IF NOT EXISTS (SELECT * FROM book_renewals WHERE transaction_id = p_transaction_id AND approval_status = 'Pending') THEN
            -- Calculate the new due date by adding the renewal days to the current due date
            SELECT book_id, user_id, DATE_ADD(due_date, INTERVAL p_number_date DAY) INTO v_book_id, v_user_id, new_due_date
            FROM book_transactions
            WHERE transaction_id = p_transaction_id;

            -- Check if the user has a limit of 3 renewals pending
            IF (SELECT COUNT(*) FROM book_renewals WHERE user_id = v_user_id AND approval_status = 'Pending') < 3 THEN 
                -- Check if the new due date is at least two days ahead of the current due date
                IF new_due_date > DATE_ADD(NOW(), INTERVAL 2 DAY) THEN
                    -- Insert a pending renewal request
                    INSERT INTO book_renewals (transaction_id, user_id, renewal_days, requested_date, approval_status)
                    VALUES (p_transaction_id, v_user_id, p_number_date, NOW(), 'Pending');

                    -- Get the book title
                    SELECT title INTO v_title FROM books WHERE book_id = v_book_id;

                    -- Set the notification message
                    SET v_message = CONCAT(
                        'Requesting for renewal of ',
                        v_title,
                        ' book for ',
                        p_number_date,
                        ' days on ',
                        DATE_FORMAT(NOW(), '%M %e, %Y')
                    );

                    -- Insert a notification for the librarian
                    INSERT INTO librarian_notifications (user_id, message, notification_type, notification_date)
                    VALUES (v_user_id, v_message, 'Renewal', NOW());

                    COMMIT;

                    SELECT 'Renewal request submitted successfully but it will take 48-business hours.' AS message, 201 AS status;
                ELSE
                    SELECT 'NOTE: To renew a book it must be at least two days ahead of the current due date' AS message, 400 AS status;
                END IF;
            ELSE
                SELECT 'NOTE: You have reached the limit of renewal requests for this book' AS message, 409 AS status;
            END IF;
        ELSE
            SELECT 'NOTE: There is already a pending renewal request for this book' AS message, 409 AS status;
        END IF;
    ELSE
        SELECT 'NOTE: Invalid transaction ID or the book is not eligible for renewal' AS message, 404 AS status;
    END IF;
END ;;
DELIMITER ;
/*!50003 SET sql_mode              = @saved_sql_mode */ ;
/*!50003 SET character_set_client  = @saved_cs_client */ ;
/*!50003 SET character_set_results = @saved_cs_results */ ;
/*!50003 SET collation_connection  = @saved_col_connection */ ;
/*!50003 SET @saved_sql_mode       = @@sql_mode */ ;
/*!50003 SET sql_mode              = 'IGNORE_SPACE,STRICT_TRANS_TABLES,ERROR_FOR_DIVISION_BY_ZERO,NO_AUTO_CREATE_USER,NO_ENGINE_SUBSTITUTION' */ ;
/*!50003 DROP PROCEDURE IF EXISTS `ReportsDashboard` */;
/*!50003 SET @saved_cs_client      = @@character_set_client */ ;
/*!50003 SET @saved_cs_results     = @@character_set_results */ ;
/*!50003 SET @saved_col_connection = @@collation_connection */ ;
/*!50003 SET character_set_client  = utf8mb4 */ ;
/*!50003 SET character_set_results = utf8mb4 */ ;
/*!50003 SET collation_connection  = utf8mb4_unicode_ci */ ;
DELIMITER ;;
CREATE DEFINER=`root`@`localhost` PROCEDURE `ReportsDashboard`()
BEGIN
	SELECT COUNT(*) AS total_fines_fees FROM book_transactions WHERE transaction_type = 'Borrowed';
	
	
	SELECT COUNT(*) AS total_active FROM user_info ui WHERE user_status = 'active'; 
	
	
	SELECT department, COUNT(*) AS online
	FROM user_details 
	WHERE user_status = 'active'
	GROUP BY department;
	
	
	SELECT COUNT(*) AS new_register
	FROM user_info
	WHERE WEEK(created_at) = WEEK(NOW()) AND YEAR(created_at) = YEAR(NOW());
	
	
	SELECT title, total_checkedout AS most_checkedout
	FROM books
	WHERE YEAR(updated_at) = YEAR(NOW()) AND total_checkedout > 0 
	ORDER BY updated_at DESC LIMIT 10;

	
	SELECT department, COUNT(*) AS total_checkouts
	FROM transactions_book
	GROUP BY department;

	
	SELECT title, book_id, total_checkedout, img_path, author_name 
	FROM book_info
	WHERE YEAR(updated_at) = YEAR(NOW()) AND total_checkedout > 0 
	GROUP BY book_id LIMIT 10;

END ;;
DELIMITER ;
/*!50003 SET sql_mode              = @saved_sql_mode */ ;
/*!50003 SET character_set_client  = @saved_cs_client */ ;
/*!50003 SET character_set_results = @saved_cs_results */ ;
/*!50003 SET collation_connection  = @saved_col_connection */ ;
/*!50003 SET @saved_sql_mode       = @@sql_mode */ ;
/*!50003 SET sql_mode              = 'IGNORE_SPACE,STRICT_TRANS_TABLES,ERROR_FOR_DIVISION_BY_ZERO,NO_AUTO_CREATE_USER,NO_ENGINE_SUBSTITUTION' */ ;
/*!50003 DROP PROCEDURE IF EXISTS `ResetPassword` */;
/*!50003 SET @saved_cs_client      = @@character_set_client */ ;
/*!50003 SET @saved_cs_results     = @@character_set_results */ ;
/*!50003 SET @saved_col_connection = @@collation_connection */ ;
/*!50003 SET character_set_client  = utf8mb4 */ ;
/*!50003 SET character_set_results = utf8mb4 */ ;
/*!50003 SET collation_connection  = utf8mb4_unicode_ci */ ;
DELIMITER ;;
CREATE DEFINER=`root`@`localhost` PROCEDURE `ResetPassword`(
	IN p_email VARCHAR(255),
	IN p_password VARCHAR(255)
)
BEGIN
	DECLARE v_user_id INT;
	
	IF (SELECT COUNT(*) FROM user_login WHERE email_address = p_email) < 0 THEN
		SELECT 'Email address not found or not register' AS message, 404 AS status;
	ELSE
		SELECT user_id INTO v_user_id FROM user_login WHERE email_address = p_email;
		UPDATE user_login SET password = p_password WHERE email_address = p_email;
		INSERT INTO login_logs (user_id, status) VALUES (v_user_id, 'recover');
		
		SELECT 'Account recovery successful signin now' AS message, 201 AS status;
	END IF;
END ;;
DELIMITER ;
/*!50003 SET sql_mode              = @saved_sql_mode */ ;
/*!50003 SET character_set_client  = @saved_cs_client */ ;
/*!50003 SET character_set_results = @saved_cs_results */ ;
/*!50003 SET collation_connection  = @saved_col_connection */ ;
/*!50003 SET @saved_sql_mode       = @@sql_mode */ ;
/*!50003 SET sql_mode              = 'ONLY_FULL_GROUP_BY,STRICT_TRANS_TABLES,NO_ZERO_IN_DATE,NO_ZERO_DATE,ERROR_FOR_DIVISION_BY_ZERO,NO_ENGINE_SUBSTITUTION' */ ;
/*!50003 DROP PROCEDURE IF EXISTS `UpdateBookImage` */;
/*!50003 SET @saved_cs_client      = @@character_set_client */ ;
/*!50003 SET @saved_cs_results     = @@character_set_results */ ;
/*!50003 SET @saved_col_connection = @@collation_connection */ ;
/*!50003 SET character_set_client  = utf8mb4 */ ;
/*!50003 SET character_set_results = utf8mb4 */ ;
/*!50003 SET collation_connection  = utf8mb4_general_ci */ ;
DELIMITER ;;
CREATE DEFINER=`root`@`localhost` PROCEDURE `UpdateBookImage`(
	IN p_mimetype VARCHAR(255),
	IN p_image LONGBLOB,
	IN p_book_id INT
)
BEGIN
	UPDATE book_image SET mimetype = p_mimetype, image = p_image WHERE book_id = p_book_id;
	
	SELECT 'Image of the book added or updated successfully' AS message;
END ;;
DELIMITER ;
/*!50003 SET sql_mode              = @saved_sql_mode */ ;
/*!50003 SET character_set_client  = @saved_cs_client */ ;
/*!50003 SET character_set_results = @saved_cs_results */ ;
/*!50003 SET collation_connection  = @saved_col_connection */ ;
/*!50003 SET @saved_sql_mode       = @@sql_mode */ ;
/*!50003 SET sql_mode              = 'IGNORE_SPACE,STRICT_TRANS_TABLES,ERROR_FOR_DIVISION_BY_ZERO,NO_AUTO_CREATE_USER,NO_ENGINE_SUBSTITUTION' */ ;
/*!50003 DROP PROCEDURE IF EXISTS `UpdateBookRecord` */;
/*!50003 SET @saved_cs_client      = @@character_set_client */ ;
/*!50003 SET @saved_cs_results     = @@character_set_results */ ;
/*!50003 SET @saved_col_connection = @@collation_connection */ ;
/*!50003 SET character_set_client  = utf8mb4 */ ;
/*!50003 SET character_set_results = utf8mb4 */ ;
/*!50003 SET collation_connection  = utf8mb4_unicode_ci */ ;
DELIMITER ;;
CREATE DEFINER=`root`@`localhost` PROCEDURE `UpdateBookRecord`(
	IN p_book_id INT,
  	IN p_edition VARCHAR(50),
  	IN p_cost_price FLOAT,
  	IN p_remarks TEXT
)
BEGIN
	UPDATE books
		SET edition = p_edition, cost_price = p_cost_price
	WHERE book_id = p_book_id;

	UPDATE book_remarks 
		SET remarks = p_remarks
	WHERE book_id = p_book_id;

	SELECT 'Book Record Updated Successfully' AS message, 201 AS status;
END ;;
DELIMITER ;
/*!50003 SET sql_mode              = @saved_sql_mode */ ;
/*!50003 SET character_set_client  = @saved_cs_client */ ;
/*!50003 SET character_set_results = @saved_cs_results */ ;
/*!50003 SET collation_connection  = @saved_col_connection */ ;
/*!50003 SET @saved_sql_mode       = @@sql_mode */ ;
/*!50003 SET sql_mode              = 'ONLY_FULL_GROUP_BY,STRICT_TRANS_TABLES,NO_ZERO_IN_DATE,NO_ZERO_DATE,ERROR_FOR_DIVISION_BY_ZERO,NO_ENGINE_SUBSTITUTION' */ ;
/*!50003 DROP PROCEDURE IF EXISTS `UpdateLibrarianInfo` */;
/*!50003 SET @saved_cs_client      = @@character_set_client */ ;
/*!50003 SET @saved_cs_results     = @@character_set_results */ ;
/*!50003 SET @saved_col_connection = @@collation_connection */ ;
/*!50003 SET character_set_client  = utf8mb4 */ ;
/*!50003 SET character_set_results = utf8mb4 */ ;
/*!50003 SET collation_connection  = utf8mb4_general_ci */ ;
DELIMITER ;;
CREATE DEFINER=`root`@`localhost` PROCEDURE `UpdateLibrarianInfo`(
	IN p_librarian_id INT,
	IN p_street_address VARCHAR(255),
	IN p_city VARCHAR(255),
	IN p_state_province_region VARCHAR(255),
	IN p_postal_code INT,
	IN p_address_type VARCHAR(255),
	IN p_email_address VARCHAR(255),
	IN p_phone_number VARCHAR(255),
	IN p_hobbies VARCHAR(255),
	IN p_description TEXT
)
BEGIN
	DECLARE message VARCHAR(50);

	UPDATE librarian_address SET street_address = p_street_address, city = p_city, state_province_region = p_state_province_region, postal_code = p_postal_code, address_type = p_address_type WHERE librarian_id = p_librarian_id;
	
	UPDATE librarian_info  SET email_address = p_email_address, phone_number = p_phone_number, hobbies = p_hobbies, description = p_description WHERE librarian_id = p_librarian_id;
	
	COMMIT;
	
	SET message = 'Profile Updated Successfully';

	SELECT message, librarian_id, firstname, middlename, lastname, email_address, phone_number, hobbies, description, street_address, city, state_province_region, postal_code, address_type, username, privilege FROM librarian_details WHERE librarian_id = p_librarian_id;
	
END ;;
DELIMITER ;
/*!50003 SET sql_mode              = @saved_sql_mode */ ;
/*!50003 SET character_set_client  = @saved_cs_client */ ;
/*!50003 SET character_set_results = @saved_cs_results */ ;
/*!50003 SET collation_connection  = @saved_col_connection */ ;
/*!50003 SET @saved_sql_mode       = @@sql_mode */ ;
/*!50003 SET sql_mode              = 'ONLY_FULL_GROUP_BY,STRICT_TRANS_TABLES,NO_ZERO_IN_DATE,NO_ZERO_DATE,ERROR_FOR_DIVISION_BY_ZERO,NO_ENGINE_SUBSTITUTION' */ ;
/*!50003 DROP PROCEDURE IF EXISTS `UpdateUserList` */;
/*!50003 SET @saved_cs_client      = @@character_set_client */ ;
/*!50003 SET @saved_cs_results     = @@character_set_results */ ;
/*!50003 SET @saved_col_connection = @@collation_connection */ ;
/*!50003 SET character_set_client  = utf8mb4 */ ;
/*!50003 SET character_set_results = utf8mb4 */ ;
/*!50003 SET collation_connection  = utf8mb4_general_ci */ ;
DELIMITER ;;
CREATE DEFINER=`root`@`localhost` PROCEDURE `UpdateUserList`(
    IN p_list_id INT,
    IN p_new_list_name VARCHAR(255),
    IN p_list_desc TEXT
)
BEGIN
    IF (SELECT COUNT(*) FROM user_lists WHERE list_id = p_list_id) < 1 THEN 
        SELECT 'List not found' AS message, 404 AS status;
    ELSE
        IF p_new_list_name = '' AND p_list_desc != '' THEN
            UPDATE user_lists SET list_desc = p_list_desc WHERE list_id = p_list_id;
            SELECT 'List description updated successfully' AS message, 201 AS status;
        ELSEIF p_new_list_name != '' AND p_list_desc = '' THEN
            UPDATE user_lists SET list_name = p_new_list_name WHERE list_id = p_list_id;
            SELECT 'List name updated successfully' AS message, 201 AS status;
        ELSE
            UPDATE user_lists SET list_desc = p_list_desc, list_name = p_new_list_name WHERE list_id = p_list_id;
            SELECT 'List name and description updated successfully' AS message, 201 AS status;
        END IF;
    END IF;
END ;;
DELIMITER ;
/*!50003 SET sql_mode              = @saved_sql_mode */ ;
/*!50003 SET character_set_client  = @saved_cs_client */ ;
/*!50003 SET character_set_results = @saved_cs_results */ ;
/*!50003 SET collation_connection  = @saved_col_connection */ ;
/*!50003 SET @saved_sql_mode       = @@sql_mode */ ;
/*!50003 SET sql_mode              = 'IGNORE_SPACE,STRICT_TRANS_TABLES,ERROR_FOR_DIVISION_BY_ZERO,NO_AUTO_CREATE_USER,NO_ENGINE_SUBSTITUTION' */ ;
/*!50003 DROP PROCEDURE IF EXISTS `UserBookContribute` */;
/*!50003 SET @saved_cs_client      = @@character_set_client */ ;
/*!50003 SET @saved_cs_results     = @@character_set_results */ ;
/*!50003 SET @saved_col_connection = @@collation_connection */ ;
/*!50003 SET character_set_client  = utf8mb4 */ ;
/*!50003 SET character_set_results = utf8mb4 */ ;
/*!50003 SET collation_connection  = utf8mb4_unicode_ci */ ;
DELIMITER ;;
CREATE DEFINER=`root`@`localhost` PROCEDURE `UserBookContribute`(
    IN p_user_id INT,
    IN p_file_path VARCHAR(255),
    IN p_file_title VARCHAR(255),
    IN p_file_author VARCHAR(255),
    IN p_file_category VARCHAR(255),
    IN p_file_publisher VARCHAR(255),
    IN p_file_description TEXT
)
BEGIN
    DECLARE v_author_id INT;
    DECLARE v_category_id INT;
    DECLARE v_publisher_id INT;
    DECLARE contribution_exists INT;
   	DECLARE v_message VARCHAR(255);
   	DECLARE v_contribution_id INT;
   	DECLARE v_book_title VARCHAR(255);
   	DECLARE v_fullname VARCHAR(255);

    
    SELECT COUNT(*) INTO contribution_exists FROM user_contribution WHERE file_title = p_file_title;

    IF contribution_exists > 0 THEN
        SELECT 'Book title already exists in user contribution' AS message, 409 AS status;
	ELSE
	    
	    SELECT author_id INTO v_author_id FROM user_contribution_authors WHERE author_fullname = p_file_author;
	
	    IF v_author_id IS NULL THEN
	        INSERT INTO user_contribution_authors (author_fullname) VALUES (p_file_author);
	        SET v_author_id = LAST_INSERT_ID();
	    END IF;
	
	    
	    SELECT category_id INTO v_category_id FROM user_contribution_category WHERE category_name = p_file_category;
	
	    IF v_category_id IS NULL THEN
	        INSERT INTO user_contribution_category (category_name) VALUES (p_file_category);
	        SET v_category_id = LAST_INSERT_ID();
	    END IF;
	
	    
	    SELECT publisher_id INTO v_publisher_id FROM user_contribution_publisher WHERE publisher_name = p_file_publisher;
	
	    IF v_publisher_id IS NULL THEN
	        INSERT INTO user_contribution_publisher (publisher_name) VALUES (p_file_publisher);
	        SET v_publisher_id = LAST_INSERT_ID();
	    END IF;
	
	    
	    INSERT INTO user_contribution (
	        user_id,
	        file_title,
	        file_author_id,
	        file_category_id,
	        file_publisher_id,
	        file_path,
	        file_description
	    )
	    VALUES (
	        p_user_id,
	        p_file_title,
	        v_author_id,
	        v_category_id,
	        v_publisher_id,
	        p_file_path,
	        p_file_description
	    );
	   	
	   	SET v_contribution_id = LAST_INSERT_ID(); 
		SELECT file_title INTO v_book_title FROM user_contribution WHERE contribution_id = v_contribution_id;
		SELECT fullname INTO v_fullname FROm user_info WHERE user_id = p_user_id;
	   	
	   	SET v_message = CONCAT(
			'An eBook ', v_book_title, ' contributed by ', v_fullname, ' on ',  DATE_FORMAT(NOW(), '%M %e, %Y')
		);
		
		INSERT INTO librarian_notifications (user_id,message,notification_type,notification_date)
		VALUES (p_user_id, v_message, 'Contribution', NOW());
	
	    SELECT 'File added to contribution successfully' AS message, 201 AS status;
	    COMMIT;
   	END IF;
END ;;
DELIMITER ;
/*!50003 SET sql_mode              = @saved_sql_mode */ ;
/*!50003 SET character_set_client  = @saved_cs_client */ ;
/*!50003 SET character_set_results = @saved_cs_results */ ;
/*!50003 SET collation_connection  = @saved_col_connection */ ;
/*!50003 SET @saved_sql_mode       = @@sql_mode */ ;
/*!50003 SET sql_mode              = 'IGNORE_SPACE,STRICT_TRANS_TABLES,ERROR_FOR_DIVISION_BY_ZERO,NO_AUTO_CREATE_USER,NO_ENGINE_SUBSTITUTION' */ ;
/*!50003 DROP PROCEDURE IF EXISTS `UserLogin` */;
/*!50003 SET @saved_cs_client      = @@character_set_client */ ;
/*!50003 SET @saved_cs_results     = @@character_set_results */ ;
/*!50003 SET @saved_col_connection = @@collation_connection */ ;
/*!50003 SET character_set_client  = utf8mb4 */ ;
/*!50003 SET character_set_results = utf8mb4 */ ;
/*!50003 SET collation_connection  = utf8mb4_unicode_ci */ ;
DELIMITER ;;
CREATE DEFINER=`root`@`localhost` PROCEDURE `UserLogin`(
    IN p_email_address VARCHAR(100),
    IN p_password VARCHAR(200)
)
BEGIN
    DECLARE v_user_id INT;
    
    
    SELECT user_id INTO v_user_id
    FROM user_login
    WHERE email_address = p_email_address AND password = p_password;
    
    IF v_user_id IS NOT NULL THEN
        
        INSERT INTO login_logs (user_id, status)
        VALUES (v_user_id, 'Login successful');
       	CALL CalculateAndApplyFines();
        
        SELECT 'Login successful' AS message;
    ELSE
        
        INSERT INTO login_logs (user_id, status)
        VALUES (NULL, 'Login failed');
        
        SELECT 'Login failed' AS message;
    END IF;
END ;;
DELIMITER ;
/*!50003 SET sql_mode              = @saved_sql_mode */ ;
/*!50003 SET character_set_client  = @saved_cs_client */ ;
/*!50003 SET character_set_results = @saved_cs_results */ ;
/*!50003 SET collation_connection  = @saved_col_connection */ ;

--
-- Final view structure for view `book_author_info`
--

/*!50001 DROP VIEW IF EXISTS `book_author_info`*/;
/*!50001 SET @saved_cs_client          = @@character_set_client */;
/*!50001 SET @saved_cs_results         = @@character_set_results */;
/*!50001 SET @saved_col_connection     = @@collation_connection */;
/*!50001 SET character_set_client      = utf8mb4 */;
/*!50001 SET character_set_results     = utf8mb4 */;
/*!50001 SET collation_connection      = utf8mb4_general_ci */;
/*!50001 CREATE ALGORITHM=UNDEFINED */
/*!50013 DEFINER=`root`@`localhost` SQL SECURITY DEFINER */
/*!50001 VIEW `book_author_info` AS select `a`.`author_id` AS `author_id`,`a`.`author_name` AS `author_name`,`b`.`title` AS `title`,`b`.`edition` AS `edition`,`p`.`publisher_name` AS `publisher_name`,`b`.`copyright_yr` AS `copyright_yr` from (`publishers` `p` left join (`books` `b` left join `authors` `a` on(`b`.`author_id` = `a`.`author_id`)) on(`p`.`publisher_id` = `b`.`publisher_id`)) */;
/*!50001 SET character_set_client      = @saved_cs_client */;
/*!50001 SET character_set_results     = @saved_cs_results */;
/*!50001 SET collation_connection      = @saved_col_connection */;

--
-- Final view structure for view `book_catalog_info`
--

/*!50001 DROP VIEW IF EXISTS `book_catalog_info`*/;
/*!50001 SET @saved_cs_client          = @@character_set_client */;
/*!50001 SET @saved_cs_results         = @@character_set_results */;
/*!50001 SET @saved_col_connection     = @@collation_connection */;
/*!50001 SET character_set_client      = utf8mb4 */;
/*!50001 SET character_set_results     = utf8mb4 */;
/*!50001 SET collation_connection      = utf8mb4_general_ci */;
/*!50001 CREATE ALGORITHM=UNDEFINED */
/*!50013 DEFINER=`root`@`localhost` SQL SECURITY DEFINER */
/*!50001 VIEW `book_catalog_info` AS select `an`.`accession_no` AS `accession_no`,`bc`.`book_subject` AS `book_subject`,`b`.`title` AS `title`,`bc`.`ddc_code` AS `ddc_code`,date_format(`bc`.`create_at`,'%M %e, %Y') AS `created` from ((`book_catalog` `bc` left join `accession_no` `an` on(`bc`.`accession_id` = `an`.`accession_id`)) left join `books` `b` on(`an`.`book_id` = `b`.`book_id`)) */;
/*!50001 SET character_set_client      = @saved_cs_client */;
/*!50001 SET character_set_results     = @saved_cs_results */;
/*!50001 SET collation_connection      = @saved_col_connection */;

--
-- Final view structure for view `book_info`
--

/*!50001 DROP VIEW IF EXISTS `book_info`*/;
/*!50001 SET @saved_cs_client          = @@character_set_client */;
/*!50001 SET @saved_cs_results         = @@character_set_results */;
/*!50001 SET @saved_col_connection     = @@collation_connection */;
/*!50001 SET character_set_client      = utf8mb4 */;
/*!50001 SET character_set_results     = utf8mb4 */;
/*!50001 SET collation_connection      = utf8mb4_unicode_ci */;
/*!50001 CREATE ALGORITHM=UNDEFINED */
/*!50013 DEFINER=`root`@`localhost` SQL SECURITY DEFINER */
/*!50001 VIEW `book_info` AS select `an`.`accession_id` AS `accession_id`,`an`.`accession_no` AS `accession_no`,`b`.`book_id` AS `book_id`,`b`.`date_received` AS `date_received`,`au`.`author_name` AS `author_name`,`b`.`title` AS `title`,`b`.`edition` AS `edition`,`p`.`publisher_name` AS `publisher_name`,`b`.`cost_price` AS `cost_price`,`b`.`copyright_yr` AS `copyright_yr`,`br`.`remarks` AS `remarks`,`bi`.`img_path` AS `img_path`,`b`.`total_checkedout` AS `total_checkedout`,`b`.`updated_at` AS `updated_at` from (((((`book_image` `bi` left join `books` `b` on(`bi`.`book_id` = `b`.`book_id`)) left join `accession_no` `an` on(`an`.`book_id` = `b`.`book_id`)) left join `authors` `au` on(`au`.`author_id` = `b`.`author_id`)) left join `publishers` `p` on(`p`.`publisher_id` = `b`.`publisher_id`)) left join `book_remarks` `br` on(`br`.`accession_id` = `an`.`accession_id`)) */;
/*!50001 SET character_set_client      = @saved_cs_client */;
/*!50001 SET character_set_results     = @saved_cs_results */;
/*!50001 SET collation_connection      = @saved_col_connection */;

--
-- Final view structure for view `book_inventory`
--

/*!50001 DROP VIEW IF EXISTS `book_inventory`*/;
/*!50001 SET @saved_cs_client          = @@character_set_client */;
/*!50001 SET @saved_cs_results         = @@character_set_results */;
/*!50001 SET @saved_col_connection     = @@collation_connection */;
/*!50001 SET character_set_client      = utf8mb4 */;
/*!50001 SET character_set_results     = utf8mb4 */;
/*!50001 SET collation_connection      = utf8mb4_unicode_ci */;
/*!50001 CREATE ALGORITHM=UNDEFINED */
/*!50013 DEFINER=`root`@`localhost` SQL SECURITY DEFINER */
/*!50001 VIEW `book_inventory` AS select `b`.`book_id` AS `book_id`,`a`.`author_name` AS `author_name`,`b`.`title` AS `title`,`b`.`edition` AS `edition`,`p`.`publisher_name` AS `publisher_name`,`b`.`cost_price` AS `cost_price`,`v`.`copies` AS `copies`,`v`.`borrowed_copies` AS `borrowed_copies`,`b`.`book_status` AS `book_status`,`bi`.`img_path` AS `img_path`,`b`.`total_checkedout` AS `total_checkedout` from ((((`volumes` `v` left join `books` `b` on(`b`.`book_id` = `v`.`book_id`)) left join `publishers` `p` on(`b`.`publisher_id` = `p`.`publisher_id`)) left join `authors` `a` on(`b`.`author_id` = `a`.`author_id`)) left join `book_image` `bi` on(`b`.`book_id` = `bi`.`book_id`)) */;
/*!50001 SET character_set_client      = @saved_cs_client */;
/*!50001 SET character_set_results     = @saved_cs_results */;
/*!50001 SET collation_connection      = @saved_col_connection */;

--
-- Final view structure for view `collection_details`
--

/*!50001 DROP VIEW IF EXISTS `collection_details`*/;
/*!50001 SET @saved_cs_client          = @@character_set_client */;
/*!50001 SET @saved_cs_results         = @@character_set_results */;
/*!50001 SET @saved_col_connection     = @@collation_connection */;
/*!50001 SET character_set_client      = utf8mb4 */;
/*!50001 SET character_set_results     = utf8mb4 */;
/*!50001 SET collation_connection      = utf8mb4_general_ci */;
/*!50001 CREATE ALGORITHM=UNDEFINED */
/*!50013 DEFINER=`root`@`localhost` SQL SECURITY DEFINER */
/*!50001 VIEW `collection_details` AS select `bc`.`user_id` AS `user_id`,`bc`.`collection_id` AS `collection_id`,`bc`.`book_id` AS `book_id`,`b`.`title` AS `title`,`a`.`author_name` AS `author_name`,`bi`.`img_path` AS `img_path` from (((`book_collections` `bc` join `books` `b` on(`b`.`book_id` = `bc`.`book_id`)) join `authors` `a` on(`a`.`author_id` = `b`.`author_id`)) join `book_image` `bi` on(`bi`.`book_id` = `bc`.`book_id`)) */;
/*!50001 SET character_set_client      = @saved_cs_client */;
/*!50001 SET character_set_results     = @saved_cs_results */;
/*!50001 SET collation_connection      = @saved_col_connection */;

--
-- Final view structure for view `contribution_details`
--

/*!50001 DROP VIEW IF EXISTS `contribution_details`*/;
/*!50001 SET @saved_cs_client          = @@character_set_client */;
/*!50001 SET @saved_cs_results         = @@character_set_results */;
/*!50001 SET @saved_col_connection     = @@collation_connection */;
/*!50001 SET character_set_client      = utf8mb4 */;
/*!50001 SET character_set_results     = utf8mb4 */;
/*!50001 SET collation_connection      = utf8mb4_unicode_ci */;
/*!50001 CREATE ALGORITHM=UNDEFINED */
/*!50013 DEFINER=`root`@`localhost` SQL SECURITY DEFINER */
/*!50001 VIEW `contribution_details` AS select `uc`.`contribution_id` AS `contribution_id`,`uc`.`user_id` AS `user_id`,`uca`.`author_fullname` AS `author_fullname`,`ucc`.`category_name` AS `category_name`,`ucp`.`publisher_name` AS `publisher_name`,`uc`.`file_title` AS `file_title`,`uc`.`file_path` AS `file_path`,`ui`.`fullname` AS `fullname`,`ui`.`department` AS `department`,`uc`.`file_description` AS `file_description`,date_format(`uc`.`uploaded_date`,'%M %e, %Y') AS `uploaded_date`,`uc`.`file_total_downloads` AS `file_total_downloads`,`uc`.`file_status` AS `file_status`,`uc`.`user_status` AS `user_status` from ((((`user_contribution` `uc` left join `user_contribution_authors` `uca` on(`uca`.`author_id` = `uc`.`file_author_id`)) left join `user_contribution_category` `ucc` on(`ucc`.`category_id` = `uc`.`file_category_id`)) left join `user_contribution_publisher` `ucp` on(`ucp`.`publisher_id` = `uc`.`file_publisher_id`)) left join `user_info` `ui` on(`ui`.`user_id` = `uc`.`user_id`)) */;
/*!50001 SET character_set_client      = @saved_cs_client */;
/*!50001 SET character_set_results     = @saved_cs_results */;
/*!50001 SET collation_connection      = @saved_col_connection */;

--
-- Final view structure for view `fines_and_fees_summary`
--

/*!50001 DROP VIEW IF EXISTS `fines_and_fees_summary`*/;
/*!50001 SET @saved_cs_client          = @@character_set_client */;
/*!50001 SET @saved_cs_results         = @@character_set_results */;
/*!50001 SET @saved_col_connection     = @@collation_connection */;
/*!50001 SET character_set_client      = utf8mb4 */;
/*!50001 SET character_set_results     = utf8mb4 */;
/*!50001 SET collation_connection      = utf8mb4_unicode_ci */;
/*!50001 CREATE ALGORITHM=UNDEFINED */
/*!50013 DEFINER=`root`@`localhost` SQL SECURITY DEFINER */
/*!50001 VIEW `fines_and_fees_summary` AS select `bt`.`transaction_id` AS `transaction_id`,`bt`.`user_id` AS `user_id`,`ui`.`fullname` AS `fullname`,`ui`.`department` AS `department`,`ui`.`role` AS `role`,`b`.`title` AS `title`,`ff`.`fine_type` AS `fine_type`,sum(`ff`.`fine_amount`) AS `total_fines_and_fees`,`ff`.`status` AS `status`,date_format(`bt`.`due_date`,'%M %e, %Y') AS `due_date`,date_format(`ff`.`fine_date`,'%M %e, %Y') AS `fine_date` from (((`fines_and_fees` `ff` left join `book_transactions` `bt` on(`bt`.`transaction_id` = `ff`.`transaction_id`)) left join `user_info` `ui` on(`bt`.`user_id` = `ui`.`user_id`)) left join `books` `b` on(`b`.`book_id` = `bt`.`book_id`)) group by `bt`.`transaction_id`,`b`.`title`,`bt`.`user_id`,`ui`.`fullname`,`ui`.`department`,`ui`.`role`,`ff`.`status`,`bt`.`due_date` */;
/*!50001 SET character_set_client      = @saved_cs_client */;
/*!50001 SET character_set_results     = @saved_cs_results */;
/*!50001 SET collation_connection      = @saved_col_connection */;

--
-- Final view structure for view `holds_details`
--

/*!50001 DROP VIEW IF EXISTS `holds_details`*/;
/*!50001 SET @saved_cs_client          = @@character_set_client */;
/*!50001 SET @saved_cs_results         = @@character_set_results */;
/*!50001 SET @saved_col_connection     = @@collation_connection */;
/*!50001 SET character_set_client      = utf8mb4 */;
/*!50001 SET character_set_results     = utf8mb4 */;
/*!50001 SET collation_connection      = utf8mb4_unicode_ci */;
/*!50001 CREATE ALGORITHM=UNDEFINED */
/*!50013 DEFINER=`root`@`localhost` SQL SECURITY DEFINER */
/*!50001 VIEW `holds_details` AS select `bh`.`hold_id` AS `hold_id`,`bh`.`pending_transaction_id` AS `pending_transaction_id`,`b`.`title` AS `title`,`a`.`author_name` AS `author_name`,`ui`.`fullname` AS `fullname`,`ui`.`department` AS `department`,`ui`.`role` AS `role`,`bh`.`hold_status` AS `hold_status`,date_format(`pt`.`request_date`,'%M %e, %Y') AS `requested_date`,date_format(`bh`.`created_at`,'%M %e, %Y') AS `approve_date` from ((((`book_holds` `bh` left join `user_info` `ui` on(`ui`.`user_id` = `bh`.`user_id`)) left join `books` `b` on(`b`.`book_id` = `bh`.`book_id`)) left join `authors` `a` on(`a`.`author_id` = `b`.`author_id`)) left join `pending_transactions` `pt` on(`pt`.`pending_transaction_id` = `bh`.`pending_transaction_id`)) */;
/*!50001 SET character_set_client      = @saved_cs_client */;
/*!50001 SET character_set_results     = @saved_cs_results */;
/*!50001 SET collation_connection      = @saved_col_connection */;

--
-- Final view structure for view `instructor_recommendations_details`
--

/*!50001 DROP VIEW IF EXISTS `instructor_recommendations_details`*/;
/*!50001 SET @saved_cs_client          = @@character_set_client */;
/*!50001 SET @saved_cs_results         = @@character_set_results */;
/*!50001 SET @saved_col_connection     = @@collation_connection */;
/*!50001 SET character_set_client      = utf8mb4 */;
/*!50001 SET character_set_results     = utf8mb4 */;
/*!50001 SET collation_connection      = utf8mb4_unicode_ci */;
/*!50001 CREATE ALGORITHM=UNDEFINED */
/*!50013 DEFINER=`root`@`localhost` SQL SECURITY DEFINER */
/*!50001 VIEW `instructor_recommendations_details` AS select `ir`.`recommendation_id` AS `recommendation_id`,`ui`.`user_id` AS `user_id`,`b`.`book_id` AS `book_id`,`ui`.`fullname` AS `fullname`,`ui`.`department` AS `department`,`bi`.`img_path` AS `img_path`,`b`.`title` AS `title`,`au`.`author_name` AS `author_name`,`b`.`total_checkedout` AS `total_checkedout`,`ir`.`recommendation_status` AS `recommendation_status`,`ir`.`visibility` AS `visibility` from ((((`instructor_recommendations` `ir` left join `books` `b` on(`b`.`book_id` = `ir`.`recommended_book_id`)) left join `user_info` `ui` on(`ui`.`user_id` = `ir`.`instructor_id`)) left join `authors` `au` on(`au`.`author_id` = `b`.`author_id`)) left join `book_image` `bi` on(`bi`.`book_id` = `b`.`book_id`)) */;
/*!50001 SET character_set_client      = @saved_cs_client */;
/*!50001 SET character_set_results     = @saved_cs_results */;
/*!50001 SET collation_connection      = @saved_col_connection */;

--
-- Final view structure for view `librarian_details`
--

/*!50001 DROP VIEW IF EXISTS `librarian_details`*/;
/*!50001 SET @saved_cs_client          = @@character_set_client */;
/*!50001 SET @saved_cs_results         = @@character_set_results */;
/*!50001 SET @saved_col_connection     = @@collation_connection */;
/*!50001 SET character_set_client      = utf8mb4 */;
/*!50001 SET character_set_results     = utf8mb4 */;
/*!50001 SET collation_connection      = utf8mb4_general_ci */;
/*!50001 CREATE ALGORITHM=UNDEFINED */
/*!50013 DEFINER=`root`@`localhost` SQL SECURITY DEFINER */
/*!50001 VIEW `librarian_details` AS select `l`.`librarian_id` AS `librarian_id`,`l`.`firstname` AS `firstname`,`l`.`middlename` AS `middlename`,`l`.`lastname` AS `lastname`,`li`.`email_address` AS `email_address`,`li`.`phone_number` AS `phone_number`,`li`.`hobbies` AS `hobbies`,`li`.`description` AS `description`,`la`.`street_address` AS `street_address`,`la`.`city` AS `city`,`la`.`state_province_region` AS `state_province_region`,`la`.`postal_code` AS `postal_code`,`la`.`address_type` AS `address_type`,`ll`.`username` AS `username`,`ll`.`privilege` AS `privilege` from (`librarian_login` `ll` left join ((`librarian` `l` left join `librarian_info` `li` on(`l`.`librarian_id` = `li`.`librarian_id`)) left join `librarian_address` `la` on(`l`.`librarian_id` = `la`.`librarian_id`)) on(`l`.`librarian_id` = `ll`.`librarian_id`)) */;
/*!50001 SET character_set_client      = @saved_cs_client */;
/*!50001 SET character_set_results     = @saved_cs_results */;
/*!50001 SET collation_connection      = @saved_col_connection */;

--
-- Final view structure for view `notification_librarian`
--

/*!50001 DROP VIEW IF EXISTS `notification_librarian`*/;
/*!50001 SET @saved_cs_client          = @@character_set_client */;
/*!50001 SET @saved_cs_results         = @@character_set_results */;
/*!50001 SET @saved_col_connection     = @@collation_connection */;
/*!50001 SET character_set_client      = utf8mb4 */;
/*!50001 SET character_set_results     = utf8mb4 */;
/*!50001 SET collation_connection      = utf8mb4_general_ci */;
/*!50001 CREATE ALGORITHM=UNDEFINED */
/*!50013 DEFINER=`root`@`localhost` SQL SECURITY DEFINER */
/*!50001 VIEW `notification_librarian` AS select `ln2`.`notification_id` AS `notification_id`,`ui`.`fullname` AS `fullname`,`ln2`.`message` AS `message`,`ln2`.`notification_type` AS `notification_type`,date_format(`ln2`.`notification_date`,'%M %e, %Y') AS `notification_date`,`ln2`.`status` AS `status` from (`librarian_notifications` `ln2` join `user_info` `ui` on(`ui`.`user_id` = `ln2`.`user_id`)) order by date_format(`ln2`.`notification_date`,'%M %e, %Y') desc,case when `ln2`.`status` = 'unread' then 1 else 2 end */;
/*!50001 SET character_set_client      = @saved_cs_client */;
/*!50001 SET character_set_results     = @saved_cs_results */;
/*!50001 SET collation_connection      = @saved_col_connection */;

--
-- Final view structure for view `online_department`
--

/*!50001 DROP VIEW IF EXISTS `online_department`*/;
/*!50001 SET @saved_cs_client          = @@character_set_client */;
/*!50001 SET @saved_cs_results         = @@character_set_results */;
/*!50001 SET @saved_col_connection     = @@collation_connection */;
/*!50001 SET character_set_client      = utf8mb4 */;
/*!50001 SET character_set_results     = utf8mb4 */;
/*!50001 SET collation_connection      = utf8mb4_unicode_ci */;
/*!50001 CREATE ALGORITHM=UNDEFINED */
/*!50013 DEFINER=`root`@`localhost` SQL SECURITY DEFINER */
/*!50001 VIEW `online_department` AS select `ui`.`department` AS `department`,`ll`.`status` AS `status`,date_format(`ll`.`date_login`,'%M %e, %Y') AS `date_login` from (`login_logs` `ll` join `user_info` `ui` on(`ui`.`user_id` = `ll`.`user_id`)) */;
/*!50001 SET character_set_client      = @saved_cs_client */;
/*!50001 SET character_set_results     = @saved_cs_results */;
/*!50001 SET collation_connection      = @saved_col_connection */;

--
-- Final view structure for view `presonalize_recomendations_details`
--

/*!50001 DROP VIEW IF EXISTS `presonalize_recomendations_details`*/;
/*!50001 SET @saved_cs_client          = @@character_set_client */;
/*!50001 SET @saved_cs_results         = @@character_set_results */;
/*!50001 SET @saved_col_connection     = @@collation_connection */;
/*!50001 SET character_set_client      = utf8mb4 */;
/*!50001 SET character_set_results     = utf8mb4 */;
/*!50001 SET collation_connection      = utf8mb4_unicode_ci */;
/*!50001 CREATE ALGORITHM=UNDEFINED */
/*!50013 DEFINER=`root`@`localhost` SQL SECURITY DEFINER */
/*!50001 VIEW `presonalize_recomendations_details` AS select `pr`.`recommendation_id` AS `recommendation_id`,`ui`.`user_id` AS `user_id`,`b`.`book_id` AS `book_id`,`ui`.`fullname` AS `fullname`,`ui`.`department` AS `department`,`bi`.`img_path` AS `img_path`,`b`.`title` AS `title`,`au`.`author_name` AS `author_name`,`b`.`total_checkedout` AS `total_checkedout`,`pr`.`recommendation_status` AS `recommendation_status` from ((((`personal_recommendations` `pr` left join `books` `b` on(`b`.`book_id` = `pr`.`recommended_book_id`)) left join `user_info` `ui` on(`ui`.`user_id` = `pr`.`user_id`)) left join `authors` `au` on(`au`.`author_id` = `b`.`author_id`)) left join `book_image` `bi` on(`bi`.`book_id` = `b`.`book_id`)) */;
/*!50001 SET character_set_client      = @saved_cs_client */;
/*!50001 SET character_set_results     = @saved_cs_results */;
/*!50001 SET collation_connection      = @saved_col_connection */;

--
-- Final view structure for view `recomendations_details`
--

/*!50001 DROP VIEW IF EXISTS `recomendations_details`*/;
/*!50001 SET @saved_cs_client          = @@character_set_client */;
/*!50001 SET @saved_cs_results         = @@character_set_results */;
/*!50001 SET @saved_col_connection     = @@collation_connection */;
/*!50001 SET character_set_client      = utf8mb4 */;
/*!50001 SET character_set_results     = utf8mb4 */;
/*!50001 SET collation_connection      = utf8mb4_unicode_ci */;
/*!50001 CREATE ALGORITHM=UNDEFINED */
/*!50013 DEFINER=`root`@`localhost` SQL SECURITY DEFINER */
/*!50001 VIEW `recomendations_details` AS select `ir`.`recommendation_id` AS `recommendation_id`,`ui`.`fullname` AS `fullname`,`ui`.`department` AS `department`,`b`.`title` AS `title`,`b`.`total_checkedout` AS `total_checkedout`,`ir`.`recommendation_status` AS `recommendation_status`,`ir`.`visibility` AS `visibility` from ((`instructor_recommendations` `ir` left join `books` `b` on(`b`.`book_id` = `ir`.`recommended_book_id`)) left join `user_info` `ui` on(`ui`.`user_id` = `ir`.`instructor_id`)) */;
/*!50001 SET character_set_client      = @saved_cs_client */;
/*!50001 SET character_set_results     = @saved_cs_results */;
/*!50001 SET collation_connection      = @saved_col_connection */;

--
-- Final view structure for view `renewal_details`
--

/*!50001 DROP VIEW IF EXISTS `renewal_details`*/;
/*!50001 SET @saved_cs_client          = @@character_set_client */;
/*!50001 SET @saved_cs_results         = @@character_set_results */;
/*!50001 SET @saved_col_connection     = @@collation_connection */;
/*!50001 SET character_set_client      = utf8mb4 */;
/*!50001 SET character_set_results     = utf8mb4 */;
/*!50001 SET collation_connection      = utf8mb4_unicode_ci */;
/*!50001 CREATE ALGORITHM=UNDEFINED */
/*!50013 DEFINER=`root`@`localhost` SQL SECURITY DEFINER */
/*!50001 VIEW `renewal_details` AS select `br`.`renewal_id` AS `renewal_id`,`bt`.`transaction_id` AS `transaction_id`,`ui`.`user_id` AS `user_id`,`ui`.`fullname` AS `fullname`,`ui`.`department` AS `department`,`b`.`title` AS `title`,`br`.`renewal_days` AS `renewal_days`,date_format(`bt`.`due_date`,'%M %e, %Y') AS `original_due_date`,date_format(`bt`.`due_date` + interval `br`.`renewal_days` day,'%M %e, %Y') AS `new_due_date`,`br`.`approval_status` AS `approval_status` from (((`book_renewals` `br` join `book_transactions` `bt` on(`br`.`transaction_id` = `bt`.`transaction_id`)) join `user_info` `ui` on(`bt`.`user_id` = `ui`.`user_id`)) join `books` `b` on(`bt`.`book_id` = `b`.`book_id`)) */;
/*!50001 SET character_set_client      = @saved_cs_client */;
/*!50001 SET character_set_results     = @saved_cs_results */;
/*!50001 SET collation_connection      = @saved_col_connection */;

--
-- Final view structure for view `transactions_book`
--

/*!50001 DROP VIEW IF EXISTS `transactions_book`*/;
/*!50001 SET @saved_cs_client          = @@character_set_client */;
/*!50001 SET @saved_cs_results         = @@character_set_results */;
/*!50001 SET @saved_col_connection     = @@collation_connection */;
/*!50001 SET character_set_client      = utf8mb4 */;
/*!50001 SET character_set_results     = utf8mb4 */;
/*!50001 SET collation_connection      = utf8mb4_unicode_ci */;
/*!50001 CREATE ALGORITHM=UNDEFINED */
/*!50013 DEFINER=`root`@`localhost` SQL SECURITY DEFINER */
/*!50001 VIEW `transactions_book` AS select `bt`.`transaction_id` AS `transaction_id`,`bt`.`user_id` AS `user_id`,`b`.`title` AS `title`,`a`.`author_name` AS `author_name`,`ui`.`fullname` AS `fullname`,`ui`.`department` AS `department`,`bt`.`transaction_type` AS `transaction_type`,date_format(`bt`.`transaction_date`,'%M %e, %Y') AS `transaction_date`,date_format(`bt`.`due_date`,'%M %e, %Y') AS `due_date`,`bt`.`status` AS `status`,date_format(`bt`.`updated_at`,'%M %e, %Y') AS `last_date`,`bi`.`img_path` AS `img_path` from ((((`book_transactions` `bt` join `books` `b` on(`b`.`book_id` = `bt`.`book_id`)) join `user_info` `ui` on(`ui`.`user_id` = `bt`.`user_id`)) join `authors` `a` on(`a`.`author_id` = `b`.`author_id`)) join `book_image` `bi` on(`bi`.`book_id` = `bt`.`book_id`)) */;
/*!50001 SET character_set_client      = @saved_cs_client */;
/*!50001 SET character_set_results     = @saved_cs_results */;
/*!50001 SET collation_connection      = @saved_col_connection */;

--
-- Final view structure for view `transactions_pending`
--

/*!50001 DROP VIEW IF EXISTS `transactions_pending`*/;
/*!50001 SET @saved_cs_client          = @@character_set_client */;
/*!50001 SET @saved_cs_results         = @@character_set_results */;
/*!50001 SET @saved_col_connection     = @@collation_connection */;
/*!50001 SET character_set_client      = utf8mb4 */;
/*!50001 SET character_set_results     = utf8mb4 */;
/*!50001 SET collation_connection      = utf8mb4_unicode_ci */;
/*!50001 CREATE ALGORITHM=UNDEFINED */
/*!50013 DEFINER=`root`@`localhost` SQL SECURITY DEFINER */
/*!50001 VIEW `transactions_pending` AS select `pt`.`pending_transaction_id` AS `pending_transaction_id`,`pt`.`user_id` AS `user_id`,`b`.`title` AS `title`,`ui`.`fullname` AS `fullname`,`ui`.`department` AS `department`,`pt`.`transaction_type` AS `transaction_type`,`pt`.`status` AS `status`,date_format(`pt`.`request_date`,'%M %e, %Y') AS `request_date`,date_format(`pt`.`approve_date`,'%M %e, %Y') AS `approve_date`,`bi`.`img_path` AS `img_path` from (((`pending_transactions` `pt` join `books` `b` on(`b`.`book_id` = `pt`.`book_id`)) join `user_info` `ui` on(`ui`.`user_id` = `pt`.`user_id`)) join `book_image` `bi` on(`bi`.`book_id` = `pt`.`book_id`)) */;
/*!50001 SET character_set_client      = @saved_cs_client */;
/*!50001 SET character_set_results     = @saved_cs_results */;
/*!50001 SET collation_connection      = @saved_col_connection */;

--
-- Final view structure for view `user_details`
--

/*!50001 DROP VIEW IF EXISTS `user_details`*/;
/*!50001 SET @saved_cs_client          = @@character_set_client */;
/*!50001 SET @saved_cs_results         = @@character_set_results */;
/*!50001 SET @saved_col_connection     = @@collation_connection */;
/*!50001 SET character_set_client      = utf8mb4 */;
/*!50001 SET character_set_results     = utf8mb4 */;
/*!50001 SET collation_connection      = utf8mb4_unicode_ci */;
/*!50001 CREATE ALGORITHM=UNDEFINED */
/*!50013 DEFINER=`root`@`localhost` SQL SECURITY DEFINER */
/*!50001 VIEW `user_details` AS select `ui`.`user_id` AS `user_id`,`ui`.`fullname` AS `fullname`,`ui`.`id_number` AS `id_number`,`ui`.`department` AS `department`,`ul`.`email_address` AS `email_address`,`upp`.`img_path` AS `img_path`,`ui`.`user_status` AS `user_status`,date_format(`ui`.`created_at`,'%M %e, %Y') AS `created_at`,date_format(`ui`.`updated_at`,'%M %e, %Y') AS `updated_at`,sum(`faf`.`total_fines_and_fees`) AS `total_amount`,date_format(`ui`.`edited_at`,'%M %e, %Y') AS `edited_at` from (((`user_info` `ui` left join `user_login` `ul` on(`ui`.`user_id` = `ul`.`user_id`)) left join `user_profile_pic` `upp` on(`ui`.`user_id` = `upp`.`user_id`)) left join `fines_and_fees_summary` `faf` on(`faf`.`user_id` = `ui`.`user_id`)) group by `ui`.`user_id` */;
/*!50001 SET character_set_client      = @saved_cs_client */;
/*!50001 SET character_set_results     = @saved_cs_results */;
/*!50001 SET collation_connection      = @saved_col_connection */;

--
-- Final view structure for view `user_notifications`
--

/*!50001 DROP VIEW IF EXISTS `user_notifications`*/;
/*!50001 SET @saved_cs_client          = @@character_set_client */;
/*!50001 SET @saved_cs_results         = @@character_set_results */;
/*!50001 SET @saved_col_connection     = @@collation_connection */;
/*!50001 SET character_set_client      = utf8mb4 */;
/*!50001 SET character_set_results     = utf8mb4 */;
/*!50001 SET collation_connection      = utf8mb4_general_ci */;
/*!50001 CREATE ALGORITHM=UNDEFINED */
/*!50013 DEFINER=`root`@`localhost` SQL SECURITY DEFINER */
/*!50001 VIEW `user_notifications` AS select `n`.`notification_id` AS `notification_id`,`n`.`user_id` AS `user_id`,`n`.`message` AS `message`,date_format(`n`.`creation_date`,'%M %e, %Y') AS `notification_date`,`n`.`status` AS `status` from `notifications` `n` order by `n`.`creation_date` desc,case when `n`.`status` = 'unread' then 1 else 2 end */;
/*!50001 SET character_set_client      = @saved_cs_client */;
/*!50001 SET character_set_results     = @saved_cs_results */;
/*!50001 SET collation_connection      = @saved_col_connection */;
/*!40103 SET TIME_ZONE=@OLD_TIME_ZONE */;

/*!40101 SET SQL_MODE=@OLD_SQL_MODE */;
/*!40014 SET FOREIGN_KEY_CHECKS=@OLD_FOREIGN_KEY_CHECKS */;
/*!40014 SET UNIQUE_CHECKS=@OLD_UNIQUE_CHECKS */;
/*!40101 SET CHARACTER_SET_CLIENT=@OLD_CHARACTER_SET_CLIENT */;
/*!40101 SET CHARACTER_SET_RESULTS=@OLD_CHARACTER_SET_RESULTS */;
/*!40101 SET COLLATION_CONNECTION=@OLD_COLLATION_CONNECTION */;
/*!40111 SET SQL_NOTES=@OLD_SQL_NOTES */;

-- Dump completed on 2023-12-15 13:58:12
